1,Bitcoin,BTC,$6700956771,$508.29,13183450,https://coinmarketcap.com/currencies/bitcoin/
2,Litecoin,LTC,$171314705,$5.45,31426751,https://coinmarketcap.com/currencies/litecoin/
3,BitShares,BTS,$60734529,$0.030368,1999938671,https://coinmarketcap.com/currencies/bitshares/
4,XRP,XRP,$42530527,$0.005154,8252600677,https://coinmarketcap.com/currencies/ripple/
5,Nxt,NXT,$29476086,$0.029476,999997096,https://coinmarketcap.com/currencies/nxt/
6,Peercoin,PPC,$19445509,$0.897632,21663113,https://coinmarketcap.com/currencies/peercoin/
7,Dash,DASH,$14168313,$3.09,4587779,https://coinmarketcap.com/currencies/dash/
8,Dogecoin,DOGE,$11429879,$0.000126,90526038777,https://coinmarketcap.com/currencies/dogecoin/
9,Namecoin,NMC,$10894855,$1.13,9643550,https://coinmarketcap.com/currencies/namecoin/
10,MaidSafeCoin,MAID,$8265071,$0.018263,452552412,https://coinmarketcap.com/currencies/maidsafecoin/
11,Monero,XMR,$5825909,$1.95,2993008,https://coinmarketcap.com/currencies/monero/
12,BitShares PTS,PTS,$5516909,$3.24,1701672,https://coinmarketcap.com/currencies/bitshares-pts/
13,Counterparty,XCP,$4583369,$1.73,2648351,https://coinmarketcap.com/currencies/counterparty/
14,XCurrency,XC,$4455350,$0.805676,5529952,https://coinmarketcap.com/currencies/xcurrency/
15,BitcoinDark,BTCD,$4125401,$3.49,1181321,https://coinmarketcap.com/currencies/bitcoindark/
16,BlackCoin,BLK,$3766675,$0.050453,74656689,https://coinmarketcap.com/currencies/blackcoin/
17,ReddCoin,RDD,$2332380,$0.000086,26991375008,https://coinmarketcap.com/currencies/reddcoin/
18,Stellar,XLM,$2328446,$0.002232,1043131550,https://coinmarketcap.com/currencies/stellar/
19,MonaCoin,MONA,$2055742,$0.182262,11279050,https://coinmarketcap.com/currencies/monacoin/
20,Quark,QRK,$1661341,$0.006695,248146391,https://coinmarketcap.com/currencies/quark/
21,Feathercoin,FTC,$1528857,$0.028740,53196530,https://coinmarketcap.com/currencies/feathercoin/
22,Zetacoin,ZET,$1524378,$0.009478,160825745,https://coinmarketcap.com/currencies/zetacoin/
23,Primecoin,XPM,$1450525,$0.210140,6902653,https://coinmarketcap.com/currencies/primecoin/
24,Viacoin,VIA,$1448873,$0.135567,10687535,https://coinmarketcap.com/currencies/viacoin/
25,VeriCoin,VRC,$1347658,$0.050235,26826963,https://coinmarketcap.com/currencies/vericoin/
26,Fuzon,FZN,$1231755,$1.39,885245,https://coinmarketcap.com/currencies/fuzon/
27,GameLeagueCoin,GML,$972988,$0.001946,500000000,https://coinmarketcap.com/currencies/gameleaguecoin/
28,Crypti,XCR,$956495,$0.009565,100000000,https://coinmarketcap.com/currencies/crypti/
29,Infinitecoin,IFC,$939594,$0.000010,90591007261,https://coinmarketcap.com/currencies/infinitecoin/
30,YbCoin,YBC,$914454,$0.482420,1895556,https://coinmarketcap.com/currencies/ybcoin/
31,Vertcoin,VTC,$886936,$0.122313,7251350,https://coinmarketcap.com/currencies/vertcoin/
32,Qora,QORA,$782507,$0.000078,10000000000,https://coinmarketcap.com/currencies/qora/
33,Maxcoin,MAX,$760252,$0.022401,33937776,https://coinmarketcap.com/currencies/maxcoin/
34,Megacoin,MEC,$752754,$0.030198,24927175,https://coinmarketcap.com/currencies/megacoin/
35,Novacoin,NVC,$738888,$0.925255,798578,https://coinmarketcap.com/currencies/novacoin/
36,Syscoin,SYS,$707417,$0.001935,365564382,https://coinmarketcap.com/currencies/syscoin/
37,Pandacoin,PND,$663088,$0.000021,32167784819,https://coinmarketcap.com/currencies/pandacoin-pnd/
38,PotCoin,POT,$653653,$0.004530,144302809,https://coinmarketcap.com/currencies/potcoin/
39,Ixcoin,IXC,$627858,$0.030438,20627426,https://coinmarketcap.com/currencies/ixcoin/
40,jl777hodl,JLH,$618980,$0.061898,10000000,https://coinmarketcap.com/currencies/jl777hodl/
41,CloakCoin,CLOAK,$601293,$0.132870,4525408,https://coinmarketcap.com/currencies/cloakcoin/
42,Sync,SYNC,$586793,$515.66,1138,https://coinmarketcap.com/currencies/sync/
43,FIMKrypto,FIMK,$542918,$0.001464,370879998,https://coinmarketcap.com/currencies/fimkrypto/
44,NEMstake,NEM,$534551,$689.74,775,https://coinmarketcap.com/currencies/nemstake/
45,DigitalNote,XDN,$495307,$0.000086,5771187142,https://coinmarketcap.com/currencies/digitalnote/
46,ShadowCash,SDC,$490557,$0.076247,6433774,https://coinmarketcap.com/currencies/shadowcash/
47,DNotes,NOTE,$486601,$0.005391,90257826,https://coinmarketcap.com/currencies/dnotes/
48,WorldCoin,WDC,$452227,$0.007178,63001896,https://coinmarketcap.com/currencies/worldcoin/
49,Karmacoin,KARMA,$440486,$0.000007,60548349065,https://coinmarketcap.com/currencies/karmacoin/
50,NautilusCoin,NAUT,$396752,$0.081526,4866586,https://coinmarketcap.com/currencies/nautiluscoin/
51,Anoncoin,ANC,$361650,$0.313592,1153249,https://coinmarketcap.com/currencies/anoncoin/
52,Nxttycoin,NXTTY,$353714,$0.001769,200000000,https://coinmarketcap.com/currencies/nxttycoin/
53,Razor,RZR,$330798,$0.165963,1993197,https://coinmarketcap.com/currencies/razor/
54,CannabisCoin,CANN,$301091,$0.003950,76217400,https://coinmarketcap.com/currencies/cannabiscoin/
55,Librexcoin,LXC,$287175,$0.029465,9746206,https://coinmarketcap.com/currencies/librexcoin/
56,Uro,URO,$284167,$0.489700,580288,https://coinmarketcap.com/currencies/uro/
57,MintCoin,MINT,$269866,$0.000014,19713648832,https://coinmarketcap.com/currencies/mintcoin/
58,I/O Coin,IOC,$261248,$0.016315,16012400,https://coinmarketcap.com/currencies/iocoin/
59,CAPTcoin,CAPT,$236396,$0.011816,20006449,https://coinmarketcap.com/currencies/captcoin/
60,Terracoin,TRC,$195631,$0.029578,6614136,https://coinmarketcap.com/currencies/terracoin/
61,SuperCoin,SUPER,$186009,$0.012620,14739465,https://coinmarketcap.com/currencies/supercoin/
62,Hyper,HYPER,$184135,$0.057370,3209589,https://coinmarketcap.com/currencies/hyper/
63,HoboNickels,HBN,$179842,$0.030573,5882293,https://coinmarketcap.com/currencies/hobonickels/
64,XxXcoin,XXX,$166965,$0.004578,36472868,https://coinmarketcap.com/currencies/xxxcoin/
65,SaffronCoin,SFR,$163357,$0.012108,13491592,https://coinmarketcap.com/currencies/saffroncoin/
66,Myriad,XMY,$162994,$0.000309,527615000,https://coinmarketcap.com/currencies/myriad/
67,Gulden,NLG,$158357,$0.001499,105671000,https://coinmarketcap.com/currencies/gulden/
68,Stealth,XST,$154828,$0.007411,20892223,https://coinmarketcap.com/currencies/stealth/
69,Halcyon,HAL,$152326,$0.096590,1577047,https://coinmarketcap.com/currencies/halcyon/
70,PinkCoin,PINK,$151236,$0.000415,364097650,https://coinmarketcap.com/currencies/pinkcoin/
71,Applecoin,APC,$140317,$0.007150,19624525,https://coinmarketcap.com/currencies/applecoin/
72,ZcCoin,ZCC,$128032,$0.007378,17352849,https://coinmarketcap.com/currencies/zccoin/
73,WankCoin,WKC,$127533,$0.048915,2607250,https://coinmarketcap.com/currencies/wankcoin/
74,BlueCoin,BLU,$124931,$0.000235,532434196,https://coinmarketcap.com/currencies/bluecoin/
75,NavCoin,NAV,$118563,$0.002077,57095206,https://coinmarketcap.com/currencies/nav-coin/
76,Digitalcoin,DGC,$118023,$0.007059,16719253,https://coinmarketcap.com/currencies/digitalcoin/
77,UltraCoin,UTC,$117728,$0.006486,18151079,https://coinmarketcap.com/currencies/ultracoin/
78,Datacoin,DTC,$103844,$0.060604,1713492,https://coinmarketcap.com/currencies/datacoin/
79,KeyCoin,KEY,$103454,$0.113174,914116,https://coinmarketcap.com/currencies/keycoin/
80,AeroMe,AM,$99544,$0.014034,7093144,https://coinmarketcap.com/currencies/aerocoin/
81,FlutterCoin,FLT,$97624,$0.000483,202180372,https://coinmarketcap.com/currencies/fluttercoin/
82,GreenBacks,GB,$97185,$0.004859,20000120,https://coinmarketcap.com/currencies/greenbacks/
83,Boolberry,BBR,$96930,$0.081576,1188213,https://coinmarketcap.com/currencies/boolberry/
84,Isracoin,ISR,$85075,$0.007256,11725562,https://coinmarketcap.com/currencies/isracoin/
85,Memorycoin,MMC,$84745,$0.009176,9235614,https://coinmarketcap.com/currencies/memorycoin/
86,RawCoin,RAW,$83824,$0.014532,5768300,https://coinmarketcap.com/currencies/rawcoin/
87,BoostCoin,BOST,$81521,$0.006959,11714064,https://coinmarketcap.com/currencies/boostcoin/
88,NobleCoin,NOBL,$80415,$0.000046,1739175000,https://coinmarketcap.com/currencies/noblecoin/
89,WhiteCoin,XWC,$78522,$0.000259,302901871,https://coinmarketcap.com/currencies/whitecoin/
90,Dirac,XDQ,$71652,$0.206445,347075,https://coinmarketcap.com/currencies/dirac/
91,Bitmark,BTM,$68791,$0.112367,612200,https://coinmarketcap.com/currencies/bitmark/
92,SolarCoin,SLR,$67845,$0.002335,29052804,https://coinmarketcap.com/currencies/solarcoin/
93,CryptCoin,CRYPT,$63950,$0.015561,4109663,https://coinmarketcap.com/currencies/cryptcoin/
94,XCloudcoin,XCLD,$58523,$0.050890,1150000,https://coinmarketcap.com/currencies/xcloudcoin/
95,Cinni,CINNI,$57641,$0.003834,15035575,https://coinmarketcap.com/currencies/cinni/
96,Qibuck,QBK,$56026,$0.111899,500681,https://coinmarketcap.com/currencies/qibuck/
97,Quatloo,QTL,$54815,$0.037542,1460103,https://coinmarketcap.com/currencies/quatloo/
98,ClusterCoin,CLSTR,$53370,$0.015249,3500000,https://coinmarketcap.com/currencies/clustercoin/
99,Mincoin,MNC,$39438,$0.022911,1721350,https://coinmarketcap.com/currencies/mincoin/
100,Talkcoin,TAC,$38458,$0.004382,8776878,https://coinmarketcap.com/currencies/talkcoin/
101,Boomcoin,BOOM,$32686,$0.003354,9745815,https://coinmarketcap.com/currencies/boomcoin/
102,ShopX,SHOPX,$32317,$0.088932,363387,https://coinmarketcap.com/currencies/shopx/
103,VootCoin,VOOT,$32093,$0.000465,68967776,https://coinmarketcap.com/currencies/vootcoin/
104,ProsperCoin,PRC,$26799,$0.029521,907770,https://coinmarketcap.com/currencies/prospercoin/
105,Cryptonite,XCN,$26333,$0.004449,5918721,https://coinmarketcap.com/currencies/cryptonite/
106,IncognitoCoin,ICG,$24097,$0.001184,20346821,https://coinmarketcap.com/currencies/incognitocoin/
107,BigBullion,BIG,$24038,$0.193149,124452,https://coinmarketcap.com/currencies/bigbullion/
108,DarkCash,DRKC,$23780,$0.006293,3779040,https://coinmarketcap.com/currencies/darkcash/
109,Pesetacoin,PTC,$22985,$0.000422,54482264,https://coinmarketcap.com/currencies/pesetacoin/
110,Startcoin,START,$20715,$0.012465,1661921,https://coinmarketcap.com/currencies/startcoin/
111,Functioncoin,FCC,$20346,$0.017277,1177680,https://coinmarketcap.com/currencies/functioncoin/
112,Bancorcoin,BNCR,$20236,$0.004339,4663552,https://coinmarketcap.com/currencies/bancorcoin/
113,MultiWalletCoin,MWC,$20042,$0.000737,27195376,https://coinmarketcap.com/currencies/multiwalletcoin/
114,AsicCoin,ASC,$18654,$0.000035,538053251,https://coinmarketcap.com/currencies/asiccoin/
115,Intellicoin,INT,$11463,$0.001930,5940761,https://coinmarketcap.com/currencies/intellicoin/
116,CRTCoin,CRT,$10011,$0.170000,58889,https://coinmarketcap.com/currencies/crtcoin/
117,ShibeCoin,SHIBE,$7648,$0.000025,300938507,https://coinmarketcap.com/currencies/shibecoin/
118,Coino,CON,$5771,$0.000203,28382484,https://coinmarketcap.com/currencies/coino/
119,Solecoin,SOLE,$4099,$0.003227,1270459,https://coinmarketcap.com/currencies/solecoin/
120,Glyph,GLYPH,$3140,$0.001862,1685884,https://coinmarketcap.com/currencies/glyph/
121,Bytecoin,BCN,$3418051,$0.000021,160576717018,https://coinmarketcap.com/currencies/bytecoin-bcn/
122,Omni,OMNI,$2479761,$4.40,563162,https://coinmarketcap.com/currencies/omni/
123,Neutrino,NTR,$1926308,$0.009149,210545045,https://coinmarketcap.com/currencies/neutrino/
124,Marinecoin,MTC,$1298911,$0.177900,7301353,https://coinmarketcap.com/currencies/marinecoin/
125,LottoShares,LTS,$814784,$0.020331,40075060,https://coinmarketcap.com/currencies/lottoshares/
126,Devcoin,DVC,$383202,$0.000051,7553370000,https://coinmarketcap.com/currencies/devcoin/
127,Unobtanium,UNO,$377027,$1.98,190377,https://coinmarketcap.com/currencies/unobtanium/
128,GoldCoin,GLC,$264170,$0.008157,32385284,https://coinmarketcap.com/currencies/goldcoin/
129,DigiByte,DGB,$250952,$0.000202,1243666067,https://coinmarketcap.com/currencies/digibyte/
130,JackpotCoin,JPC,$239403,$0.000047,5092658731,https://coinmarketcap.com/currencies/jackpotcoin/
131,TEKcoin,TEK,$239027,$0.128190,1864637,https://coinmarketcap.com/currencies/tekcoin/
132,Nas,NAS,$203265,$0.000020,10000000000,https://coinmarketcap.com/currencies/nas/
133,USDe,USDE,$165329,$0.000186,888828793,https://coinmarketcap.com/currencies/usde/
134,Scotcoin,SCOT,$160550,$0.000201,800001540,https://coinmarketcap.com/currencies/scotcoin/
135,I0Coin,I0C,$136831,$0.006679,20487149,https://coinmarketcap.com/currencies/i0coin/
136,Virtacoin,VTA,$136463,$0.000015,8949209784,https://coinmarketcap.com/currencies/virtacoin/
137,Gridcoin Classic,GRCX,$134266,$0.004649,28883023,https://coinmarketcap.com/currencies/gridcoin-classic/
138,Chancecoin,CHA,$131226,$0.254143,516347,https://coinmarketcap.com/currencies/chancecoin/
139,NetCoin,NET,$123020,$0.000426,289020912,https://coinmarketcap.com/currencies/netcoin/
140,NoirShares,NRS,$98407,$0.040393,2436273,https://coinmarketcap.com/currencies/noirshares/
141,Tickets,TIX,$95226,$0.000001,66876281414,https://coinmarketcap.com/currencies/tickets/
142,Bullion,CBX,$94165,$0.098734,953717,https://coinmarketcap.com/currencies/bullion/
143,Rubycoin,RBY,$89497,$0.004080,21934050,https://coinmarketcap.com/currencies/rubycoin/
144,CleanWaterCoin,WATER,$87547,$0.000163,538249540,https://coinmarketcap.com/currencies/cleanwatercoin/
145,Ringo,RIN,$85389,$0.001031,82825936,https://coinmarketcap.com/currencies/ringo/
146,LTBcoin,LTBC,$84622,$0.000762,110990205,https://coinmarketcap.com/currencies/ltbcoin/
147,Freicoin,FRC,$81784,$0.001779,45962594,https://coinmarketcap.com/currencies/freicoin/
148,Copperlark,CLR,$71926,$0.009316,7720449,https://coinmarketcap.com/currencies/copperlark/
149,EarthCoin,EAC,$65000,$0.000015,4207468759,https://coinmarketcap.com/currencies/earthcoin/
150,AsiaCoin,AC,$62909,$0.000328,191654343,https://coinmarketcap.com/currencies/asiacoin/
151,Yacoin,YAC,$61742,$0.002135,28925530,https://coinmarketcap.com/currencies/yacoin/
152,BattleCoin,BCX,$61248,$0.001011,60552166,https://coinmarketcap.com/currencies/battlecoin/
153,Coin2.1,C2,$60588,$0.000606,99976323,https://coinmarketcap.com/currencies/coin2-1/
154,Auroracoin,AUR,$60312,$0.034741,1736040,https://coinmarketcap.com/currencies/auroracoin/
155,HunterCoin,HUC,$59319,$0.017793,3333830,https://coinmarketcap.com/currencies/huntercoin/
156,Bitstar,BITS,$58694,$0.003695,15883599,https://coinmarketcap.com/currencies/bitstar/
157,APICoin,XAP,$58417,$0.019472,3000000,https://coinmarketcap.com/currencies/apicoin/
158,FedoraCoin,TIPS,$57645,$2.1e-07,280846322360,https://coinmarketcap.com/currencies/fedoracoin/
159,Silkcoin,SILK,$57613,$0.001333,43222370,https://coinmarketcap.com/currencies/silkcoin/
160,Mineralscoin,MIN,$55981,$0.002075,26981587,https://coinmarketcap.com/currencies/minerals/
161,MAZA,MAZA,$55532,$0.000104,534250100,https://coinmarketcap.com/currencies/mazacoin/
162,Curecoin,CURE,$55308,$0.035364,1563970,https://coinmarketcap.com/currencies/curecoin/
163,Carboncoin,CARBON,$55064,$0.000004,13588273651,https://coinmarketcap.com/currencies/carboncoin/
164,SecureCoin,SRC,$52337,$0.023070,2268625,https://coinmarketcap.com/currencies/securecoin/
165,UnionCoin,UNC,$51800,$0.006175,8388608,https://coinmarketcap.com/currencies/unioncoin/
166,TagCoin,TAG,$51327,$0.027609,1859061,https://coinmarketcap.com/currencies/tagcoin/
167,OctoCoin,888,$51253,$0.001789,28646079,https://coinmarketcap.com/currencies/octocoin/
168,Colossuscoin,COL,$51169,$1.6e-07,312889440517,https://coinmarketcap.com/currencies/colossuscoin/
169,RedCoin,RED,$51051,$0.001121,45529946,https://coinmarketcap.com/currencies/redcoin/
170,NFDCoin,NFD,$50829,$0.000010,5000000000,https://coinmarketcap.com/currencies/nfdcoin/
171,Emercoin,EMC,$50301,$0.001525,32987150,https://coinmarketcap.com/currencies/emercoin/
172,Diem,DIEM,$49941,$0.000002,21624787023,https://coinmarketcap.com/currencies/diem/
173,Quebecoin,QBC,$45303,$0.001982,22853764,https://coinmarketcap.com/currencies/quebecoin/
174,Sexcoin,SXC,$44306,$0.000566,78346801,https://coinmarketcap.com/currencies/sexcoin/
175,Groestlcoin,GRS,$43418,$0.000864,50246772,https://coinmarketcap.com/currencies/groestlcoin/
176,Orbitcoin,ORB,$42188,$0.026117,1615347,https://coinmarketcap.com/currencies/orbitcoin/
177,QubitCoin,Q2C,$39928,$0.000163,245484928,https://coinmarketcap.com/currencies/qubitcoin/
178,CasinoCoin,CSC,$39759,$0.001383,28757705,https://coinmarketcap.com/currencies/casinocoin/
179,BBQCoin,BQC,$39704,$0.001094,36277618,https://coinmarketcap.com/currencies/bbqcoin/
180,Bottlecaps,CAP,$38953,$0.007144,5452524,https://coinmarketcap.com/currencies/bottlecaps/
181,CAIx,CAIx,$38425,$0.023788,1615304,https://coinmarketcap.com/currencies/caix/
182,Riecoin,RIC,$38246,$0.006829,5600375,https://coinmarketcap.com/currencies/riecoin/
183,Mooncoin,MOON,$37300,$2.2e-07,172027029665,https://coinmarketcap.com/currencies/mooncoin/
184,Kore,KORE,$37139,$0.028037,1324627,https://coinmarketcap.com/currencies/korecoin/
185,PetroDollar,XPD,$36310,$0.000595,61056920,https://coinmarketcap.com/currencies/petrodollar/
186,BitBar,BTB,$34972,$2.67,13094,https://coinmarketcap.com/currencies/bitbar/
187,Diamond,DMD,$34235,$0.061513,556551,https://coinmarketcap.com/currencies/diamond/
188,ARCoin,AR,$33879,$0.066072,512759,https://coinmarketcap.com/currencies/arcoin/
189,Sonic,SSD,$33752,$0.001594,21173908,https://coinmarketcap.com/currencies/sonicscrewdriver/
190,ECC,ECC,$30119,$0.000002,16963625470,https://coinmarketcap.com/currencies/eccoin/
191,ContinuumCoin,CTM,$28959,$3.3e-07,88538349156,https://coinmarketcap.com/currencies/continuumcoin/
192,TeslaCoin,TES,$28412,$0.000469,60552166,https://coinmarketcap.com/currencies/teslacoin/
193,Pyramids,PYRA,$28256,$0.001449,19505359,https://coinmarketcap.com/currencies/pyramids/
194,Fastcoin,FST,$26795,$0.000295,90803755,https://coinmarketcap.com/currencies/fastcoin/
195,FairCoin,FAIR,$25424,$0.000508,50018932,https://coinmarketcap.com/currencies/faircoin/
196,Kumacoin,KUMA,$25369,$0.000214,118526492,https://coinmarketcap.com/currencies/kumacoin/
197,Plankton,FOOD,$24838,$0.000025,1000244392,https://coinmarketcap.com/currencies/plankton/
198,HyperStake,HYP,$24746,$0.001790,13824504,https://coinmarketcap.com/currencies/hyperstake/
199,Aricoin,ARI,$24666,$0.000264,93323778,https://coinmarketcap.com/currencies/aricoin/
200,Blakecoin,BLC,$24185,$0.006608,3660050,https://coinmarketcap.com/currencies/blakecoin/
201,Pesa,PES,$23380,$0.001169,19999273,https://coinmarketcap.com/currencies/pesa/
202,BritCoin,BRIT,$23374,$0.002160,10820191,https://coinmarketcap.com/currencies/britcoin/
203,HempCoin,THC,$23002,$0.000198,116036291,https://coinmarketcap.com/currencies/hempcoin/
204,Zeitcoin,ZEIT,$22200,$8.2e-07,27150028368,https://coinmarketcap.com/currencies/zeitcoin/
205,Murraycoin,MRY,$21966,$0.000844,26033158,https://coinmarketcap.com/currencies/murraycoin/
206,Judgecoin,JUDGE,$21934,$0.001906,11507285,https://coinmarketcap.com/currencies/judgecoin/
207,Particle,PRT,$21790,$0.000030,714506932,https://coinmarketcap.com/currencies/particle/
208,Execoin,EXE,$20506,$0.001279,16026611,https://coinmarketcap.com/currencies/execoin/
209,NTX,NTX,$20331,$0.000020,1000000000,https://coinmarketcap.com/currencies/ntx/
210,42-coin,42,$20318,$1693.19,12.0,https://coinmarketcap.com/currencies/42-coin/
211,Einsteinium,EMC2,$20254,$0.000154,131897377,https://coinmarketcap.com/currencies/einsteinium/
212,Altcoin,ATC,$19738,$0.000864,22842368,https://coinmarketcap.com/currencies/altcoin/
213,Philosopher Stones,PHS,$19648,$0.009195,2136823,https://coinmarketcap.com/currencies/philosopher-stones/
214,Deutsche eMark,DEM,$18528,$0.001640,11295700,https://coinmarketcap.com/currencies/deutsche-emark/
215,GrandCoin,GDC,$18363,$0.000046,402269934,https://coinmarketcap.com/currencies/grandcoin/
216,LottoCoin,LOT,$18350,$0.000001,14491014421,https://coinmarketcap.com/currencies/lottocoin/
217,Energycoin,ENRG,$18301,$0.000164,111594547,https://coinmarketcap.com/currencies/energycoin/
218,Heavycoin,HVC,$18278,$0.000224,81725801,https://coinmarketcap.com/currencies/heavycoin/
219,Motocoin,MOTO,$18063,$0.004011,4503880,https://coinmarketcap.com/currencies/motocoin/
220,Bitcoin Plus,XBC,$17713,$0.320022,55350,https://coinmarketcap.com/currencies/bitcoin-plus/
221,StabilityShares,XSI,$17084,$0.002324,7350531,https://coinmarketcap.com/currencies/stabilityshares/
222,Saturn2Coin,SAT2,$16288,$0.002070,7867810,https://coinmarketcap.com/currencies/saturn2coin/
223,TopCoin,TOP,$16281,$7.1e-07,22974255566,https://coinmarketcap.com/currencies/topcoin/
224,VegasCoin,VGC,$16070,$0.001188,13530060,https://coinmarketcap.com/currencies/vegascoin/
225,GlobalCoin,GLC,$14761,$0.000280,52800238,https://coinmarketcap.com/currencies/globalcoin/
226,GoldReserve,XGR,$14721,$0.001154,12758838,https://coinmarketcap.com/currencies/goldreserve/
227,e-Gulden,EFL,$14677,$0.003863,3799225,https://coinmarketcap.com/currencies/e-gulden/
228,Piggycoin,PIGGY,$14444,$0.000031,473556608,https://coinmarketcap.com/currencies/piggycoin/
229,Luckycoin,LKY,$14319,$0.000839,17073915,https://coinmarketcap.com/currencies/luckycoin/
230,Kryptkoin,KTK,$13991,$0.000818,17097270,https://coinmarketcap.com/currencies/kryptkoin/
231,Dimecoin,DIME,$13893,$5.5e-08,254863392768,https://coinmarketcap.com/currencies/dimecoin/
232,BlackToken,BLKT,$13873,$0.012199,1137243,https://coinmarketcap.com/currencies/blacktoken/
233,LeafCoin,LEAF,$13464,$8.8e-07,15322977853,https://coinmarketcap.com/currencies/leafcoin/
234,Guncoin,GUN,$13277,$0.000203,65392028,https://coinmarketcap.com/currencies/guncoin/
235,OrangeCoin,OC,$13260,$0.000254,52176329,https://coinmarketcap.com/currencies/orangecoin/
236,Guerillacoin,GUE,$12846,$0.002849,4508409,https://coinmarketcap.com/currencies/guerillacoin/
237,MammothCoin,MAMM,$12721,$0.001992,6384520,https://coinmarketcap.com/currencies/mammothcoin/
238,TorCoin,TOR,$12645,$0.008331,1517732,https://coinmarketcap.com/currencies/torcoin/
239,TrustPlus,TRUST,$12476,$0.000405,30841555,https://coinmarketcap.com/currencies/trustplus/
240,Maieuticoin,MMXIV,$12390,$6.04,2052,https://coinmarketcap.com/currencies/mmxiv/
241,FlappyCoin,FLAP,$12261,$2.2e-07,56230509048,https://coinmarketcap.com/currencies/flappycoin/
242,FLO,FLO,$11856,$0.000180,65904400,https://coinmarketcap.com/currencies/flo/
243,PLNcoin,PLNC,$11722,$0.001423,8236184,https://coinmarketcap.com/currencies/plncoin/
244,LegendaryCoin,LGD,$11377,$0.002292,4962884,https://coinmarketcap.com/currencies/legendarycoin/
245,ApexCoin,APEX,$11282,$0.001853,6088065,https://coinmarketcap.com/currencies/apexcoin/
246,IcebergCoin,ICB,$11006,$0.002471,4453924,https://coinmarketcap.com/currencies/icebergcoin/
247,Greencoin,GRE,$10984,$0.000051,216091025,https://coinmarketcap.com/currencies/greencoin/
248,CommunityCoin,COMM,$10782,$0.000010,1055844417,https://coinmarketcap.com/currencies/communitycoin/
249,NewYorkCoin,NYC,$10566,$1.1e-07,96700861250,https://coinmarketcap.com/currencies/newyorkcoin/
250,Franko,FRK,$10517,$0.036248,290140,https://coinmarketcap.com/currencies/franko/
251,BetaCoin,BET,$10502,$0.000651,16141574,https://coinmarketcap.com/currencies/betacoin/
252,QuazarCoin,QCN,$10024,$0.015846,632613,https://coinmarketcap.com/currencies/quazarcoin-old/
253,ESportsCoin,ESC,$9964,$0.007624,1306937,https://coinmarketcap.com/currencies/esportscoin/
254,UnbreakableCoin,UNB,$9922,$0.006608,1501650,https://coinmarketcap.com/currencies/unbreakablecoin/
255,Animecoin,ANI,$9780,$0.000005,1924087809,https://coinmarketcap.com/currencies/animecoin/
256,CacheCoin,CACH,$9478,$0.028515,332373,https://coinmarketcap.com/currencies/cachecoin/
257,Zedcoin,ZED,$9159,$0.000813,11262360,https://coinmarketcap.com/currencies/zedcoin/
258,ArtByte,ABY,$8972,$0.000132,67892050,https://coinmarketcap.com/currencies/artbyte/
259,MyCoin,MYC,$8946,$0.000010,880000000,https://coinmarketcap.com/currencies/mycoin/
260,SmartCoin,SMC,$8888,$0.000564,15753430,https://coinmarketcap.com/currencies/smartcoin/
261,365Coin,365,$8879,$63.54,140,https://coinmarketcap.com/currencies/365coin/
262,SHACoin,SHA,$8861,$0.000025,348656095,https://coinmarketcap.com/currencies/shacoin/
263,CaliforniaCoin,CAC,$8821,$0.000004,2058600050,https://coinmarketcap.com/currencies/californiacoin/
264,Truckcoin,TRK,$8758,$0.000849,10316110,https://coinmarketcap.com/currencies/truckcoin/
265,StableCoin,SBC,$8534,$0.000572,14907532,https://coinmarketcap.com/currencies/stablecoin/
266,SpainCoin,SPA,$8429,$0.000254,33167455,https://coinmarketcap.com/currencies/spaincoin/
267,RipoffCoin,RIPO,$7847,$0.002028,3869150,https://coinmarketcap.com/currencies/ripoffcoin/
268,PseudoCash,PSEUD,$7695,$0.003522,2184686,https://coinmarketcap.com/currencies/pseudocoin/
269,Libertycoin,XLB,$7427,$0.000450,16512528,https://coinmarketcap.com/currencies/libertycoin/
270,CryptoEscudo,CESC,$7360,$0.000112,65817900,https://coinmarketcap.com/currencies/cryptoescudo/
271,XDECoin,XDE,$7167,$71.67,100,https://coinmarketcap.com/currencies/xdecoin/
272,CannaCoin,CCN,$6926,$0.002567,2698264,https://coinmarketcap.com/currencies/cannacoin/
273,Conspiracycoin,CYC,$6914,$0.002847,2428378,https://coinmarketcap.com/currencies/conspiracycoin/
274,Global Denomination,GDN,$6857,$0.001431,4793000,https://coinmarketcap.com/currencies/global-denomination/
275,Aiden,ADN,$6846,$0.000468,14639403,https://coinmarketcap.com/currencies/aiden/
276,Joulecoin,XJO,$6754,$0.000635,10630624,https://coinmarketcap.com/currencies/joulecoin/
277,Nyancoin,NYAN,$6640,$0.000059,112672218,https://coinmarketcap.com/currencies/nyancoin/
278,Lycancoin,LYC,$6553,$0.000025,257833791,https://coinmarketcap.com/currencies/lycancoin/
279,Ethancoin,ETHAN,$6520,$0.000097,67511291,https://coinmarketcap.com/currencies/ethancoin/
280,Electron,ELT,$6501,$0.002541,2557822,https://coinmarketcap.com/currencies/electron/
281,Hirocoin,HIRO,$6315,$0.000071,89328800,https://coinmarketcap.com/currencies/hirocoin/
282,Neocoin,NEC,$6205,$0.001009,6150310,https://coinmarketcap.com/currencies/neocoin/
283,Kittehcoin,MEOW,$5853,$3.8e-07,15338741267,https://coinmarketcap.com/currencies/kittehcoin/
284,Phoenixcoin,PXC,$5833,$0.000420,13903400,https://coinmarketcap.com/currencies/phoenixcoin/
285,PayProCoin,PRO,$5810,$0.000097,60205000,https://coinmarketcap.com/currencies/payprocoin/
286,Elacoin,ELC,$5791,$0.014740,392877,https://coinmarketcap.com/currencies/elacoin/
287,Noirbits,NRB,$5721,$0.002541,2251240,https://coinmarketcap.com/currencies/noirbits/
288,Fantomcoin,FCN,$5654,$0.008244,685831,https://coinmarketcap.com/currencies/fantomcoin/
289,QuidCoin,QUID,$5600,$0.001215,4609597,https://coinmarketcap.com/currencies/quidcoin/
290,Benjamins,BEN,$5553,$0.002287,2427600,https://coinmarketcap.com/currencies/benjamins/
291,FreshCoin,FRSH,$5462,$0.000910,6001350,https://coinmarketcap.com/currencies/freshcoin/
292,MastCoin,MAST,$5402,$0.002186,2471589,https://coinmarketcap.com/currencies/mastiffcoin/
293,SaveCoin,SPC,$5386,$0.004575,1177292,https://coinmarketcap.com/currencies/savecoin/
294,Horizon,HZ,$5279,$0.000051,103857570,https://coinmarketcap.com/currencies/next-horizon/
295,LiteBar,LTB,$5224,$0.029557,176737,https://coinmarketcap.com/currencies/litebar/
296,Argentum,ARG,$5087,$0.003456,1471853,https://coinmarketcap.com/currencies/argentum/
297,RainbowCoin,LGBT,$5074,$0.000005,998318521,https://coinmarketcap.com/currencies/rainbowcoin/
298,DarkFox,DRX,$5016,$0.008702,576390,https://coinmarketcap.com/currencies/darkfox/
299,OpenSourcecoin,OSC,$4963,$0.001047,4740162,https://coinmarketcap.com/currencies/opensourcecoin/
300,Aliencoin,ALN,$4888,$0.000199,24518410,https://coinmarketcap.com/currencies/aliencoin/
301,Magicoin,MAGIC,$4566,$0.001113,4102283,https://coinmarketcap.com/currencies/magicoin/
302,Cashcoin,CASH,$4373,$0.000961,4551861,https://coinmarketcap.com/currencies/cashcoin/
303,Quarkbar,QB,$4366,$0.000381,11453814,https://coinmarketcap.com/currencies/quarkbar/
304,Catcoin,CAT,$4355,$0.002796,1557800,https://coinmarketcap.com/currencies/catcoin/
305,SocialCoin,SOC,$4265,$0.000005,839090000,https://coinmarketcap.com/currencies/socialcoin/
306,RonPaulCoin,RPC,$4203,$0.032022,131260,https://coinmarketcap.com/currencies/ronpaulcoin/
307,KlondikeCoin,KDC,$4093,$0.000559,7320629,https://coinmarketcap.com/currencies/klondikecoin/
308,CoolCoin,COOL,$4018,$0.000039,103769924,https://coinmarketcap.com/currencies/coolcoin/
309,FAILCoin,FAIL,$4003,$5.4e-08,73805203732,https://coinmarketcap.com/currencies/failcoin/
310,CorgiCoin,CORG,$3782,$5e-08,75032751307,https://coinmarketcap.com/currencies/corgicoin/
311,Marscoin,MARS,$3757,$0.000534,7040000,https://coinmarketcap.com/currencies/marscoin/
312,Fractalcoin,FRAC,$3639,$0.005022,724723,https://coinmarketcap.com/currencies/fractalcoin/
313,CHCCoin,CHCC,$3635,$0.000117,31094206,https://coinmarketcap.com/currencies/chccoin/
314,Ekrona,KRN,$3364,$0.002755,1221010,https://coinmarketcap.com/currencies/ekrona/
315,Junkcoin,JKC,$3357,$0.000280,12008401,https://coinmarketcap.com/currencies/junkcoin/
316,BurnerCoin,BURN,$3315,$0.001520,2181453,https://coinmarketcap.com/currencies/burnercoin/
317,AimCoin,AIM,$3211,$0.000107,30083230,https://coinmarketcap.com/currencies/aimcoin/
318,Spots,SPT,$3204,$0.000330,9697426,https://coinmarketcap.com/currencies/spots/
319,N5coin,N5X,$3123,$0.003942,792193,https://coinmarketcap.com/currencies/n5coin/
320,ROXcoin,ROX,$3110,$0.000524,5939986,https://coinmarketcap.com/currencies/roxcoin/
321,PlutoniumCoin,RODS,$3053,$0.058143,52516,https://coinmarketcap.com/currencies/plutoniumcoin/
322,Tomatocoin,TMT,$2897,$0.000097,30000000,https://coinmarketcap.com/currencies/tomatocoin/
323,KashmirCoin,KSC,$2851,$39.49,72.18311,https://coinmarketcap.com/currencies/kashmircoin/
324,DoSCoin,DOS,$2843,$0.000015,186462810,https://coinmarketcap.com/currencies/doscoin/
325,eUtopium,UPM,$2803,$0.007624,367629,https://coinmarketcap.com/currencies/eutopium/
326,Monocle,MON,$2803,$0.001530,1831853,https://coinmarketcap.com/currencies/monocle/
327,Photon,PHO,$2795,$0.000001,2622995974,https://coinmarketcap.com/currencies/photon/
328,GROUPCoin,GPC,$2730,$0.000273,10007696,https://coinmarketcap.com/currencies/groupcoin/
329,CoffeeCoin,CFC,$2561,$0.000025,100757687,https://coinmarketcap.com/currencies/coffeecoin/
330,PHCoin,PHC,$2549,$0.000396,6429950,https://coinmarketcap.com/currencies/phcoin/
331,DopeCoin,DOPE,$2548,$0.000030,83544738,https://coinmarketcap.com/currencies/dopecoin/
332,TacoCoin,TCO,$2424,$0.000053,46121688,https://coinmarketcap.com/currencies/tacocoin/
333,Emucoin,EMU,$2419,$5.7e-08,42619989614,https://coinmarketcap.com/currencies/emucoin/
334,VirtualCoin,VC,$2329,$0.002084,1117567,https://coinmarketcap.com/currencies/virtualcoin/
335,Pawncoin,PAWN,$2326,$0.000310,7501885,https://coinmarketcap.com/currencies/pawncoin/
336,Logicoin,LGC,$2306,$0.000564,4086794,https://coinmarketcap.com/currencies/logicoin/
337,Goalcoin,GOAL,$2276,$0.007843,290153,https://coinmarketcap.com/currencies/goalcoin/
338,Grain,GRA,$2275,$0.000002,970635753,https://coinmarketcap.com/currencies/grain/
339,ConcealCoin,CNL,$2267,$0.000226,10026047,https://coinmarketcap.com/currencies/concealcoin/
340,MugatuCoin,MUGA,$2261,$0.001123,2013029,https://coinmarketcap.com/currencies/mugatucoin/
341,Firecoin,FIRE,$2236,$0.022928,97530,https://coinmarketcap.com/currencies/firecoin/
342,Hotcoin,HOT,$2049,$0.000559,3665131,https://coinmarketcap.com/currencies/hotcoin/
343,ShieldCoin,SHLD,$2038,$0.001879,1084627,https://coinmarketcap.com/currencies/shield/
344,Triangles,TRI,$1955,$0.039494,49493,https://coinmarketcap.com/currencies/triangles/
345,Bitgem,BTG,$1928,$0.067688,28477,https://coinmarketcap.com/currencies/bitgem/
346,BTCtalkcoin,TALK,$1919,$0.000030,62936347,https://coinmarketcap.com/currencies/btctalkcoin/
347,Distrocoin,DIS,$1837,$0.000132,13896721,https://coinmarketcap.com/currencies/distrocoin/
348,Ascentcoin,ASCE,$1827,$0.000244,7489772,https://coinmarketcap.com/currencies/ascentcoin/
349,Bitleu,BTL,$1802,$0.000084,21563024,https://coinmarketcap.com/currencies/bitleu/
350,TakCoin,TAK,$1728,$0.000010,169950240,https://coinmarketcap.com/currencies/takcoin/
351,PayzorCoin,PZR,$1686,$0.005132,328503,https://coinmarketcap.com/currencies/payzorcoin/
352,Credits,CR,$1643,$0.000005,323268148,https://coinmarketcap.com/currencies/cryptocredits/
353,TheoremCoin,THEO,$1583,$0.000407,3893400,https://coinmarketcap.com/currencies/theoremcoin/
354,Instant,BTIOLD,$1548,$0.015279,101298,https://coinmarketcap.com/currencies/instant/
355,Digit,DIG,$1532,$0.000071,21527320,https://coinmarketcap.com/currencies/digit/
356,Unattainium,UNAT,$1461,$0.069453,21040,https://coinmarketcap.com/currencies/unattainium/
357,Lightcoin,LIT,$1378,$0.000269,5115468,https://coinmarketcap.com/currencies/lightcoin/
358,OPECCoin,OPC,$1377,$0.000081,16925989,https://coinmarketcap.com/currencies/opeccoin/
359,VaultCoin,VAULT,$1327,$0.883736,1501,https://coinmarketcap.com/currencies/vaultcoin/
360,BlazeCoin,BLZ,$1307,$0.000010,127590653,https://coinmarketcap.com/currencies/blazecoin/
361,Techcoin,TECH,$1243,$0.006644,187097,https://coinmarketcap.com/currencies/techcoin/
362,VirtualMiningCoin,VMC,$1152,$0.000031,37708891,https://coinmarketcap.com/currencies/virtualminingcoin/
363,Veilcoin,VEIL,$1072,$0.000839,1278272,https://coinmarketcap.com/currencies/veilcoin/
364,BatCoin,BAT,$1060,$1.6e-07,6481010000,https://coinmarketcap.com/currencies/batcoin/
365,Lion,LION,$1060,$0.000773,1371497,https://coinmarketcap.com/currencies/lion/
366,ImperialCoin,IPC,$997,$0.000020,50485000,https://coinmarketcap.com/currencies/imperialcoin/
367,Forexcoin,FRX,$947,$1.6e-07,5790170050,https://coinmarketcap.com/currencies/forexcoin/
368,Penguincoin (old),PENG,$891,$5.5e-08,16340117070,https://coinmarketcap.com/currencies/penguincoin-old/
369,Wincoin,WIN,$878,$0.000015,57552932,https://coinmarketcap.com/currencies/wincoin/
370,CoCoCoin,COCO,$850,$0.000742,1145647,https://coinmarketcap.com/currencies/cococoin/
371,RotoCoin,RT2,$670,$0.010361,64621,https://coinmarketcap.com/currencies/rotocoin/
372,CSCoin,CSO,$617,$0.000127,4852355,https://coinmarketcap.com/currencies/cscoin/
373,Pandacoin (PANDA),PANDA,$589,$5.5e-08,10756978203,https://coinmarketcap.com/currencies/pandacoin-panda/
374,SambaCoin,SMB,$566,$0.000005,111397730,https://coinmarketcap.com/currencies/sambacoin/
375,LeagueCoin,LOL,$503,$0.000203,2475295,https://coinmarketcap.com/currencies/leaguecoin/
376,Zipcoin,ZIPC,$476,$0.000081,5852981,https://coinmarketcap.com/currencies/zipcoin/
377,Doomcoin,DOOM,$473,$0.001612,293445,https://coinmarketcap.com/currencies/doomcoin/
378,Bones,BONES,$411,$0.000151,2721637,https://coinmarketcap.com/currencies/bones/
379,GoodCoin,GOOD,$378,$0.000051,7437349,https://coinmarketcap.com/currencies/goodcoin/
380,GBCoin,GBC,$347,$0.000152,2276260,https://coinmarketcap.com/currencies/gbcoin/
381,Bela,BELA,$340,$0.000056,6118900,https://coinmarketcap.com/currencies/belacoin/
382,Cryptographic Anomaly,CGA,$329,$0.008041,40931,https://coinmarketcap.com/currencies/cryptographic-anomaly/
383,CryptoMETH,METH,$327,$0.000076,4291138,https://coinmarketcap.com/currencies/cryptometh/
384,Denarius,DRS,$280,$0.000244,1148800,https://coinmarketcap.com/currencies/denarius/
385,Noahcoin,NOAH,$272,$0.000046,5940699,https://coinmarketcap.com/currencies/noahcoin/
386,Isiscoin,ISIS,$205,$0.000112,1836589,https://coinmarketcap.com/currencies/isiscoin/
387,ORObit,ORO,$164,$0.000102,1617300,https://coinmarketcap.com/currencies/orobit/
388,Canada eCoin,CDN,$143,$0.000014,10583450,https://coinmarketcap.com/currencies/canada-ecoin/
389,GlobalBoost,BST,$92,$0.000006,14894955,https://coinmarketcap.com/currencies/globalboost/
390,Donationcoin,DON,$70,$0.000015,4607050,https://coinmarketcap.com/currencies/donationcoin/
391,HighFiveCoin,H5C,$29,$0.000005,5647301,https://coinmarketcap.com/currencies/highfivecoin/
