1,Bitcoin,BTC,$5125963515,$378.05,13559050,https://coinmarketcap.com/currencies/bitcoin/
2,XRP,XRP,$346223397,$0.011211,30881360458,https://coinmarketcap.com/currencies/ripple/
3,Litecoin,LTC,$122633414,$3.58,34292594,https://coinmarketcap.com/currencies/litecoin/
4,BitShares,BTS,$47475324,$0.019006,2497973773,https://coinmarketcap.com/currencies/bitshares/
5,Dogecoin,DOGE,$23290367,$0.000242,96217725633,https://coinmarketcap.com/currencies/dogecoin/
6,Nxt,NXT,$19224491,$0.019225,999997096,https://coinmarketcap.com/currencies/nxt/
7,Peercoin,PPC,$16255400,$0.742048,21906121,https://coinmarketcap.com/currencies/peercoin/
8,Counterparty,XCP,$15184990,$5.74,2646903,https://coinmarketcap.com/currencies/counterparty/
9,MaidSafeCoin,MAID,$12603431,$0.027850,452552412,https://coinmarketcap.com/currencies/maidsafecoin/
10,Dash,DASH,$11695806,$2.39,4903621,https://coinmarketcap.com/currencies/dash/
11,Namecoin,NMC,$9468342,$0.910943,10394000,https://coinmarketcap.com/currencies/namecoin/
12,Stellar,XLM,$7829159,$0.002210,3543206175,https://coinmarketcap.com/currencies/stellar/
13,FuelCoin,FC2,$5676462,$0.056707,100101526,https://coinmarketcap.com/currencies/fuelcoin/
14,SuperNET,UNITY,$3112490,$3.81,816061,https://coinmarketcap.com/currencies/supernet-unity/
15,NuShares,NSR,$3016887,$0.004991,604515318,https://coinmarketcap.com/currencies/nushares/
16,Banx,BANX,$2933631,$1.13,2586882,https://coinmarketcap.com/currencies/banx/
17,Monero,XMR,$2776541,$0.567552,4892138,https://coinmarketcap.com/currencies/monero/
18,BitcoinDark,BTCD,$2684245,$2.25,1193870,https://coinmarketcap.com/currencies/bitcoindark/
19,NuBits,USNBT,$2266335,$1.01,2245631,https://coinmarketcap.com/currencies/nubits/
20,BlackCoin,BLK,$2055106,$0.027503,74722664,https://coinmarketcap.com/currencies/blackcoin/
21,YbCoin,YBC,$1974079,$0.658026,3000000,https://coinmarketcap.com/currencies/ybcoin/
22,Storjcoin X,SJCX,$1941622,$0.046826,41464404,https://coinmarketcap.com/currencies/storjcoin-x/
23,Feathercoin,FTC,$1602330,$0.025643,62485090,https://coinmarketcap.com/currencies/feathercoin/
24,Quark,QRK,$1213870,$0.004886,248435888,https://coinmarketcap.com/currencies/quark/
25,Nxttycoin,NXTTY,$1192656,$0.001193,1000000000,https://coinmarketcap.com/currencies/nxttycoin/
26,bitUSD,BITUSD,$1157848,$1.02,1139401,https://coinmarketcap.com/currencies/bitusd/
27,Primecoin,XPM,$1112078,$0.137400,8093755,https://coinmarketcap.com/currencies/primecoin/
28,ReddCoin,RDD,$1059311,$0.000039,27249232299,https://coinmarketcap.com/currencies/reddcoin/
29,Pandacoin,PND,$1034046,$0.000032,32320482669,https://coinmarketcap.com/currencies/pandacoin-pnd/
30,UltraCoin,UTC,$944258,$0.041142,22951359,https://coinmarketcap.com/currencies/ultracoin/
31,BitBay,BAY,$866582,$0.000867,1000034989,https://coinmarketcap.com/currencies/bitbay/
32,BitShares PTS,PTS,$848199,$0.481070,1763152,https://coinmarketcap.com/currencies/bitshares-pts/
33,Ixcoin,IXC,$775081,$0.036909,20999906,https://coinmarketcap.com/currencies/ixcoin/
34,Zetacoin,ZET,$712402,$0.004417,161270079,https://coinmarketcap.com/currencies/zetacoin/
35,MonaCoin,MONA,$661927,$0.045428,14571050,https://coinmarketcap.com/currencies/monacoin/
36,Jinn,JINN,$651518,$6.52,100000,https://coinmarketcap.com/currencies/jinn/
37,jl777hodl,JLH,$649788,$0.064979,10000000,https://coinmarketcap.com/currencies/jl777hodl/
38,ShadowCash,SDC,$583545,$0.090502,6447870,https://coinmarketcap.com/currencies/shadowcash/
39,WorldCoin,WDC,$543989,$0.007928,68615468,https://coinmarketcap.com/currencies/worldcoin/
40,Novacoin,NVC,$543161,$0.641434,846792,https://coinmarketcap.com/currencies/novacoin/
41,Vertcoin,VTC,$516602,$0.051378,10055000,https://coinmarketcap.com/currencies/vertcoin/
42,CannabisCoin,CANN,$515828,$0.007395,69752665,https://coinmarketcap.com/currencies/cannabiscoin/
43,Megacoin,MEC,$514715,$0.019540,26341475,https://coinmarketcap.com/currencies/megacoin/
44,DNotes,NOTE,$461623,$0.004922,93792776,https://coinmarketcap.com/currencies/dnotes/
45,Viacoin,VIA,$459831,$0.037214,12356325,https://coinmarketcap.com/currencies/viacoin/
46,NeoDICE,DICE,$443097,$0.443097,1000000,https://coinmarketcap.com/currencies/neodice/
47,VeriCoin,VRC,$422754,$0.015704,26919518,https://coinmarketcap.com/currencies/vericoin/
48,Uro,URO,$413847,$0.411299,1006193,https://coinmarketcap.com/currencies/uro/
49,Privatebet,Privatebet,$407559,$1.02,400000,https://coinmarketcap.com/currencies/privatebet/
50,BilShares,BILS,$407051,$0.000407,1000000000,https://coinmarketcap.com/currencies/bilshares/
51,Mooncoin,MOON,$396423,$0.000002,194278755647,https://coinmarketcap.com/currencies/mooncoin/
52,Anoncoin,ANC,$370883,$0.260008,1426429,https://coinmarketcap.com/currencies/anoncoin/
53,DigitalNote,XDN,$340434,$0.000051,6725113496,https://coinmarketcap.com/currencies/digitalnote/
54,TileCoin,XTC,$317559,$0.003176,100000000,https://coinmarketcap.com/currencies/tilecoin/
55,FreeMarket,MRKT,$311472,$0.432599,720000,https://coinmarketcap.com/currencies/freemarket/
56,Maxcoin,MAX,$309947,$0.008223,37694635,https://coinmarketcap.com/currencies/maxcoin/
57,PotCoin,POT,$306382,$0.001838,166676010,https://coinmarketcap.com/currencies/potcoin/
58,Opal,OPAL,$306267,$0.020407,15007857,https://coinmarketcap.com/currencies/opal/
59,Bitmark,BTM,$276489,$0.299030,924620,https://coinmarketcap.com/currencies/bitmark/
60,Gulden,NLG,$253033,$0.001459,173393701,https://coinmarketcap.com/currencies/gulden/
61,Crypti,XCR,$236216,$0.002362,100000000,https://coinmarketcap.com/currencies/crypti/
62,Applecoin,APC,$234164,$0.010583,22125750,https://coinmarketcap.com/currencies/applecoin/
63,ARCHcoin,ARCH,$229854,$0.014156,16236940,https://coinmarketcap.com/currencies/archcoin/
64,DigiByte,DGB,$229096,$0.000080,2852092031,https://coinmarketcap.com/currencies/digibyte/
65,Bitswift,BITS,$221055,$0.055196,4004890,https://coinmarketcap.com/currencies/bitswift/
66,Stealth,XST,$204844,$0.009606,21323778,https://coinmarketcap.com/currencies/stealth/
67,Terracoin,TRC,$195758,$0.029597,6614136,https://coinmarketcap.com/currencies/terracoin/
68,Hyper,HYPER,$187153,$0.052567,3560251,https://coinmarketcap.com/currencies/hyper/
69,MozzShare,MLS,$185293,$0.002890,64125000,https://coinmarketcap.com/currencies/mozzshare/
70,HyperStake,HYP,$182236,$0.003401,53576500,https://coinmarketcap.com/currencies/hyperstake/
71,Syscoin,SYS,$177022,$0.000474,373634483,https://coinmarketcap.com/currencies/syscoin/
72,ZcCoin,ZCC,$155397,$0.008955,17352849,https://coinmarketcap.com/currencies/zccoin/
73,Burst,BURST,$140232,$0.000440,318578694,https://coinmarketcap.com/currencies/burst/
74,NEMstake,NEM,$134879,$768.98,175,https://coinmarketcap.com/currencies/nemstake/
75,World Trade Funds,XWT,$121844,$0.013482,9037246,https://coinmarketcap.com/currencies/wtf-coin/
76,Diamond,DMD,$120585,$0.169025,713414,https://coinmarketcap.com/currencies/diamond/
77,Bytecent,BYC,$111545,$0.453660,245878,https://coinmarketcap.com/currencies/bytecent/
78,FedoraCoin,TIPS,$107902,$3.8e-07,280846322360,https://coinmarketcap.com/currencies/fedoracoin/
79,Fibre,FIBRE,$103340,$0.165119,625851,https://coinmarketcap.com/currencies/fibre/
80,GlowShares,GSX,$88505,$0.266024,332696,https://coinmarketcap.com/currencies/glowshares/
81,Horizon,HZ,$84077,$0.000246,342150140,https://coinmarketcap.com/currencies/next-horizon/
82,Startcoin,START,$74724,$0.012120,6165260,https://coinmarketcap.com/currencies/startcoin/
83,CAIx,CAIx,$72654,$0.044903,1618027,https://coinmarketcap.com/currencies/caix/
84,Auroracoin,AUR,$69117,$0.033065,2090353,https://coinmarketcap.com/currencies/auroracoin/
85,CannaCoin,CCN,$67396,$0.015442,4364401,https://coinmarketcap.com/currencies/cannacoin/
86,Riecoin,RIC,$66573,$0.007947,8377425,https://coinmarketcap.com/currencies/riecoin/
87,GAIA,GAIA,$66397,$0.002756,24092197,https://coinmarketcap.com/currencies/gaia/
88,ApexCoin,APEX,$62239,$0.010223,6088386,https://coinmarketcap.com/currencies/apexcoin/
89,UnionCoin,UNC,$61463,$0.007327,8388608,https://coinmarketcap.com/currencies/unioncoin/
90,MMNXT,MMNXT,$58247,$0.028837,2019900,https://coinmarketcap.com/currencies/mmnxt/
91,HTML5COIN,HTML5,$57661,$0.000001,40123565000,https://coinmarketcap.com/currencies/htmlcoin5/
92,bitCNY,BITCNY,$57234,$0.165894,345002,https://coinmarketcap.com/currencies/bitcny/
93,LitecoinDark,LTCD,$54935,$0.000696,78885315,https://coinmarketcap.com/currencies/litecoindark/
94,Snowballs,BALLS,$51188,$0.002988,17128555,https://coinmarketcap.com/currencies/snowballs/
95,HellasCoin,HLC,$48100,$0.004533,10611550,https://coinmarketcap.com/currencies/hellascoin/
96,CryptCoin,CRYPT,$39843,$0.007001,5691372,https://coinmarketcap.com/currencies/cryptcoin/
97,ProfitCoin,PFC,$25538,$0.613288,41642,https://coinmarketcap.com/currencies/profitcoin/
98,DayTraderCoin,DTC,$20541,$0.018694,1098812,https://coinmarketcap.com/currencies/daytradercoin/
99,XCash,XCASH,$19092,$0.007815,2442962,https://coinmarketcap.com/currencies/xcash/
100,bitBTC,BITBTC,$19015,$382.79,49.674212,https://coinmarketcap.com/currencies/bitbtc/
101,GameLeagueCoin,GML,$17026,$0.000034,500000000,https://coinmarketcap.com/currencies/gameleaguecoin/
102,Sterlingcoin,SLG,$15890,$0.005645,2814947,https://coinmarketcap.com/currencies/sterlingcoin/
103,Functioncoin,FCC,$15578,$0.013228,1177680,https://coinmarketcap.com/currencies/functioncoin/
104,LottoCoin,LOT,$11806,$8.1e-07,14491014421,https://coinmarketcap.com/currencies/lottocoin/
105,MalibuCoin,MAL,$7680,$0.004877,1574787,https://coinmarketcap.com/currencies/malibucoin/
106,GamerholicCoin,GHC,$7027,$0.010200,688950,https://coinmarketcap.com/currencies/gamerholiccoin/
107,Nanite,XNAN,$6588,$0.006616,995723,https://coinmarketcap.com/currencies/nanite/
108,ESportsCoin,ESC,$3469,$0.002654,1307273,https://coinmarketcap.com/currencies/esportscoin/
109,42-coin,42,$1661,$1809.45,0.9178677,https://coinmarketcap.com/currencies/42-coin/
110,Omni,OMNI,$1703486,$3.02,563162,https://coinmarketcap.com/currencies/omni/
111,NXTventure,NXTV,$1612936,$1.61,1000000,https://coinmarketcap.com/currencies/nxtventure/
112,Swarm,SWARM,$1285360,$0.012854,100000000,https://coinmarketcap.com/currencies/swarm/
113,InstantDEX,DEX,$1268817,$1.27,1000000,https://coinmarketcap.com/currencies/instantdex/
114,Bytecoin,BCN,$1236441,$0.000007,166158821405,https://coinmarketcap.com/currencies/bytecoin-bcn/
115,XCurrency,XC,$731534,$0.131542,5561224,https://coinmarketcap.com/currencies/xcurrency/
116,NXTprivacy,NXTprivacy,$730531,$0.730531,1000000,https://coinmarketcap.com/currencies/nxtprivacy/
117,sharkfund0,SF0,$692150,$519.06,1333,https://coinmarketcap.com/currencies/sharkfund0/
118,Gridcoin Classic,GRCX,$580036,$0.017488,33166990,https://coinmarketcap.com/currencies/gridcoin-classic/
119,Tradebots,NXTcoinsco,$567218,$0.572890,990100,https://coinmarketcap.com/currencies/tradebots/
120,Unobtanium,UNO,$545294,$2.83,192523,https://coinmarketcap.com/currencies/unobtanium/
121,Ethercoin,ETC,$493639,$0.493639,1000000,https://coinmarketcap.com/currencies/ethercoin/
122,ltc2nXt,LTC2NXT,$445039,$0.480612,925982,https://coinmarketcap.com/currencies/ltc2nxt/
123,Infinitecoin,IFC,$408361,$0.000005,90595776065,https://coinmarketcap.com/currencies/infinitecoin/
124,FairCoin,FAIR,$385529,$0.007561,50989528,https://coinmarketcap.com/currencies/faircoin/
125,Coinomat,CNMT,$366630,$0.122210,3000000,https://coinmarketcap.com/currencies/coinomat/
126,Node,NODE,$275974,$0.000276,1000000000,https://coinmarketcap.com/currencies/node/
127,FIMKrypto,FIMK,$269440,$0.000668,403492798,https://coinmarketcap.com/currencies/fimkrypto/
128,Marinecoin,MTC,$262252,$0.035918,7301353,https://coinmarketcap.com/currencies/marinecoin/
129,Curecoin,CURE,$253211,$0.010069,25146767,https://coinmarketcap.com/currencies/curecoin/
130,Qora,QORA,$250438,$0.000025,10000000000,https://coinmarketcap.com/currencies/qora/
131,GoldCoin,GLC,$245678,$0.007378,33300894,https://coinmarketcap.com/currencies/goldcoin/
132,Dogeparty,XDP,$244906,$0.091382,2680033,https://coinmarketcap.com/currencies/dogeparty/
133,SolarCoin,SLR,$230779,$0.006878,33554671,https://coinmarketcap.com/currencies/solarcoin/
134,MintCoin,MINT,$230336,$0.000011,20325620637,https://coinmarketcap.com/currencies/mintcoin/
135,ATOMIC,ATOMIC,$228675,$0.374878,610000,https://coinmarketcap.com/currencies/atomic/
136,Devcoin,DVC,$226257,$0.000028,8193970000,https://coinmarketcap.com/currencies/devcoin/
137,Digitalcoin,DGC,$184686,$0.010354,17836528,https://coinmarketcap.com/currencies/digitalcoin/
138,Librexcoin,LXC,$182048,$0.018669,9751376,https://coinmarketcap.com/currencies/librexcoin/
139,NautilusCoin,NAUT,$175369,$0.033116,5295631,https://coinmarketcap.com/currencies/nautiluscoin/
140,Boolberry,BBR,$169207,$0.073682,2296437,https://coinmarketcap.com/currencies/boolberry/
141,FoldingCoin,FLDC,$143480,$0.000143,1000000000,https://coinmarketcap.com/currencies/foldingcoin/
142,HoboNickels,HBN,$142508,$0.018899,7540693,https://coinmarketcap.com/currencies/hobonickels/
143,I0Coin,I0C,$134839,$0.006582,20487149,https://coinmarketcap.com/currencies/i0coin/
144,MGW,MGW,$128612,$0.128612,1000000,https://coinmarketcap.com/currencies/mgw/
145,Chancecoin,CHA,$126927,$0.245738,516513,https://coinmarketcap.com/currencies/chancecoin/
146,BoostCoin,BOST,$122119,$0.010416,11723711,https://coinmarketcap.com/currencies/boostcoin/
147,ClearingHouse,XCH,$119025,$0.001147,103809297,https://coinmarketcap.com/currencies/clearinghouse/
148,WhiteCoin,XWC,$118264,$0.000389,303935386,https://coinmarketcap.com/currencies/whitecoin/
149,Pesetacoin,PTC,$117901,$0.001516,77772643,https://coinmarketcap.com/currencies/pesetacoin/
150,Sync,SYNC,$113673,$97.05,1171,https://coinmarketcap.com/currencies/sync/
151,Copperlark,CLR,$110355,$0.011647,9475099,https://coinmarketcap.com/currencies/copperlark/
152,PinkCoin,PINK,$101820,$0.000280,364253425,https://coinmarketcap.com/currencies/pinkcoin/
153,NetCoin,NET,$98941,$0.000305,324169332,https://coinmarketcap.com/currencies/netcoin/
154,HRNXTPool,HRNXT,$98045,$0.980449,100000,https://coinmarketcap.com/currencies/hrnxtpool/
155,Dorcs,DORCS,$97082,$0.249919,388453,https://coinmarketcap.com/currencies/dorcs/
156,Freicoin,FRC,$96206,$0.002093,45962594,https://coinmarketcap.com/currencies/freicoin/
157,Karmacoin,KARMA,$93814,$0.000001,64056004065,https://coinmarketcap.com/currencies/karmacoin/
158,NobleCoin,NOBL,$88161,$0.000038,2332010000,https://coinmarketcap.com/currencies/noblecoin/
159,JackpotCoin,JPC,$86175,$0.000015,5698682708,https://coinmarketcap.com/currencies/jackpotcoin/
160,Deutsche eMark,DEM,$83864,$0.005671,14788995,https://coinmarketcap.com/currencies/deutsche-emark/
161,NavCoin,NAV,$82641,$0.001434,57619293,https://coinmarketcap.com/currencies/nav-coin/
162,CzechCrownCoin,CZC,$79842,$0.020109,3970400,https://coinmarketcap.com/currencies/czechcrowncoin/
163,Bullion,CBX,$79018,$0.082641,956160,https://coinmarketcap.com/currencies/bullion/
164,Tickets,TIX,$78400,$0.000001,66876281414,https://coinmarketcap.com/currencies/tickets/
165,VPNCoin,VASH,$77149,$0.000193,400142885,https://coinmarketcap.com/currencies/vpncoin/
166,Cinni,CINNI,$74717,$0.004949,15098105,https://coinmarketcap.com/currencies/cinni/
167,Bottlecaps,CAP,$72108,$0.008699,8289363,https://coinmarketcap.com/currencies/bottlecaps/
168,Zeitcoin,ZEIT,$71865,$0.000002,28829093707,https://coinmarketcap.com/currencies/zeitcoin/
169,ArtByte,ABY,$71162,$0.000191,372830450,https://coinmarketcap.com/currencies/artbyte/
170,Bitstar,BITS,$69238,$0.004162,16634568,https://coinmarketcap.com/currencies/bitstar/
171,Clams,CLAM,$66513,$0.292162,227656,https://coinmarketcap.com/currencies/clams/
172,USDe,USDE,$65078,$0.000068,956351793,https://coinmarketcap.com/currencies/usde/
173,TagCoin,TAG,$63945,$0.029330,2180220,https://coinmarketcap.com/currencies/tagcoin/
174,FlutterCoin,FLT,$63659,$0.000285,223461528,https://coinmarketcap.com/currencies/fluttercoin/
175,TEKcoin,TEK,$61484,$0.016041,3833039,https://coinmarketcap.com/currencies/tekcoin/
176,AeroMe,AM,$60183,$0.008435,7134908,https://coinmarketcap.com/currencies/aerocoin/
177,Myriad,XMY,$59764,$0.000095,625915000,https://coinmarketcap.com/currencies/myriad/
178,Rubycoin,RBY,$59225,$0.002701,21929675,https://coinmarketcap.com/currencies/rubycoin/
179,Viorcoin,VIOR,$55413,$0.012135,4566264,https://coinmarketcap.com/currencies/viorcoin/
180,SuperCoin,SUPER,$55300,$0.002749,20119725,https://coinmarketcap.com/currencies/supercoin/
181,Checkcoin,CKC,$53177,$0.003559,14942680,https://coinmarketcap.com/currencies/checkcoin/
182,SaffronCoin,SFR,$50671,$0.003062,16547200,https://coinmarketcap.com/currencies/saffroncoin/
183,NXTInspect,NXTI,$50468,$0.067286,750057,https://coinmarketcap.com/currencies/nxtinspect/
184,Aricoin,ARI,$48980,$0.000423,115679289,https://coinmarketcap.com/currencies/aricoin/
185,AsiaCoin,AC,$48070,$0.000251,191654469,https://coinmarketcap.com/currencies/asiacoin/
186,Boomcoin,BOOM,$47322,$0.004159,11379420,https://coinmarketcap.com/currencies/boomcoin/
187,Colossuscoin,COL,$44758,$1.4e-07,312889440517,https://coinmarketcap.com/currencies/colossuscoin/
188,Uniform Fiscal Object,UFO,$43646,$0.000028,1532248762,https://coinmarketcap.com/currencies/uniform-fiscal-object/
189,LTBcoin,LTBC,$41952,$0.000222,188602254,https://coinmarketcap.com/currencies/ltbcoin/
190,I/O Coin,IOC,$41523,$0.002573,16136623,https://coinmarketcap.com/currencies/iocoin/
191,CleanWaterCoin,WATER,$41405,$0.000076,547610553,https://coinmarketcap.com/currencies/cleanwatercoin/
192,Cryptonite,XCN,$41364,$0.000939,44031096,https://coinmarketcap.com/currencies/cryptonite/
193,Einsteinium,EMC2,$41110,$0.000265,155056776,https://coinmarketcap.com/currencies/einsteinium/
194,BBQCoin,BQC,$40381,$0.001101,36688462,https://coinmarketcap.com/currencies/bbqcoin/
195,Sonic,SSD,$40193,$0.001865,21545766,https://coinmarketcap.com/currencies/sonicscrewdriver/
196,Magi,XMG,$39655,$0.023027,1722111,https://coinmarketcap.com/currencies/magi/
197,Guarany,GUA,$39388,$0.361707,108896,https://coinmarketcap.com/currencies/guarany/
198,SecureCoin,SRC,$38889,$0.017142,2268625,https://coinmarketcap.com/currencies/securecoin/
199,Munne,MNE,$38008,$0.007936,4789196,https://coinmarketcap.com/currencies/munne/
200,Nas,NAS,$37805,$0.000004,10000000000,https://coinmarketcap.com/currencies/nas/
201,Virtacoin,VTA,$37186,$0.000004,9836397997,https://coinmarketcap.com/currencies/virtacoin/
202,Quicksilver,QSLV,$37139,$0.010774,3447014,https://coinmarketcap.com/currencies/quicksilver/
203,CloakCoin,CLOAK,$36718,$0.008088,4539732,https://coinmarketcap.com/currencies/cloakcoin/
204,Kore,KORE,$36185,$0.020777,1741561,https://coinmarketcap.com/currencies/korecoin/
205,Vidio,VDO,$35945,$0.001737,20699365,https://coinmarketcap.com/currencies/vidio/
206,Memorycoin,MMC,$35774,$0.003855,9279940,https://coinmarketcap.com/currencies/memorycoin/
207,ExclusiveCoin,EXCL,$35545,$0.004650,7644524,https://coinmarketcap.com/currencies/exclusivecoin/
208,e-Gulden,EFL,$34894,$0.006521,5351088,https://coinmarketcap.com/currencies/e-gulden/
209,Yacoin,YAC,$34544,$0.001183,29211692,https://coinmarketcap.com/currencies/yacoin/
210,Qibuck,QBK,$34422,$0.068043,505881,https://coinmarketcap.com/currencies/qibuck/
211,MAZA,MAZA,$34061,$0.000057,600640100,https://coinmarketcap.com/currencies/mazacoin/
212,TeslaCoin,TES,$33873,$0.000559,60552166,https://coinmarketcap.com/currencies/teslacoin/
213,Quatloo,QTL,$33682,$0.013998,2406251,https://coinmarketcap.com/currencies/quatloo/
214,Ringo,RIN,$32927,$0.000361,91207902,https://coinmarketcap.com/currencies/ringo/
215,EarthCoin,EAC,$32767,$0.000006,5555736958,https://coinmarketcap.com/currencies/earthcoin/
216,Dimecoin,DIME,$32140,$1.1e-07,299580260352,https://coinmarketcap.com/currencies/dimecoin/
217,DopeCoin,DOPE,$31746,$0.000242,131210344,https://coinmarketcap.com/currencies/dopecoin/
218,Luckycoin,LKY,$31243,$0.001710,18274669,https://coinmarketcap.com/currencies/luckycoin/
219,Sexcoin,SXC,$30238,$0.000352,86018201,https://coinmarketcap.com/currencies/sexcoin/
220,BattleCoin,BCX,$27470,$0.000454,60552166,https://coinmarketcap.com/currencies/battlecoin/
221,OctoCoin,888,$27440,$0.000783,35064991,https://coinmarketcap.com/currencies/octocoin/
222,BlueCoin,BLU,$27310,$0.000050,549155372,https://coinmarketcap.com/currencies/bluecoin/
223,Particle,PRT,$27012,$0.000038,714506932,https://coinmarketcap.com/currencies/particle/
224,MultiWalletCoin,MWC,$26371,$0.000968,27244488,https://coinmarketcap.com/currencies/multiwalletcoin/
225,BitBar,BTB,$25766,$1.72,14983,https://coinmarketcap.com/currencies/bitbar/
226,SeedCoin,SEED,$25360,$0.008514,2978699,https://coinmarketcap.com/currencies/seedcoin/
227,Quebecoin,QBC,$25121,$0.001093,22992734,https://coinmarketcap.com/currencies/quebecoin/
228,DarkCash,DRKC,$24569,$0.005957,4124268,https://coinmarketcap.com/currencies/darkcash/
229,NeosCoin,NEOS,$24341,$0.008384,2903450,https://coinmarketcap.com/currencies/neoscoin/
230,Orbitcoin,ORB,$23069,$0.013066,1765644,https://coinmarketcap.com/currencies/orbitcoin/
231,Razor,RZR,$22507,$0.011254,1999895,https://coinmarketcap.com/currencies/razor/
232,Mineralscoin,MIN,$22462,$0.000831,27035439,https://coinmarketcap.com/currencies/minerals/
233,ECC,ECC,$22445,$0.000001,16963625470,https://coinmarketcap.com/currencies/eccoin/
234,Murraycoin,MRY,$22358,$0.000767,29133118,https://coinmarketcap.com/currencies/murraycoin/
235,KeyCoin,KEY,$22182,$0.024187,917121,https://coinmarketcap.com/currencies/keycoin/
236,HempCoin,THC,$22145,$0.000162,136297445,https://coinmarketcap.com/currencies/hempcoin/
237,Scotcoin,SCOT,$22045,$0.000028,800001844,https://coinmarketcap.com/currencies/scotcoin/
238,SpreadCoin,SPR,$22019,$0.018868,1166967,https://coinmarketcap.com/currencies/spreadcoin/
239,Quotient,XQN,$21576,$0.009636,2239022,https://coinmarketcap.com/currencies/quotient/
240,CommunityCoin,COMM,$21409,$0.000020,1057344896,https://coinmarketcap.com/currencies/communitycoin/
241,Fastcoin,FST,$20941,$0.000208,100656187,https://coinmarketcap.com/currencies/fastcoin/
242,Philosopher Stones,PHS,$20345,$0.008771,2319715,https://coinmarketcap.com/currencies/philosopher-stones/
243,ROXcoin,ROX,$20210,$0.003402,5939986,https://coinmarketcap.com/currencies/roxcoin/
244,GrandCoin,GDC,$19992,$0.000049,406548474,https://coinmarketcap.com/currencies/grandcoin/
245,Titcoin,TIT,$19871,$0.002173,9142828,https://coinmarketcap.com/currencies/titcoin/
246,OrangeCoin,OC,$19648,$0.000370,53034286,https://coinmarketcap.com/currencies/orangecoin/
247,FLO,FLO,$19275,$0.000236,81740200,https://coinmarketcap.com/currencies/flo/
248,GrowthCoin,GRW,$19180,$0.000510,37580427,https://coinmarketcap.com/currencies/growthcoin/
249,ContinuumCoin,CTM,$18997,$2.1e-07,88538349156,https://coinmarketcap.com/currencies/continuumcoin/
250,CHCCoin,CHCC,$18994,$0.000611,31094206,https://coinmarketcap.com/currencies/chccoin/
251,WankCoin,WKC,$18974,$0.005850,3243450,https://coinmarketcap.com/currencies/wankcoin/
252,NFDCoin,NFD,$18902,$0.000004,5000000000,https://coinmarketcap.com/currencies/nfdcoin/
253,Dirac,XDQ,$18837,$0.047086,400066,https://coinmarketcap.com/currencies/dirac/
254,Energycoin,ENRG,$18816,$0.000166,113115882,https://coinmarketcap.com/currencies/energycoin/
255,MaryJane,MARYJ,$18775,$0.001225,15326115,https://coinmarketcap.com/currencies/maryjane/
256,MediterraneanCoin,MED,$18453,$0.000599,30794857,https://coinmarketcap.com/currencies/mediterraneancoin/
257,Neutrino,NTR,$18307,$0.000087,210545045,https://coinmarketcap.com/currencies/neutrino/
258,RabbitCoin,RBBT,$18107,$1.8e-07,100003526023,https://coinmarketcap.com/currencies/rabbitcoin/
259,Truckcoin,TRK,$17606,$0.001112,15828149,https://coinmarketcap.com/currencies/truckcoin/
260,VootCoin,VOOT,$17347,$0.000251,69123894,https://coinmarketcap.com/currencies/vootcoin/
261,Silkcoin,SILK,$17227,$0.000398,43321624,https://coinmarketcap.com/currencies/silkcoin/
262,Zedcoin,ZED,$16920,$0.001502,11262360,https://coinmarketcap.com/currencies/zedcoin/
263,CasinoCoin,CSC,$16884,$0.000567,29774555,https://coinmarketcap.com/currencies/casinocoin/
264,NoirShares,NRS,$16859,$0.006805,2477481,https://coinmarketcap.com/currencies/noirshares/
265,Sembro Token,SMBR,$16611,$0.006642,2500809,https://coinmarketcap.com/currencies/sembro-token/
266,Kittehcoin,MEOW,$16574,$7.1e-07,23314672152,https://coinmarketcap.com/currencies/kittehcoin/
267,Heavycoin,HVC,$16355,$0.000185,88290328,https://coinmarketcap.com/currencies/heavycoin/
268,Bitcoin Scrypt,BTCS,$16046,$0.001512,10611275,https://coinmarketcap.com/currencies/bitcoin-scrypt/
269,TrustPlus,TRUST,$15969,$0.000514,31059059,https://coinmarketcap.com/currencies/trustplus/
270,HunterCoin,HUC,$15767,$0.003783,4168170,https://coinmarketcap.com/currencies/huntercoin/
271,Crown,CRW,$15448,$0.006442,2398088,https://coinmarketcap.com/currencies/crown/
272,GlobalCoin,GLC,$15342,$0.000265,57975813,https://coinmarketcap.com/currencies/globalcoin/
273,Coin2.1,C2,$15324,$0.000153,99976323,https://coinmarketcap.com/currencies/coin2-1/
274,Saturn2Coin,SAT2,$15199,$0.001932,7867810,https://coinmarketcap.com/currencies/saturn2coin/
275,FreshCoin,FRSH,$15116,$0.002298,6578930,https://coinmarketcap.com/currencies/freshcoin/
276,ach,ACH,$15019,$0.018699,803191,https://coinmarketcap.com/currencies/ach/
277,Blitzcash,BLITZ,$14777,$0.004007,3687537,https://coinmarketcap.com/currencies/blitzcash/
278,Greencoin,GRE,$14698,$0.000031,473143025,https://coinmarketcap.com/currencies/greencoin/
279,BunnyCoin,BUN,$14623,$1.9e-07,77247741133,https://coinmarketcap.com/currencies/bunnycoin/
280,FlappyCoin,FLAP,$14524,$2.1e-07,69864678452,https://coinmarketcap.com/currencies/flappycoin/
281,Verge,XVG,$14039,$0.000004,3710100000,https://coinmarketcap.com/currencies/verge/
282,GameCredits,GAME,$13929,$0.000374,37218050,https://coinmarketcap.com/currencies/gamecredits/
283,GreenBacks,GB,$13630,$0.000670,20356902,https://coinmarketcap.com/currencies/greenbacks/
284,AsicCoin,ASC,$13257,$0.000025,538053251,https://coinmarketcap.com/currencies/asiccoin/
285,Ubiq,UBQ,$12913,$0.003899,3311793,https://coinmarketcap.com/currencies/ubiq/
286,Blakecoin,BLC,$12827,$0.002722,4712483,https://coinmarketcap.com/currencies/blakecoin/
287,Maieuticoin,MMXIV,$12461,$5.67,2197,https://coinmarketcap.com/currencies/mmxiv/
288,CraigsCoin,CRAIG,$12003,$0.000400,30017007,https://coinmarketcap.com/currencies/craigscoin/
289,X-Children,CHILD,$11834,$0.006749,1753570,https://coinmarketcap.com/currencies/x-children/
290,LeafCoin,LEAF,$11819,$7.7e-07,15322977853,https://coinmarketcap.com/currencies/leafcoin/
291,CryptoBuck,BUK,$11671,$0.010370,1125483,https://coinmarketcap.com/currencies/cryptobuck/
292,Groestlcoin,GRS,$11567,$0.000218,53152825,https://coinmarketcap.com/currencies/groestlcoin/
293,Omnicoin,OMC,$11565,$0.001629,7097619,https://coinmarketcap.com/currencies/omnicoin/
294,Aliencoin,ALN,$11280,$0.000456,24726090,https://coinmarketcap.com/currencies/aliencoin/
295,UnbreakableCoin,UNB,$11224,$0.006794,1652100,https://coinmarketcap.com/currencies/unbreakablecoin/
296,Datacoin,DTC,$11020,$0.006431,1713492,https://coinmarketcap.com/currencies/datacoin/
297,GoldReserve,XGR,$10559,$0.000824,12812639,https://coinmarketcap.com/currencies/goldreserve/
298,Kryptkoin,KTK,$10415,$0.000605,17216623,https://coinmarketcap.com/currencies/kryptkoin/
299,Mincoin,MNC,$10359,$0.006018,1721350,https://coinmarketcap.com/currencies/mincoin/
300,Ghostcoin,GHOST,$10330,$0.000383,26943037,https://coinmarketcap.com/currencies/ghostcoin2/
301,PseudoCash,PSEUD,$10159,$0.004639,2189976,https://coinmarketcap.com/currencies/pseudocoin/
302,Franko,FRK,$9980,$0.034397,290140,https://coinmarketcap.com/currencies/franko/
303,IncognitoCoin,ICG,$9929,$0.000488,20359638,https://coinmarketcap.com/currencies/incognitocoin/
304,Gapcoin,GAP,$9671,$0.017685,546822,https://coinmarketcap.com/currencies/gapcoin/
305,Diem,DIEM,$9611,$4.4e-07,21654647268,https://coinmarketcap.com/currencies/diem/
306,SHACoin,SHA,$9465,$0.000026,357656792,https://coinmarketcap.com/currencies/shacoin/
307,Joulecoin,XJO,$9457,$0.000684,13820544,https://coinmarketcap.com/currencies/joulecoin/
308,Phoenixcoin,PXC,$9087,$0.000389,23335600,https://coinmarketcap.com/currencies/phoenixcoin/
309,MonetaryUnit,MUE,$8995,$0.000214,41976590,https://coinmarketcap.com/currencies/monetaryunit/
310,Piggycoin,PIGGY,$8955,$0.000019,473737167,https://coinmarketcap.com/currencies/piggycoin/
311,BetaCoin,BET,$8599,$0.000465,18495878,https://coinmarketcap.com/currencies/betacoin/
312,Solcoin,SOL,$8386,$0.000034,246869724,https://coinmarketcap.com/currencies/solcoin/
313,StabilityShares,XSI,$8354,$0.001134,7366072,https://coinmarketcap.com/currencies/stabilityshares/
314,Neocoin,NEC,$8340,$0.001356,6150310,https://coinmarketcap.com/currencies/neocoin/
315,CoolCoin,COOL,$8260,$0.000079,104047705,https://coinmarketcap.com/currencies/coolcoin/
316,SpainCoin,SPA,$8160,$0.000386,21160196,https://coinmarketcap.com/currencies/spaincoin/
317,Emerald Crypto,EMD,$8150,$0.000793,10274566,https://coinmarketcap.com/currencies/emerald/
318,Spark,SPARK,$8120,$0.003757,2161563,https://coinmarketcap.com/currencies/spark/
319,microCoin,MRC,$7891,$4.3e-07,18387562489,https://coinmarketcap.com/currencies/microcoin/
320,PetroDollar,XPD,$7878,$0.000129,61290025,https://coinmarketcap.com/currencies/petrodollar/
321,TopCoin,TOP,$7833,$0.000333,23546168,https://coinmarketcap.com/currencies/topcoin/
322,Libertycoin,XLB,$7741,$0.000469,16512528,https://coinmarketcap.com/currencies/libertycoin/
323,Isracoin,ISR,$7733,$0.000506,15269460,https://coinmarketcap.com/currencies/isracoin/
324,Fantomcoin,FCN,$7689,$0.006049,1271211,https://coinmarketcap.com/currencies/fantomcoin/
325,CageCoin,CAGE,$7634,$8.7e-08,87307789358,https://coinmarketcap.com/currencies/cagecoin/
326,Catcoin,CAT,$7575,$0.004514,1678250,https://coinmarketcap.com/currencies/catcoin/
327,NTX,NTX,$7561,$0.000008,1000000000,https://coinmarketcap.com/currencies/ntx/
328,SmartCoin,SMC,$7504,$0.000476,15753430,https://coinmarketcap.com/currencies/smartcoin/
329,Execoin,EXE,$7503,$0.000420,17881067,https://coinmarketcap.com/currencies/execoin/
330,CryptoEscudo,CESC,$7351,$0.000105,70067100,https://coinmarketcap.com/currencies/cryptoescudo/
331,VegasCoin,VGC,$7321,$0.000334,21941130,https://coinmarketcap.com/currencies/vegascoin/
332,BigBullion,BIG,$7282,$0.023443,310644,https://coinmarketcap.com/currencies/bigbullion/
333,UtilityCoin,UTIL,$7168,$0.001932,3709230,https://coinmarketcap.com/currencies/utilitycoin/
334,MonetaVerde,MCN,$7153,$0.001130,6328244,https://coinmarketcap.com/currencies/monetaverde/
335,RonPaulCoin,RPC,$7081,$0.035242,200929,https://coinmarketcap.com/currencies/ronpaulcoin/
336,StableCoin,SBC,$7035,$0.000431,16324657,https://coinmarketcap.com/currencies/stablecoin/
337,ShibeCoin,SHIBE,$6849,$0.000023,303092604,https://coinmarketcap.com/currencies/shibecoin/
338,Bitgem,BTG,$6829,$0.223524,30552,https://coinmarketcap.com/currencies/bitgem/
339,Guerillacoin,GUE,$6818,$0.001512,4508409,https://coinmarketcap.com/currencies/guerillacoin/
340,Trollcoin,TROLL,$6796,$0.000002,4323050001,https://coinmarketcap.com/currencies/trollcoin/
341,Abundance2,ABC2,$6785,$0.009822,690793,https://coinmarketcap.com/currencies/abundance2/
342,Prime-XI,PXI,$6772,$0.003098,2185610,https://coinmarketcap.com/currencies/prime-xi/
343,IcebergCoin,ICB,$6742,$0.001509,4469405,https://coinmarketcap.com/currencies/icebergcoin/
344,XxXcoin,XXX,$6648,$0.000182,36580563,https://coinmarketcap.com/currencies/xxxcoin/
345,Dashcoin,DSH,$6581,$1.1e-07,61027744482,https://coinmarketcap.com/currencies/dashcoin/
346,RootCoin,ROOT,$6476,$0.003395,1907728,https://coinmarketcap.com/currencies/rootcoin/
347,ShieldCoin,SHLD,$6075,$0.005576,1089450,https://coinmarketcap.com/currencies/shield/
348,GlobalBoost-Y,BSTY,$6018,$0.001507,3991978,https://coinmarketcap.com/currencies/globalboost-y/
349,Argentum,ARG,$5987,$0.004068,1471853,https://coinmarketcap.com/currencies/argentum/
350,QuazarCoin,QCN,$5879,$0.004915,1196300,https://coinmarketcap.com/currencies/quazarcoin-old/
351,Gnosis,GNS,$5852,$0.000189,30961335,https://coinmarketcap.com/currencies/gnosis/
352,NewYorkCoin,NYC,$5584,$5.7e-08,97307606333,https://coinmarketcap.com/currencies/newyorkcoin/
353,FAILCoin,FAIL,$5536,$7.1e-08,77584749177,https://coinmarketcap.com/currencies/failcoin/
354,DigitalPrice,DP,$5456,$0.010129,538687,https://coinmarketcap.com/currencies/digitalprice/
355,LiteBar,LTB,$5404,$0.030576,176737,https://coinmarketcap.com/currencies/litebar/
356,Deepcoin,DCN,$5374,$0.000095,56388352,https://coinmarketcap.com/currencies/deepcoin/
357,VorteX,VTX,$5096,$0.005671,898582,https://coinmarketcap.com/currencies/vortex/
358,Fractalcoin,FRAC,$5004,$0.006805,735422,https://coinmarketcap.com/currencies/fractalcoin/
359,Acoin,ACOIN,$4976,$0.013988,355742,https://coinmarketcap.com/currencies/acoin/
360,SocialxBot,XBOT,$4856,$0.003171,1531389,https://coinmarketcap.com/currencies/socialxbot/
361,Halcyon,HAL,$4851,$0.002983,1626446,https://coinmarketcap.com/currencies/halcyon/
362,Noirbits,NRB,$4667,$0.002073,2251240,https://coinmarketcap.com/currencies/noirbits/
363,Cinder,CIN,$4515,$0.000040,113908314,https://coinmarketcap.com/currencies/cinder/
364,CandyCoin,YUM,$4485,$0.001289,3478920,https://coinmarketcap.com/currencies/candycoin/
365,BritCoin,BRIT,$4461,$0.000412,10825202,https://coinmarketcap.com/currencies/britcoin/
366,KlondikeCoin,KDC,$4450,$0.000608,7320629,https://coinmarketcap.com/currencies/klondikecoin/
367,TorCoin,TOR,$4313,$0.002835,1521109,https://coinmarketcap.com/currencies/torcoin/
368,RosCoin,ROS,$4298,$0.000057,75787226,https://coinmarketcap.com/currencies/roscoin/
369,AidBit,AID,$4161,$0.000284,14676239,https://coinmarketcap.com/currencies/aidbit/
370,Elacoin,ELC,$4152,$0.009557,434459,https://coinmarketcap.com/currencies/elacoin/
371,LottoShares,LTS,$4091,$0.000102,40076558,https://coinmarketcap.com/currencies/lottoshares/
372,Guncoin,GUN,$4079,$0.000061,66699828,https://coinmarketcap.com/currencies/guncoin/
373,OpenSourcecoin,OSC,$3960,$0.000835,4740162,https://coinmarketcap.com/currencies/opensourcecoin/
374,MiracleCoin,MCL,$3873,$0.003872,1000153,https://coinmarketcap.com/currencies/miraclecoin/
375,Glyph,GLYPH,$3857,$0.001694,2277049,https://coinmarketcap.com/currencies/glyph/
376,Kongzi Print Shop,KPS,$3805,$0.271065,14038,https://coinmarketcap.com/currencies/kongzi-print-shop/
377,Plankton,FOOD,$3783,$0.000004,1000618345,https://coinmarketcap.com/currencies/plankton/
378,Aiden,ADN,$3763,$0.000257,14639403,https://coinmarketcap.com/currencies/aiden/
379,Junkcoin,JKC,$3695,$0.000265,13961400,https://coinmarketcap.com/currencies/junkcoin/
380,Bancorcoin,BNCR,$3615,$0.000658,5495936,https://coinmarketcap.com/currencies/bancorcoin/
381,Benjamins,BEN,$3600,$0.001483,2427600,https://coinmarketcap.com/currencies/benjamins/
382,LemurCoin,LMR,$3581,$0.035807,100000,https://coinmarketcap.com/currencies/lemurcoin/
383,Pesa,PES,$3483,$0.000174,20058734,https://coinmarketcap.com/currencies/pesa/
384,PLNcoin,PLNC,$3478,$0.000265,13141832,https://coinmarketcap.com/currencies/plncoin/
385,Magicoin,MAGIC,$3427,$0.000835,4102283,https://coinmarketcap.com/currencies/magicoin/
386,LegendaryCoin,LGD,$3378,$0.000680,4963724,https://coinmarketcap.com/currencies/legendarycoin/
387,CAPTcoin,CAPT,$3326,$0.001047,3175760,https://coinmarketcap.com/currencies/captcoin/
388,GCN Coin,GCN,$3299,$5.3e-08,61715210000,https://coinmarketcap.com/currencies/gcn-coin/
389,WhistleCoin,WSTL,$3294,$0.000181,18154918,https://coinmarketcap.com/currencies/whistlecoin/
390,Talkcoin,TAC,$3293,$0.000250,13198260,https://coinmarketcap.com/currencies/talkcoin/
391,CRTCoin,CRT,$3252,$0.041019,79270,https://coinmarketcap.com/currencies/crtcoin/
392,Umbrella-LTC,ULTC,$3146,$0.007704,408400,https://coinmarketcap.com/currencies/umbrella-ltc/
393,Nimbus,NMB,$3146,$0.000223,14093432,https://coinmarketcap.com/currencies/nimbus/
394,CorgiCoin,CORG,$3127,$3.6e-08,87674904487,https://coinmarketcap.com/currencies/corgicoin/
395,InkWayCoin,LKNX,$3076,$0.000308,10000000,https://coinmarketcap.com/currencies/inkwaycoin/
396,HamRadioCoin,HAM,$3053,$0.001989,1534676,https://coinmarketcap.com/currencies/hamradiocoin/
397,Pyramids,PYRA,$2988,$0.000102,29273160,https://coinmarketcap.com/currencies/pyramids/
398,VaultCoin,VAULT,$2895,$1.93,1501,https://coinmarketcap.com/currencies/vaultcoin/
399,FireFlyCoin,FFC,$2804,$0.000030,92727600,https://coinmarketcap.com/currencies/fireflycoin/
400,Techcoin,TECH,$2769,$0.014744,187824,https://coinmarketcap.com/currencies/techcoin/
401,Kumacoin,KUMA,$2760,$0.000015,182512440,https://coinmarketcap.com/currencies/kumacoin/
402,RedCoin,RED,$2650,$0.000651,4068638,https://coinmarketcap.com/currencies/redcoin/
403,Spots,SPT,$2649,$0.000200,13218529,https://coinmarketcap.com/currencies/spots/
404,RotoCoin,RT2,$2546,$0.039052,65194,https://coinmarketcap.com/currencies/rotocoin/
405,Lightspeed,LSD,$2526,$0.003289,767911,https://coinmarketcap.com/currencies/lightspeed/
406,ConcealCoin,CNL,$2460,$0.000245,10026047,https://coinmarketcap.com/currencies/concealcoin/
407,KashmirCoin,KSC,$2456,$34.02,72.18311,https://coinmarketcap.com/currencies/kashmircoin/
408,DogeBlackCoin,DOGEBC,$2345,$0.000008,310160050,https://coinmarketcap.com/currencies/dogeblackcoin/
409,Triangles,TRI,$2339,$0.047256,49493,https://coinmarketcap.com/currencies/triangles/
410,Monocle,MON,$2242,$0.001138,1969847,https://coinmarketcap.com/currencies/monocle/
411,Motocoin,MOTO,$2213,$0.000491,4503880,https://coinmarketcap.com/currencies/motocoin/
412,UroDarkCoin,UROD,$2212,$0.001361,1625569,https://coinmarketcap.com/currencies/urodarkcoin/
413,Global Denomination,GDN,$2192,$0.000295,7435040,https://coinmarketcap.com/currencies/global-denomination/
414,ProsperCoin,PRC,$2144,$0.002362,907770,https://coinmarketcap.com/currencies/prospercoin/
415,NewWorldOrderCoin,NWO,$2047,$0.001826,1120976,https://coinmarketcap.com/currencies/newworldordercoin/
416,Judgecoin,JUDGE,$2007,$0.000174,11540949,https://coinmarketcap.com/currencies/judgecoin/
417,Lycancoin,LYC,$1949,$0.000008,257833791,https://coinmarketcap.com/currencies/lycancoin/
418,Heisenberg,HEX,$1895,$1.5e-07,12473553843,https://coinmarketcap.com/currencies/heisenberg/
419,UCoin,U,$1893,$0.000979,1933726,https://coinmarketcap.com/currencies/ucoin/
420,Emucoin,EMU,$1886,$4.4e-08,43319049189,https://coinmarketcap.com/currencies/emucoin/
421,Ruble,RUBLE,$1866,$0.001134,1645244,https://coinmarketcap.com/currencies/ruble/
422,Conspiracycoin,CYC,$1851,$0.000382,4847895,https://coinmarketcap.com/currencies/conspiracycoin/
423,Cashcoin,CASH,$1824,$0.000401,4551861,https://coinmarketcap.com/currencies/cashcoin/
424,Nyancoin,NYAN,$1780,$0.000011,159171141,https://coinmarketcap.com/currencies/nyancoin/
425,ImperialCoin,IPC,$1729,$0.000033,53052000,https://coinmarketcap.com/currencies/imperialcoin/
426,ShadeCoin,SHADE,$1715,$0.001012,1694985,https://coinmarketcap.com/currencies/shadecoin/
427,Hirocoin,HIRO,$1689,$0.000019,89328800,https://coinmarketcap.com/currencies/hirocoin/
428,ZimStake,ZS,$1661,$0.000424,3914607,https://coinmarketcap.com/currencies/zimstake/
429,BurnerCoin,BURN,$1658,$0.000760,2181453,https://coinmarketcap.com/currencies/burnercoin/
430,CoffeeCoin,CFC,$1642,$0.000011,144787028,https://coinmarketcap.com/currencies/coffeecoin/
431,VirtualMiningCoin,VMC,$1629,$0.000026,61544896,https://coinmarketcap.com/currencies/virtualminingcoin/
432,PHCoin,PHC,$1621,$0.000121,13396450,https://coinmarketcap.com/currencies/phcoin/
433,Ekrona,KRN,$1621,$0.000389,4161760,https://coinmarketcap.com/currencies/ekrona/
434,RipoffCoin,RIPO,$1595,$0.000242,6583400,https://coinmarketcap.com/currencies/ripoffcoin/
435,Solecoin,SOLE,$1584,$0.001240,1277194,https://coinmarketcap.com/currencies/solecoin/
436,1Coin,ONE,$1481,$0.003780,391779,https://coinmarketcap.com/currencies/1coin/
437,Bongger,BGR,$1456,$0.000006,235351560,https://coinmarketcap.com/currencies/bongger/
438,GanjaCoin,MRJA,$1441,$0.000662,2178282,https://coinmarketcap.com/currencies/ganjacoin/
439,TacoCoin,TCO,$1419,$0.000029,48851375,https://coinmarketcap.com/currencies/tacocoin/
440,MugatuCoin,MUGA,$1392,$0.000691,2014591,https://coinmarketcap.com/currencies/mugatucoin/
441,DarkShibe,DSB,$1347,$0.001084,1242516,https://coinmarketcap.com/currencies/darkshibe/
442,TakCoin,TAK,$1285,$0.000008,169950240,https://coinmarketcap.com/currencies/takcoin/
443,Moneta,MNTA,$1281,$0.000077,16693962,https://coinmarketcap.com/currencies/moneta/
444,RawCoin,RAW,$1274,$0.000220,5777447,https://coinmarketcap.com/currencies/rawcoin/
445,PotatoCoin,SPUDS,$1229,$0.000010,121577904,https://coinmarketcap.com/currencies/potatocoin/
446,Fetish,FETISH,$1183,$0.002548,464168,https://coinmarketcap.com/currencies/fetish/
447,CacheCoin,CACH,$1174,$0.003531,332373,https://coinmarketcap.com/currencies/cachecoin/
448,CannabisDarkcoin,CND,$1164,$0.000163,7152204,https://coinmarketcap.com/currencies/cannabisdarkcoin/
449,BatCoin,BAT,$1159,$1.8e-07,6481010000,https://coinmarketcap.com/currencies/batcoin/
450,CrackCoin,CRACK,$1158,$0.000193,6004132,https://coinmarketcap.com/currencies/crackcoin/
451,Darkkush,DANK,$1115,$0.000374,2980422,https://coinmarketcap.com/currencies/darkkush/
452,XCloudcoin,XCLD,$1082,$0.001753,617560,https://coinmarketcap.com/currencies/xcloudcoin/
453,Grain,GRA,$1076,$0.000001,970635753,https://coinmarketcap.com/currencies/grain/
454,Axron,AXR,$1037,$0.000964,1075900,https://coinmarketcap.com/currencies/axron/
455,CaliforniaCoin,CAC,$973,$4.7e-07,2058600050,https://coinmarketcap.com/currencies/californiacoin/
456,Cryptographic Anomaly,CGA,$956,$0.007240,132116,https://coinmarketcap.com/currencies/cryptographic-anomaly/
457,GROUPCoin,GPC,$949,$0.000095,10016346,https://coinmarketcap.com/currencies/groupcoin/
458,BeaverCoin,BVC,$944,$0.000508,1859068,https://coinmarketcap.com/currencies/beavercoin/
459,Canada eCoin,CDN,$941,$0.000089,10583450,https://coinmarketcap.com/currencies/canada-ecoin/
460,Diode,DIO,$930,$0.000219,4242005,https://coinmarketcap.com/currencies/diode/
461,ReserveShare,RSU,$867,$0.000867,1000000,https://coinmarketcap.com/currencies/reserveshare/
462,Digit,DIG,$828,$0.000038,21906864,https://coinmarketcap.com/currencies/digit/
463,WeAreSatoshi,WSX,$816,$0.000036,22824360,https://coinmarketcap.com/currencies/wearesatoshi/
464,Dobbscoin,BOB,$776,$0.000378,2051500,https://coinmarketcap.com/currencies/dobbscoin/
465,BlazeCoin,BLZ,$761,$0.000003,231425048,https://coinmarketcap.com/currencies/blazecoin/
466,REKTcoin,REKT,$730,$0.001285,567987,https://coinmarketcap.com/currencies/rektcoin/
467,BitCentavo,NBE,$697,$6.1e-07,1145690344,https://coinmarketcap.com/currencies/bitcentavo/
468,Unattainium,UNAT,$659,$0.022694,29055,https://coinmarketcap.com/currencies/unattainium/
469,GBCoin,GBC,$602,$0.000265,2276260,https://coinmarketcap.com/currencies/gbcoin/
470,GlowCoin,GLOW,$580,$0.000329,1764208,https://coinmarketcap.com/currencies/glowcoin/
471,Intellicoin,INT,$533,$0.000060,8818764,https://coinmarketcap.com/currencies/intellicoin/
472,NopeCoin,NOPE,$447,$0.000030,14790487,https://coinmarketcap.com/currencies/nopecoin/
473,Bela,BELA,$393,$0.000064,6118900,https://coinmarketcap.com/currencies/belacoin/
474,VolatilityCoin,VLTY,$377,$0.000110,3441533,https://coinmarketcap.com/currencies/volatilitycoin/
475,VoxPopuli,VOXP,$318,$0.000030,10519003,https://coinmarketcap.com/currencies/voxpopuli/
476,KimDotCoin,DOT,$310,$0.000003,96239192,https://coinmarketcap.com/currencies/kimdotcoin/
477,Penguincoin (old),PENG,$285,$1.7e-08,16340117070,https://coinmarketcap.com/currencies/penguincoin-old/
478,Viking Coin,VIK,$265,$0.099041,2678,https://coinmarketcap.com/currencies/viking-coin/
479,Wincoin,WIN,$252,$0.000003,81100141,https://coinmarketcap.com/currencies/wincoin/
480,Donationcoin,DON,$177,$0.000038,4607050,https://coinmarketcap.com/currencies/donationcoin/
481,Lightcoin,LIT,$174,$0.000034,5115468,https://coinmarketcap.com/currencies/lightcoin/
482,WolfCoin,WLF,$160,$0.000093,1721704,https://coinmarketcap.com/currencies/wolfcoin/
483,Darkpeer,DPC,$151,$0.000034,4462476,https://coinmarketcap.com/currencies/darkpeer/
484,GoodCoin,GOOD,$148,$0.000019,7848777,https://coinmarketcap.com/currencies/goodcoin/
485,Kryptonite,KRYP,$141,$0.000030,4658526,https://coinmarketcap.com/currencies/kryptonite/
486,Scattercoin,XSTC,$103,$0.000284,361765,https://coinmarketcap.com/currencies/scattercoin/
487,Lion,LION,$88,$0.000064,1371497,https://coinmarketcap.com/currencies/lion/
488,Denarius,DRS,$87,$0.000076,1148800,https://coinmarketcap.com/currencies/denarius/
489,Bitleu,BTL,$86,$0.000004,22805599,https://coinmarketcap.com/currencies/bitleu/
490,Noahcoin,NOAH,$83,$0.000008,11033099,https://coinmarketcap.com/currencies/noahcoin/
491,Granite,GRN,$70,$0.000008,8645200,https://coinmarketcap.com/currencies/granitecoin/
492,WhiteGoldShares,WGS,$31,$0.001922,16339,https://coinmarketcap.com/currencies/whitegoldshares/
493,MileyCyrusCoin,MCC,$14,$0.000045,298735,https://coinmarketcap.com/currencies/mileycyruscoin/
494,66 Coin,66,?,$40.07,?,https://coinmarketcap.com/currencies/66-coin/
495,Blocknet,BLOCK,?,$0.052942,?,https://coinmarketcap.com/currencies/blocknet/
496,DeafDollars,DEAF,?,$0.040047,?,https://coinmarketcap.com/currencies/deafdollars/
497,Extremecoin,EXC,?,$0.011362,?,https://coinmarketcap.com/currencies/extremecoin/
498,Latium old,LAT,?,$0.010585,?,https://coinmarketcap.com/currencies/latium-old/
499,Rimbit,RBT,?,$0.005293,?,https://coinmarketcap.com/currencies/rimbit/
500,CraftCoin,CRC,?,$0.004824,?,https://coinmarketcap.com/currencies/craftcoin/
501,Euphoria,EUPH,?,$0.003969,?,https://coinmarketcap.com/currencies/euphoria/
502,Joincoin,J,?,$0.003856,?,https://coinmarketcap.com/currencies/joincoin/
503,Coinworkscoin,LAB,?,$0.003759,?,https://coinmarketcap.com/currencies/coinworkscoin/
504,Bytecoin,BTE,?,$0.003502,?,https://coinmarketcap.com/currencies/bytecoin-bte/
505,CataloniaCoin,CATC,?,$0.003217,?,https://coinmarketcap.com/currencies/cataloniacoin/
506,CHNCoin,CNC,?,$0.001174,?,https://coinmarketcap.com/currencies/chncoin/
507,New Universal Dollar,NUD,?,$0.000775,?,https://coinmarketcap.com/currencies/new-universal-dollar/
508,Nibble,NBL,?,$0.000730,?,https://coinmarketcap.com/currencies/nibble/
509,Doubloons,DBL,?,$0.000721,?,https://coinmarketcap.com/currencies/doubloons/
510,Aegis,AGS,?,$0.000699,?,https://coinmarketcap.com/currencies/aegis/
511,BCT Coin,BCT,?,$0.000605,?,https://coinmarketcap.com/currencies/bct-coin/
512,DarkToken,DT,?,$0.000401,?,https://coinmarketcap.com/currencies/darktoken/
513,Tigercoin,TGC,?,$0.000393,?,https://coinmarketcap.com/currencies/tigercoin/
514,EthereumDark,ETD,?,$0.000377,?,https://coinmarketcap.com/currencies/ethereumdark/
515,EZCoin,EZC,?,$0.000284,?,https://coinmarketcap.com/currencies/ezcoin/
516,AmericanCoin,AMC,?,$0.000238,?,https://coinmarketcap.com/currencies/americancoin/
517,AlphaCoin,ALF,?,$0.000208,?,https://coinmarketcap.com/currencies/alphacoin/
518,Sativacoin,STV,?,$0.000193,?,https://coinmarketcap.com/currencies/sativacoin/
519,NanoToken,NAN,?,$0.000184,?,https://coinmarketcap.com/currencies/nanotoken/
520,SSVCoin,SSV,?,$0.000151,?,https://coinmarketcap.com/currencies/ssvcoin/
521,BDSM,BDSM,?,$0.000106,?,https://coinmarketcap.com/currencies/bdsm/
522,Krugercoin,KGC,?,$0.000076,?,https://coinmarketcap.com/currencies/krugercoin/
523,Ghostcoin,GHC,?,$0.000053,?,https://coinmarketcap.com/currencies/ghostcoin/
524,Memecoin,MEM,?,$0.000042,?,https://coinmarketcap.com/currencies/memecoin/
525,StarCoin,STR,?,$0.000042,?,https://coinmarketcap.com/currencies/starcoin/
526,FindYouCoin,FIND,?,$0.000035,?,https://coinmarketcap.com/currencies/findyoucoin/
527,SecurityCoin,SCSY,?,$0.000034,?,https://coinmarketcap.com/currencies/securitysyscoin/
528,Coin(O),CNO,?,$0.000023,?,https://coinmarketcap.com/currencies/coin/
529,EBTCoin,EBT,?,$0.000019,?,https://coinmarketcap.com/currencies/ebtcoin/
530,GameCoin,GME,?,$0.000012,?,https://coinmarketcap.com/currencies/gamecoin/
531,TittieCoin,TIT,?,$0.000012,?,https://coinmarketcap.com/currencies/tittiecoin/
532,PeleCoin,PLCN,?,$0.000004,?,https://coinmarketcap.com/currencies/pelecoin/
533,Pennies,CENT,?,$3.5e-09,?,https://coinmarketcap.com/currencies/pennies/
