1,Bitcoin,BTC,$3901991590,$271.91,14350125,https://coinmarketcap.com/currencies/bitcoin/
2,XRP,XRP,$319771975,$0.010022,31908551587,https://coinmarketcap.com/currencies/ripple/
3,Litecoin,LTC,$200743179,$4.95,40531904,https://coinmarketcap.com/currencies/litecoin/
4,Dogecoin,DOGE,$19395798,$0.000194,100067420606,https://coinmarketcap.com/currencies/dogecoin/
5,Dash,DASH,$17135823,$3.09,5538286,https://coinmarketcap.com/currencies/dash/
6,BitShares,BTS,$16209819,$0.006453,2511953117,https://coinmarketcap.com/currencies/bitshares/
7,Stellar,XLM,$15101663,$0.003122,4837356606,https://coinmarketcap.com/currencies/stellar/
8,Nxt,NXT,$13126389,$0.013126,999997096,https://coinmarketcap.com/currencies/nxt/
9,Peercoin,PPC,$12764801,$0.568316,22460750,https://coinmarketcap.com/currencies/peercoin/
10,MaidSafeCoin,MAID,$11340966,$0.025060,452552412,https://coinmarketcap.com/currencies/maidsafecoin/
11,Banx,BANX,$11306578,$1.82,6199126,https://coinmarketcap.com/currencies/banx/
12,Namecoin,NMC,$8699682,$0.731130,11898950,https://coinmarketcap.com/currencies/namecoin/
13,Bytecoin,BCN,$6498123,$0.000037,174352776384,https://coinmarketcap.com/currencies/bytecoin-bcn/
14,Monero,XMR,$4376934,$0.521969,8385424,https://coinmarketcap.com/currencies/monero/
15,Startcoin,START,$4295185,$0.158713,27062629,https://coinmarketcap.com/currencies/startcoin/
16,MonaCoin,MONA,$3923093,$0.186498,21035550,https://coinmarketcap.com/currencies/monacoin/
17,BlackCoin,BLK,$3603460,$0.048079,74949379,https://coinmarketcap.com/currencies/blackcoin/
18,Counterparty,XCP,$3449717,$1.31,2640096,https://coinmarketcap.com/currencies/counterparty/
19,YbCoin,YBC,$3020602,$1.01,3000000,https://coinmarketcap.com/currencies/ybcoin/
20,MintCoin,MINT,$2570774,$0.000119,21593728533,https://coinmarketcap.com/currencies/mintcoin/
21,SuperNET,UNITY,$2528102,$3.10,816061,https://coinmarketcap.com/currencies/supernet-unity/
22,Primecoin,XPM,$2411479,$0.225578,10690239,https://coinmarketcap.com/currencies/primecoin/
23,BitcoinDark,BTCD,$1924194,$1.57,1224216,https://coinmarketcap.com/currencies/bitcoindark/
24,NuShares,NSR,$1876977,$0.002305,814359918,https://coinmarketcap.com/currencies/nushares/
25,DigitalNote,XDN,$1703504,$0.000249,6842670932,https://coinmarketcap.com/currencies/digitalnote/
26,DNotes,NOTE,$1611711,$0.015945,101081874,https://coinmarketcap.com/currencies/dnotes/
27,Vertcoin,VTC,$1572342,$0.096230,16339350,https://coinmarketcap.com/currencies/vertcoin/
28,Ethercoin,ETC,$1526938,$1.53,1000000,https://coinmarketcap.com/currencies/ethercoin/
29,Clams,CLAM,$1487476,$1.96,760069,https://coinmarketcap.com/currencies/clams/
30,Megacoin,MEC,$1306166,$0.044439,29392650,https://coinmarketcap.com/currencies/megacoin/
31,Infinitecoin,IFC,$1257376,$0.000014,90596274264,https://coinmarketcap.com/currencies/infinitecoin/
32,GetGems,GEMZ,$1198131,$0.013594,88135217,https://coinmarketcap.com/currencies/gems/
33,WorldCoin,WDC,$1177908,$0.014031,83948260,https://coinmarketcap.com/currencies/worldcoin/
34,Quark,QRK,$1159697,$0.004656,249092580,https://coinmarketcap.com/currencies/quark/
35,NEM,XEM,$1158863,$0.000129,8999999999,https://coinmarketcap.com/currencies/nem/
36,Novacoin,NVC,$1149538,$1.05,1096701,https://coinmarketcap.com/currencies/novacoin/
37,PayCoin,XPY,$992331,$0.061802,16056656,https://coinmarketcap.com/currencies/paycoin2/
38,TRMB,TRMB,$989718,$0.161661,6122184,https://coinmarketcap.com/currencies/trmb/
39,ShadowCash,SDC,$946183,$0.145971,6481982,https://coinmarketcap.com/currencies/shadowcash/
40,VeriCoin,VRC,$943209,$0.034704,27178461,https://coinmarketcap.com/currencies/vericoin/
41,Feathercoin,FTC,$936939,$0.012877,72761280,https://coinmarketcap.com/currencies/feathercoin/
42,Storjcoin X,SJCX,$793247,$0.019131,41464404,https://coinmarketcap.com/currencies/storjcoin-x/
43,Maxcoin,MAX,$714373,$0.017231,41459435,https://coinmarketcap.com/currencies/maxcoin/
44,Zeitcoin,ZEIT,$622985,$0.000020,31900127256,https://coinmarketcap.com/currencies/zeitcoin/
45,Zetacoin,ZET,$578859,$0.003563,162471076,https://coinmarketcap.com/currencies/zetacoin/
46,Emercoin,EMC,$549771,$0.015472,35532115,https://coinmarketcap.com/currencies/emercoin/
47,NuBits,USNBT,$545051,$0.999839,545139,https://coinmarketcap.com/currencies/nubits/
48,ARCHcoin,ARCH,$541033,$0.033034,16378009,https://coinmarketcap.com/currencies/archcoin/
49,Applecoin,APC,$522404,$0.023441,22286048,https://coinmarketcap.com/currencies/applecoin/
50,I/O Coin,IOC,$499741,$0.030885,16180697,https://coinmarketcap.com/currencies/iocoin/
51,Digitalcoin,DGC,$482194,$0.019974,24141523,https://coinmarketcap.com/currencies/digitalcoin/
52,BilShares,BILS,$468817,$0.000469,1000000000,https://coinmarketcap.com/currencies/bilshares/
53,Diamond,DMD,$460029,$0.410312,1121167,https://coinmarketcap.com/currencies/diamond/
54,Tether,USDT,$451600,$1.00,451600,https://coinmarketcap.com/currencies/tether/
55,VPNCoin,VASH,$433829,$0.001084,400186428,https://coinmarketcap.com/currencies/vpncoin/
56,TileCoin,XTC,$432603,$0.004326,100000000,https://coinmarketcap.com/currencies/tilecoin/
57,CannabisCoin,CANN,$416855,$0.005421,76901889,https://coinmarketcap.com/currencies/cannabiscoin/
58,Vcash,XVC,$413604,$0.050963,8115845,https://coinmarketcap.com/currencies/vcash/
59,DigiByte,DGB,$408495,$0.000091,4505453084,https://coinmarketcap.com/currencies/digibyte/
60,Anoncoin,ANC,$398701,$0.226853,1757527,https://coinmarketcap.com/currencies/anoncoin/
61,ReddCoin,RDD,$388907,$0.000014,27677257543,https://coinmarketcap.com/currencies/reddcoin/
62,ZcCoin,ZCC,$384985,$0.022186,17352849,https://coinmarketcap.com/currencies/zccoin/
63,Blocknet,BLOCK,$380104,$0.097472,3899645,https://coinmarketcap.com/currencies/blocknet/
64,NetCoin,NET,$346800,$0.000871,398347887,https://coinmarketcap.com/currencies/netcoin/
65,TEKcoin,TEK,$341275,$0.016037,21280122,https://coinmarketcap.com/currencies/tekcoin/
66,Riecoin,RIC,$338448,$0.023320,14513225,https://coinmarketcap.com/currencies/riecoin/
67,BoostCoin,BOST,$310288,$0.026350,11775422,https://coinmarketcap.com/currencies/boostcoin/
68,FedoraCoin,TIPS,$302898,$0.000001,280846322360,https://coinmarketcap.com/currencies/fedoracoin/
69,HyperStake,HYP,$301822,$0.001234,244631824,https://coinmarketcap.com/currencies/hyperstake/
70,PotCoin,POT,$271698,$0.001307,207937072,https://coinmarketcap.com/currencies/potcoin/
71,TagCoin,TAG,$271142,$0.081786,3315248,https://coinmarketcap.com/currencies/tagcoin/
72,EarthCoin,EAC,$256378,$0.000032,7959206975,https://coinmarketcap.com/currencies/earthcoin/
73,Librexcoin,LXC,$240019,$0.024578,9765797,https://coinmarketcap.com/currencies/librexcoin/
74,Mooncoin,MOON,$212159,$0.000001,204146221448,https://coinmarketcap.com/currencies/mooncoin/
75,GameCredits,GAME,$200602,$0.004075,49233011,https://coinmarketcap.com/currencies/gamecredits/
76,UnionCoin,UNC,$192568,$0.022956,8388608,https://coinmarketcap.com/currencies/unioncoin/
77,Horizon,HZ,$191934,$0.000223,861112017,https://coinmarketcap.com/currencies/next-horizon/
78,Nas,NAS,$179193,$0.000018,10000000000,https://coinmarketcap.com/currencies/nas/
79,Xaurum,XAUR,$172481,$169.76,1016,https://coinmarketcap.com/currencies/xaurum/
80,UltraCoin,UTC,$162476,$0.005037,32255290,https://coinmarketcap.com/currencies/ultracoin/
81,NautilusCoin,NAUT,$159355,$0.029942,5322099,https://coinmarketcap.com/currencies/nautiluscoin/
82,FLO,FLO,$158675,$0.001562,101569400,https://coinmarketcap.com/currencies/flo/
83,AmberCoin,AMBER,$158383,$0.032618,4855755,https://coinmarketcap.com/currencies/ambercoin/
84,bitUSD,BITUSD,$145170,$1.02,142808,https://coinmarketcap.com/currencies/bitusd/
85,Verge,XVG,$141345,$0.000016,8666650000,https://coinmarketcap.com/currencies/verge/
86,Crave,CRAVE,$128858,$0.203763,632395,https://coinmarketcap.com/currencies/crave/
87,Circuits of Value,COVAL,$125036,$0.000313,400000000,https://coinmarketcap.com/currencies/circuits-of-value/
88,SecureCoin,SRC,$119086,$0.052493,2268625,https://coinmarketcap.com/currencies/securecoin/
89,Sexcoin,SXC,$118969,$0.001172,101521026,https://coinmarketcap.com/currencies/sexcoin/
90,Dimecoin,DIME,$118699,$4e-07,299580260352,https://coinmarketcap.com/currencies/dimecoin/
91,Colossuscoin,COL,$106121,$3.4e-07,312889440517,https://coinmarketcap.com/currencies/colossuscoin/
92,Deutsche eMark,DEM,$103094,$0.006026,17107169,https://coinmarketcap.com/currencies/deutsche-emark/
93,Blitzcash,BLITZ,$91443,$0.023825,3838118,https://coinmarketcap.com/currencies/blitzcash/
94,Karmacoin,KARMA,$89276,$0.000001,67152874065,https://coinmarketcap.com/currencies/karmacoin/
95,Rubycoin,RBY,$87690,$0.003958,22152462,https://coinmarketcap.com/currencies/rubycoin/
96,StabilityShares,XSI,$80943,$0.009179,8817967,https://coinmarketcap.com/currencies/stabilityshares/
97,EuropeCoin,ERC,$74018,$0.000789,93866780,https://coinmarketcap.com/currencies/europecoin/
98,RedCoin,RED,$73120,$0.001132,64567234,https://coinmarketcap.com/currencies/redcoin/
99,Positron,TRON,$70698,$0.043426,1628025,https://coinmarketcap.com/currencies/positron/
100,HTML5COIN,HTML5,$68221,$0.000002,40659020000,https://coinmarketcap.com/currencies/htmlcoin5/
101,MangoCoinz,MCZ,$64273,$0.080873,794743,https://coinmarketcap.com/currencies/mangocoinz/
102,Viral,VIRAL,$63597,$0.011940,5326506,https://coinmarketcap.com/currencies/viral/
103,Bytecent,BYC,$52960,$0.092266,573985,https://coinmarketcap.com/currencies/bytecent/
104,Nexus,NXS,$48776,$0.002281,21387605,https://coinmarketcap.com/currencies/nexus/
105,UnbreakableCoin,UNB,$45656,$0.020348,2243750,https://coinmarketcap.com/currencies/unbreakablecoin/
106,BitBar,BTB,$39809,$2.12,18809,https://coinmarketcap.com/currencies/bitbar/
107,Orbitcoin,ORB,$39760,$0.019010,2091572,https://coinmarketcap.com/currencies/orbitcoin/
108,Buongiorno Caffe,BGCAFFE,$31110,$0.518493,60000,https://coinmarketcap.com/currencies/buongiorno-caffe/
109,Cashcoin,CASH,$30227,$0.006641,4551861,https://coinmarketcap.com/currencies/cashcoin/
110,DayTraderCoin,DTC,$23498,$0.020900,1124327,https://coinmarketcap.com/currencies/daytradercoin/
111,MasterTraderCoin,MTR,$22284,$0.163104,136623,https://coinmarketcap.com/currencies/mastertradercoin/
112,Wild Beast Block,WBB,$20277,$0.082266,246480,https://coinmarketcap.com/currencies/wild-beast-block/
113,Nakamoto Dark,NKT,$15401,$0.000174,88531263,https://coinmarketcap.com/currencies/nakamotodark/
114,GlobalBoost-Y,BSTY,$14466,$0.002012,7189042,https://coinmarketcap.com/currencies/globalboost-y/
115,BitCrystal,BTCRY,$10648,$0.000043,244830116,https://coinmarketcap.com/currencies/bitcrystal/
116,Singular,SIGU,$3874,$0.005477,707330,https://coinmarketcap.com/currencies/singular/
117,FairCoin,FAIR,$1833816,$0.035342,51888065,https://coinmarketcap.com/currencies/faircoin/
118,InstantDEX,DEX,$1699081,$1.70,1000000,https://coinmarketcap.com/currencies/instantdex/
119,Rimbit,RBT,$1443706,$0.012756,113174507,https://coinmarketcap.com/currencies/rimbit/
120,Swarm,SWARM,$1330095,$0.013308,99945431,https://coinmarketcap.com/currencies/swarm/
121,CoinoUSD,XUSD,$1176197,$0.995982,1180942,https://coinmarketcap.com/currencies/coinousd/
122,FuelCoin,FC2,$1143813,$0.011415,100206032,https://coinmarketcap.com/currencies/fuelcoin/
123,Omni,OMNI,$926232,$1.71,541684,https://coinmarketcap.com/currencies/omni/
124,MMNXT,MMNXT,$846480,$0.016930,50000000,https://coinmarketcap.com/currencies/mmnxt/
125,NXTventure,NXTV,$538314,$0.538314,1000000,https://coinmarketcap.com/currencies/nxtventure/
126,sharkfund0,SF0,$525629,$400.34,1313,https://coinmarketcap.com/currencies/sharkfund0/
127,jl777hodl,JLH,$523743,$0.052374,10000000,https://coinmarketcap.com/currencies/jl777hodl/
128,Unobtanium,UNO,$522337,$2.67,195317,https://coinmarketcap.com/currencies/unobtanium/
129,SkyNET,SKYNET,$505083,$0.564829,894223,https://coinmarketcap.com/currencies/skynet-asset/
130,SolarFarm,CELL,$503624,$0.005714,88146150,https://coinmarketcap.com/currencies/solarfarm/
131,Pangea Poker,PANGEA,$485362,$0.485677,999352,https://coinmarketcap.com/currencies/pangea-poker/
132,Ixcoin,IXC,$456673,$0.021746,20999906,https://coinmarketcap.com/currencies/ixcoin/
133,Tradebots,NXTcoinsco,$449419,$0.452861,992400,https://coinmarketcap.com/currencies/tradebots/
134,Jinn,JINN,$439734,$4.40,100000,https://coinmarketcap.com/currencies/jinn/
135,SolarCoin,SLR,$396210,$0.011760,33692363,https://coinmarketcap.com/currencies/solarcoin/
136,LIQUID,LQD,$386469,$4.00,96500,https://coinmarketcap.com/currencies/liquid/
137,BitShares PTS,PTS,$381985,$0.000382,999999386,https://coinmarketcap.com/currencies/bitshares-pts/
138,Hyper,HYPER,$342613,$0.076905,4454990,https://coinmarketcap.com/currencies/hyper/
139,Crypti,XCR,$340053,$0.003401,100000000,https://coinmarketcap.com/currencies/crypti/
140,Curecoin,CURE,$334088,$0.013286,25146767,https://coinmarketcap.com/currencies/curecoin/
141,Syscoin,SYS,$328530,$0.000785,418668596,https://coinmarketcap.com/currencies/syscoin/
142,Auroracoin,AUR,$323512,$0.046536,6951809,https://coinmarketcap.com/currencies/auroracoin/
143,ZiftrCOIN,ZRC,$315158,$0.028978,10875654,https://coinmarketcap.com/currencies/ziftrcoin/
144,Tickets,TIX,$297550,$0.000004,66876281414,https://coinmarketcap.com/currencies/tickets/
145,NavCoin,NAV,$289465,$0.004945,58534917,https://coinmarketcap.com/currencies/nav-coin/
146,GridCoin,GRC,$273891,$0.000756,362192141,https://coinmarketcap.com/currencies/gridcoin/
147,Jay,JAY,$273019,$0.275654,990440,https://coinmarketcap.com/currencies/jay/
148,CloakCoin,CLOAK,$251098,$0.054641,4595382,https://coinmarketcap.com/currencies/cloakcoin/
149,FIMKrypto,FIMK,$245745,$0.000541,454311198,https://coinmarketcap.com/currencies/fimkrypto/
150,I0Coin,I0C,$236705,$0.011362,20833014,https://coinmarketcap.com/currencies/i0coin/
151,Qora,QORA,$231806,$0.000023,10000000000,https://coinmarketcap.com/currencies/qora/
152,Cinni,CINNI,$216345,$0.001481,146040423,https://coinmarketcap.com/currencies/cinni/
153,Bitswift,BITS,$207450,$0.051454,4031746,https://coinmarketcap.com/currencies/bitswift/
154,XCurrency,XC,$201733,$0.035937,5613563,https://coinmarketcap.com/currencies/xcurrency/
155,Devcoin,DVC,$198226,$0.000021,9589497500,https://coinmarketcap.com/currencies/devcoin/
156,FlappyCoin,FLAP,$197415,$0.000003,69864678452,https://coinmarketcap.com/currencies/flappycoin/
157,Nxttycoin,NXTTY,$191632,$0.000192,1000000000,https://coinmarketcap.com/currencies/nxttycoin/
158,bitCNY,BITCNY,$184042,$0.162747,1130844,https://coinmarketcap.com/currencies/bitcny/
159,Viacoin,VIA,$183781,$0.011305,16256605,https://coinmarketcap.com/currencies/viacoin/
160,BitBay,BAY,$167010,$0.000167,1001238440,https://coinmarketcap.com/currencies/bitbay/
161,Gulden,NLG,$166457,$0.000674,246994101,https://coinmarketcap.com/currencies/gulden/
162,FreeMarket,MRKT,$164904,$0.229033,720000,https://coinmarketcap.com/currencies/freemarket/
163,Burst,BURST,$164542,$0.000178,923370103,https://coinmarketcap.com/currencies/burst/
164,AsiaCoin,AC,$157411,$0.000549,286685705,https://coinmarketcap.com/currencies/asiacoin/
165,Bullion,CBX,$157282,$0.163389,962621,https://coinmarketcap.com/currencies/bullion/
166,MaryJane,MARYJ,$156747,$0.010201,15365308,https://coinmarketcap.com/currencies/maryjane/
167,Coinomat,CNMT,$155587,$0.051862,3000000,https://coinmarketcap.com/currencies/coinomat/
168,ATOMIC,ATOMIC,$153881,$0.252263,610000,https://coinmarketcap.com/currencies/atomic/
169,ECC,ECC,$152773,$0.000008,18853806890,https://coinmarketcap.com/currencies/eccoin/
170,GoldCoin,GLC,$143306,$0.004131,34693896,https://coinmarketcap.com/currencies/goldcoin/
171,TrustPlus,TRUST,$141350,$0.004485,31516262,https://coinmarketcap.com/currencies/trustplus/
172,Uro,URO,$137477,$0.128764,1067667,https://coinmarketcap.com/currencies/uro/
173,HoboNickels,HBN,$136370,$0.011158,12221619,https://coinmarketcap.com/currencies/hobonickels/
174,SmileyCoin,SMLY,$135402,$0.000005,24906720000,https://coinmarketcap.com/currencies/smileycoin/
175,Privatebet,Privatebet,$124648,$0.311621,400000,https://coinmarketcap.com/currencies/privatebet/
176,MAZA,MAZA,$124102,$0.000166,748510100,https://coinmarketcap.com/currencies/mazacoin/
177,Freicoin,FRC,$116836,$0.002542,45962594,https://coinmarketcap.com/currencies/freicoin/
178,CoinoIndex,INDEX,$115605,$318.62,363,https://coinmarketcap.com/currencies/coinoindex/
179,ContinuumCoin,CTM,$114011,$0.000001,88538349156,https://coinmarketcap.com/currencies/continuumcoin/
180,CleanWaterCoin,WATER,$100275,$0.000179,558947218,https://coinmarketcap.com/currencies/cleanwatercoin/
181,Ubiq,UBQ,$100185,$0.029420,3405348,https://coinmarketcap.com/currencies/ubiq/
182,Fibre,FIBRE,$94813,$0.149805,632912,https://coinmarketcap.com/currencies/fibre/
183,Yacoin,YAC,$93683,$0.001602,58474580,https://coinmarketcap.com/currencies/yacoin/
184,Memorycoin,MMC,$92820,$0.009215,10073034,https://coinmarketcap.com/currencies/memorycoin/
185,Node,NODE,$92418,$0.000092,1000000000,https://coinmarketcap.com/currencies/node/
186,Terracoin,TRC,$92333,$0.008032,11495340,https://coinmarketcap.com/currencies/terracoin/
187,Bottlecaps,CAP,$91517,$0.004590,19938880,https://coinmarketcap.com/currencies/bottlecaps/
188,Stealth,XST,$89693,$0.004071,22034058,https://coinmarketcap.com/currencies/stealth/
189,Boolberry,BBR,$89577,$0.019979,4483667,https://coinmarketcap.com/currencies/boolberry/
190,Opal,OPAL,$88955,$0.005919,15028788,https://coinmarketcap.com/currencies/opal/
191,RabbitCoin,RBBT,$84799,$8.4e-07,100715606023,https://coinmarketcap.com/currencies/rabbitcoin/
192,Bean Cash,BITB,$83738,$0.000104,808298000,https://coinmarketcap.com/currencies/bean-cash/
193,CORE,CORE,$83059,$0.341155,243463,https://coinmarketcap.com/currencies/core/
194,USDe,USDE,$78542,$0.000071,1111348593,https://coinmarketcap.com/currencies/usde/
195,WhiteCoin,XWC,$77177,$0.000253,305649983,https://coinmarketcap.com/currencies/whitecoin/
196,NoirShares,NRS,$76762,$0.030984,2477481,https://coinmarketcap.com/currencies/noirshares/
197,BBQCoin,BQC,$76071,$0.001739,43756474,https://coinmarketcap.com/currencies/bbqcoin/
198,Gambit,GAM,$75251,$0.037757,1993016,https://coinmarketcap.com/currencies/gambit/
199,Myriad,XMY,$72739,$0.000065,1111495000,https://coinmarketcap.com/currencies/myriad/
200,NobleCoin,NOBL,$66780,$0.000030,2233458295,https://coinmarketcap.com/currencies/noblecoin/
201,VootCoin,VOOT,$66435,$0.000959,69280656,https://coinmarketcap.com/currencies/vootcoin/
202,HellasCoin,HLC,$65192,$0.005461,11938050,https://coinmarketcap.com/currencies/hellascoin/
203,Pandacoin,PND,$65006,$0.000002,32514916898,https://coinmarketcap.com/currencies/pandacoin-pnd/
204,Coin2.1,C2,$64949,$0.000650,99976323,https://coinmarketcap.com/currencies/coin2-1/
205,Woodshares,WS,$64018,$0.006272,10206945,https://coinmarketcap.com/currencies/woodshares/
206,Sync,SYNC,$63968,$54.36,1177,https://coinmarketcap.com/currencies/sync/
207,DeBuNe,DEBUNE,$63766,$0.276967,230231,https://coinmarketcap.com/currencies/debune/
208,MediterraneanCoin,MED,$62982,$0.001685,37371857,https://coinmarketcap.com/currencies/mediterraneancoin/
209,Cryptonite,XCN,$62873,$0.000543,115884707,https://coinmarketcap.com/currencies/cryptonite/
210,LiteDoge,LDOGE,$62511,$0.000011,5754348139,https://coinmarketcap.com/currencies/litedoge/
211,Bitstar,BITS,$62434,$0.003431,18195771,https://coinmarketcap.com/currencies/bitstar/
212,Trollcoin,TROLL,$60363,$0.000012,4912260000,https://coinmarketcap.com/currencies/trollcoin/
213,LottoCoin,LOT,$60274,$0.000004,14491014421,https://coinmarketcap.com/currencies/lottocoin/
214,Extremecoin,EXC,$59220,$0.016094,3679581,https://coinmarketcap.com/currencies/extremecoin/
215,SpreadCoin,SPR,$58471,$0.019008,3076111,https://coinmarketcap.com/currencies/spreadcoin/
216,FlutterCoin,FLT,$58173,$0.000220,264238519,https://coinmarketcap.com/currencies/fluttercoin/
217,PinkCoin,PINK,$57497,$0.000158,364603770,https://coinmarketcap.com/currencies/pinkcoin/
218,Ringo,RIN,$54138,$0.000538,100590454,https://coinmarketcap.com/currencies/ringo/
219,BitStake,XBS,$53645,$0.041112,1304835,https://coinmarketcap.com/currencies/bitstake/
220,e-Gulden,EFL,$51415,$0.009608,5351088,https://coinmarketcap.com/currencies/e-gulden/
221,BlueCoin,BLU,$50988,$0.000090,568906100,https://coinmarketcap.com/currencies/bluecoin/
222,Kittehcoin,MEOW,$50911,$0.000002,23905669976,https://coinmarketcap.com/currencies/kittehcoin/
223,OrangeCoin,OC,$50058,$0.000878,57015951,https://coinmarketcap.com/currencies/orangecoin/
224,Kobocoin,KOBO,$49800,$0.002060,24170528,https://coinmarketcap.com/currencies/kobocoin/
225,Dogeparty,XDP,$47598,$0.017769,2678686,https://coinmarketcap.com/currencies/dogeparty/
226,GeoCoin,GEO,$47246,$0.025714,1837350,https://coinmarketcap.com/currencies/geocoin/
227,NXTInspect,NXTI,$45456,$0.064937,699996,https://coinmarketcap.com/currencies/nxtinspect/
228,Diem,DIEM,$44465,$0.000002,21715957756,https://coinmarketcap.com/currencies/diem/
229,ArtByte,ABY,$43891,$0.000088,497302450,https://coinmarketcap.com/currencies/artbyte/
230,Magi,XMG,$43496,$0.015842,2745556,https://coinmarketcap.com/currencies/magi/
231,Joincoin,J,$41960,$0.025279,1659853,https://coinmarketcap.com/currencies/joincoin/
232,Groestlcoin,GRS,$41561,$0.000712,58358134,https://coinmarketcap.com/currencies/groestlcoin/
233,Fastcoin,FST,$39448,$0.000318,123935387,https://coinmarketcap.com/currencies/fastcoin/
234,CryptCoin,CRYPT,$39139,$0.006499,6022623,https://coinmarketcap.com/currencies/cryptcoin/
235,NeosCoin,NEOS,$38967,$0.006582,5920614,https://coinmarketcap.com/currencies/neoscoin/
236,CryptoBuck,BUK,$38941,$0.029900,1302378,https://coinmarketcap.com/currencies/cryptobuck/
237,Philosopher Stones,PHS,$37637,$0.015494,2429219,https://coinmarketcap.com/currencies/philosopher-stones/
238,BattleCoin,BCX,$37527,$0.000620,60552166,https://coinmarketcap.com/currencies/battlecoin/
239,Doubloons,DBL,$36576,$0.007548,4845824,https://coinmarketcap.com/currencies/doubloons/
240,LTBcoin,LTBC,$34812,$0.000103,336846879,https://coinmarketcap.com/currencies/ltbcoin/
241,GorillaBucks,BUCKS,$33591,$0.032314,1039518,https://coinmarketcap.com/currencies/gorillabucks/
242,SuperCoin,SUPER,$33434,$0.001072,31178054,https://coinmarketcap.com/currencies/supercoin/
243,LeafCoin,LEAF,$33392,$0.000002,15322977853,https://coinmarketcap.com/currencies/leafcoin/
244,Franko,FRK,$33331,$0.072329,460825,https://coinmarketcap.com/currencies/franko/
245,NxtPlugins,PLUGIN,$32816,$0.065632,500000,https://coinmarketcap.com/currencies/nxtplugins/
246,Marscoin,MARS,$31950,$0.001905,16767850,https://coinmarketcap.com/currencies/marscoin/
247,CryptoEscudo,CESC,$31778,$0.000239,132850500,https://coinmarketcap.com/currencies/cryptoescudo/
248,LitecoinDark,LTCD,$29164,$0.000370,78894060,https://coinmarketcap.com/currencies/litecoindark/
249,CommunityCoin,COMM,$28792,$0.000027,1057344896,https://coinmarketcap.com/currencies/communitycoin/
250,Pesetacoin,PTC,$27884,$0.000217,128230196,https://coinmarketcap.com/currencies/pesetacoin/
251,Droidz,DRZ,$27307,$0.005387,5068877,https://coinmarketcap.com/currencies/droidz/
252,Particle,PRT,$27190,$0.000038,714506932,https://coinmarketcap.com/currencies/particle/
253,Electron,ELT,$26975,$0.002446,11026616,https://coinmarketcap.com/currencies/electron/
254,TeslaCoin,TES,$26645,$0.000412,64717610,https://coinmarketcap.com/currencies/teslacoin/
255,Einsteinium,EMC2,$26623,$0.000151,176005451,https://coinmarketcap.com/currencies/einsteinium/
256,16bit,16BIT,$25695,$0.002039,12599795,https://coinmarketcap.com/currencies/16bit/
257,CasinoCoin,CSC,$25267,$0.000777,32502105,https://coinmarketcap.com/currencies/casinocoin/
258,Virtacoin,VTA,$24979,$0.000003,9986837209,https://coinmarketcap.com/currencies/virtacoin/
259,CannaCoin,CCN,$24780,$0.005336,4644085,https://coinmarketcap.com/currencies/cannacoin/
260,Sapience AIFX,XAI,$24562,$0.035960,683039,https://coinmarketcap.com/currencies/sapience-aifx/
261,Omnicoin,OMC,$23809,$0.002368,10056317,https://coinmarketcap.com/currencies/omnicoin/
262,Bitcredits,BCR,$23590,$0.001360,17351085,https://coinmarketcap.com/currencies/bitcredits/
263,AudioCoin,ADC,$23373,$0.000033,707772303,https://coinmarketcap.com/currencies/audiocoin/
264,Sterlingcoin,SLG,$22998,$0.005926,3881156,https://coinmarketcap.com/currencies/sterlingcoin/
265,Quatloo,QTL,$22549,$0.004962,4544066,https://coinmarketcap.com/currencies/quatloo/
266,AsicCoin,ASC,$22145,$0.000041,538053251,https://coinmarketcap.com/currencies/asiccoin/
267,GoldPieces,GP,$21456,$0.021748,986567,https://coinmarketcap.com/currencies/goldpieces/
268,Luckycoin,LKY,$21430,$0.001117,19181997,https://coinmarketcap.com/currencies/luckycoin/
269,Mineralscoin,MIN,$20947,$0.000772,27134899,https://coinmarketcap.com/currencies/minerals/
270,Gridmaster,GRM,$20867,$0.000139,150470281,https://coinmarketcap.com/currencies/gridmaster/
271,TittieCoin,TIT,$20224,$0.000016,1240018678,https://coinmarketcap.com/currencies/tittiecoin/
272,SaffronCoin,SFR,$20002,$0.000981,20386026,https://coinmarketcap.com/currencies/saffroncoin/
273,GlobalCoin,GLC,$19476,$0.000310,62850913,https://coinmarketcap.com/currencies/globalcoin/
274,Aricoin,ARI,$19444,$0.000139,140262505,https://coinmarketcap.com/currencies/aricoin/
275,Silkcoin,SILK,$18878,$0.000433,43567579,https://coinmarketcap.com/currencies/silkcoin/
276,Energycoin,ENRG,$18848,$0.000163,115569040,https://coinmarketcap.com/currencies/energycoin/
277,Uniform Fiscal Object,UFO,$18359,$0.000008,2251408762,https://coinmarketcap.com/currencies/uniform-fiscal-object/
278,Qibuck,QBK,$18183,$0.035377,513984,https://coinmarketcap.com/currencies/qibuck/
279,Dashcoin,DSH,$18141,$1.6e-07,115847567918,https://coinmarketcap.com/currencies/dashcoin/
280,HunterCoin,HUC,$18082,$0.004338,4168170,https://coinmarketcap.com/currencies/huntercoin/
281,Blakecoin,BLC,$17683,$0.002509,7047584,https://coinmarketcap.com/currencies/blakecoin/
282,FoldingCoin,FLDC,$17267,$0.000095,181500000,https://coinmarketcap.com/currencies/foldingcoin/
283,Phoenixcoin,PXC,$17137,$0.000507,33831250,https://coinmarketcap.com/currencies/phoenixcoin/
284,BitcoinTX,BTX,$16847,$0.000343,49173458,https://coinmarketcap.com/currencies/bitcointx/
285,AeroMe,AM,$16710,$0.001384,12077563,https://coinmarketcap.com/currencies/aerocoin/
286,Bitmark,BTM,$16696,$0.017788,938580,https://coinmarketcap.com/currencies/bitmark/
287,CacheCoin,CACH,$16692,$0.006771,2465238,https://coinmarketcap.com/currencies/cachecoin/
288,DarkShibe,DSB,$16662,$0.013246,1257908,https://coinmarketcap.com/currencies/darkshibe/
289,GrandCoin,GDC,$16576,$0.000041,406548474,https://coinmarketcap.com/currencies/grandcoin/
290,8Bit,8BIT,$16360,$0.078466,208500,https://coinmarketcap.com/currencies/8bit/
291,MetalCoin,METAL,$15682,$0.000204,76925527,https://coinmarketcap.com/currencies/metalcoin/
292,Piggycoin,PIGGY,$15503,$0.000033,475299233,https://coinmarketcap.com/currencies/piggycoin/
293,CageCoin,CAGE,$15140,$1.6e-07,97646985381,https://coinmarketcap.com/currencies/cagecoin/
294,DopeCoin,DOPE,$15074,$0.000111,135260025,https://coinmarketcap.com/currencies/dopecoin/
295,Sphere,SPHR,$14981,$0.005166,2899761,https://coinmarketcap.com/currencies/sphere/
296,Fantomcoin,FCN,$14944,$0.005980,2499004,https://coinmarketcap.com/currencies/fantomcoin/
297,GAIA,GAIA,$14675,$0.000609,24101381,https://coinmarketcap.com/currencies/gaia/
298,Woodcoin,LOG,$14526,$0.001946,7463717,https://coinmarketcap.com/currencies/woodcoin/
299,bitBTC,BITBTC,$14492,$272.14,53.252847,https://coinmarketcap.com/currencies/bitbtc/
300,CoolCoin,COOL,$14141,$0.000136,104047705,https://coinmarketcap.com/currencies/coolcoin/
301,Sling,SLING,$14103,$0.017111,824215,https://coinmarketcap.com/currencies/sling/
302,Saturn2Coin,SAT2,$14004,$0.001780,7867810,https://coinmarketcap.com/currencies/saturn2coin/
303,bitGold,BITGOLD,$13589,$1194.58,11.375282,https://coinmarketcap.com/currencies/bitgold/
304,Nyancoin,NYAN,$13568,$0.000063,215557644,https://coinmarketcap.com/currencies/nyancoin/
305,MultiWalletCoin,MWC,$13557,$0.000497,27254738,https://coinmarketcap.com/currencies/multiwalletcoin/
306,Sonic,SSD,$13515,$0.000615,21983389,https://coinmarketcap.com/currencies/sonicscrewdriver/
307,PayCon,CON,$13475,$0.001536,8774025,https://coinmarketcap.com/currencies/paycon/
308,Libertycoin,XLB,$13465,$0.000815,16512528,https://coinmarketcap.com/currencies/libertycoin/
309,PLNcoin,PLNC,$12914,$0.000756,17089600,https://coinmarketcap.com/currencies/plncoin/
310,SpainCoin,SPA,$12793,$0.000511,25034211,https://coinmarketcap.com/currencies/spaincoin/
311,Heavycoin,HVC,$12719,$0.000144,88290328,https://coinmarketcap.com/currencies/heavycoin/
312,Truckcoin,TRK,$12660,$0.000451,28057801,https://coinmarketcap.com/currencies/truckcoin/
313,Universal Currency,UNIT,$12379,$0.001222,10128365,https://coinmarketcap.com/currencies/universal-currency/
314,Judgecoin,JUDGE,$12330,$0.001049,11751174,https://coinmarketcap.com/currencies/judgecoin/
315,Kore,KORE,$12326,$0.006853,1798770,https://coinmarketcap.com/currencies/korecoin/
316,FreshCoin,FRSH,$12246,$0.001861,6578930,https://coinmarketcap.com/currencies/freshcoin/
317,ParkByte,PKB,$12065,$0.002609,4623498,https://coinmarketcap.com/currencies/parkbyte/
318,Neutron,NTRN,$12046,$0.003893,3094220,https://coinmarketcap.com/currencies/neutron/
319,SmartCoin,SMC,$11828,$0.000625,18918710,https://coinmarketcap.com/currencies/smartcoin/
320,XxXcoin,XXX,$11763,$0.000321,36674857,https://coinmarketcap.com/currencies/xxxcoin/
321,OKCash,OK,$11721,$0.000239,49118218,https://coinmarketcap.com/currencies/okcash/
322,Titcoin,TIT,$11453,$0.000396,28907816,https://coinmarketcap.com/currencies/titcoin/
323,PopularCoin,POP,$11441,$0.000004,3121746202,https://coinmarketcap.com/currencies/popularcoin/
324,Triangles,TRI,$11390,$0.203864,55870,https://coinmarketcap.com/currencies/triangles/
325,IcebergCoin,ICB,$11320,$0.002501,4526850,https://coinmarketcap.com/currencies/icebergcoin/
326,GCN Coin,GCN,$11312,$1.3e-07,84652460000,https://coinmarketcap.com/currencies/gcn-coin/
327,CraigsCoin,CRAIG,$11218,$0.000374,30033947,https://coinmarketcap.com/currencies/craigscoin/
328,DarkCash,DRKC,$11078,$0.002571,4308300,https://coinmarketcap.com/currencies/darkcash/
329,ApexCoin,APEX,$10939,$0.001797,6088386,https://coinmarketcap.com/currencies/apexcoin/
330,ExclusiveCoin,EXCL,$10936,$0.000935,11697243,https://coinmarketcap.com/currencies/exclusivecoin/
331,World Trade Funds,XWT,$10735,$0.001188,9037246,https://coinmarketcap.com/currencies/wtf-coin/
332,Execoin,EXE,$10693,$0.000598,17881067,https://coinmarketcap.com/currencies/execoin/
333,Emerald Crypto,EMD,$10627,$0.000767,13863307,https://coinmarketcap.com/currencies/emerald/
334,Munne,MNE,$10502,$0.002182,4813868,https://coinmarketcap.com/currencies/munne/
335,HempCoin,THC,$10475,$0.000063,167558889,https://coinmarketcap.com/currencies/hempcoin/
336,Spots,SPT,$10368,$0.000625,16584317,https://coinmarketcap.com/currencies/spots/
337,Bitgem,BTG,$9983,$0.292957,34075,https://coinmarketcap.com/currencies/bitgem/
338,Acoin,ACOIN,$9769,$0.009554,1022504,https://coinmarketcap.com/currencies/acoin/
339,BetaCoin,BET,$9729,$0.000476,20452550,https://coinmarketcap.com/currencies/betacoin/
340,NewYorkCoin,NYC,$9577,$9.8e-08,97307606333,https://coinmarketcap.com/currencies/newyorkcoin/
341,Datacoin,DTC,$9473,$0.005529,1713492,https://coinmarketcap.com/currencies/datacoin/
342,Lightspeed,LSD,$9393,$0.012232,767911,https://coinmarketcap.com/currencies/lightspeed/
343,HamRadioCoin,HAM,$9351,$0.002187,4275175,https://coinmarketcap.com/currencies/hamradiocoin/
344,Cinder,CIN,$9320,$0.000082,114295006,https://coinmarketcap.com/currencies/cinder/
345,Catcoin,CAT,$9295,$0.005469,1699650,https://coinmarketcap.com/currencies/catcoin/
346,Canada eCoin,CDN,$9035,$0.000111,81075745,https://coinmarketcap.com/currencies/canada-ecoin/
347,Cypher,CYP,$9023,$0.001418,6365285,https://coinmarketcap.com/currencies/cypher/
348,BunnyCoin,BUN,$8886,$9.2e-08,96126266089,https://coinmarketcap.com/currencies/bunnycoin/
349,KeyCoin,KEY,$8536,$0.009190,928865,https://coinmarketcap.com/currencies/keycoin/
350,bitSilver,BITSILVER,$8507,$16.38,519,https://coinmarketcap.com/currencies/bitsilver/
351,Copperlark,CLR,$8505,$0.000667,12749724,https://coinmarketcap.com/currencies/copperlark/
352,Mincoin,MNC,$8427,$0.004895,1721350,https://coinmarketcap.com/currencies/mincoin/
353,Fractalcoin,FRAC,$8330,$0.011326,735422,https://coinmarketcap.com/currencies/fractalcoin/
354,Krugercoin,KGC,$8233,$0.000068,121108306,https://coinmarketcap.com/currencies/krugercoin/
355,CzechCrownCoin,CZC,$8211,$0.001998,4110230,https://coinmarketcap.com/currencies/czechcrowncoin/
356,Joulecoin,XJO,$7781,$0.000375,20742944,https://coinmarketcap.com/currencies/joulecoin/
357,Bitcoin Plus,XBC,$7725,$0.135471,57027,https://coinmarketcap.com/currencies/bitcoin-plus/
358,Supply Shock,M1,$7371,$0.235185,31342,https://coinmarketcap.com/currencies/supply-shock/
359,WankCoin,WKC,$7340,$0.001628,4507800,https://coinmarketcap.com/currencies/wankcoin/
360,Guerillacoin,GUE,$7301,$0.001619,4508409,https://coinmarketcap.com/currencies/guerillacoin/
361,BitSend,BSD,$7142,$0.001090,6552500,https://coinmarketcap.com/currencies/bitsend/
362,MillenniumCoin,MIL,$7110,$0.007543,942595,https://coinmarketcap.com/currencies/millenniumcoin/
363,Halcyon,HAL,$7016,$0.003128,2242485,https://coinmarketcap.com/currencies/halcyon/
364,SHACoin,SHA,$6952,$0.000019,365382778,https://coinmarketcap.com/currencies/shacoin/
365,Blockchain Techs,BTI,$6873,$0.001142,6018526,https://coinmarketcap.com/currencies/blockchain-technologies/
366,KlondikeCoin,KDC,$6865,$0.000938,7320629,https://coinmarketcap.com/currencies/klondikecoin/
367,BananaBits,NANAS,$6790,$0.010891,623471,https://coinmarketcap.com/currencies/bananabits/
368,BatCoin,BAT,$6741,$0.000001,6481010000,https://coinmarketcap.com/currencies/batcoin/
369,BearMining,BEAR,$6563,$0.001313,5000000,https://coinmarketcap.com/currencies/bearmining/
370,Murraycoin,MRY,$6561,$0.000220,29798338,https://coinmarketcap.com/currencies/murraycoin/
371,Synergy,SNRG,$6535,$0.010607,616074,https://coinmarketcap.com/currencies/synergy/
372,Vidio,VDO,$6512,$0.000307,21200446,https://coinmarketcap.com/currencies/vidio/
373,RonPaulCoin,RPC,$6436,$0.026146,246148,https://coinmarketcap.com/currencies/ronpaulcoin/
374,Razor,RZR,$6175,$0.003088,1999895,https://coinmarketcap.com/currencies/razor/
375,Glyph,GLYPH,$6128,$0.002671,2293964,https://coinmarketcap.com/currencies/glyph/
376,CAIx,CAIx,$6108,$0.003775,1618027,https://coinmarketcap.com/currencies/caix/
377,Bitz,BITZ,$6091,$0.003124,1949792,https://coinmarketcap.com/currencies/bitz/
378,GiveCoin,GIVE,$6000,$0.000027,220740000,https://coinmarketcap.com/currencies/givecoin/
379,Bitcoin Scrypt,BTCS,$5931,$0.000470,12613175,https://coinmarketcap.com/currencies/bitcoin-scrypt/
380,Quicksilver,QSLV,$5900,$0.001699,3471453,https://coinmarketcap.com/currencies/quicksilver/
381,Kryptkoin,KTK,$5817,$0.000334,17397570,https://coinmarketcap.com/currencies/kryptkoin/
382,Quotient,XQN,$5815,$0.000476,12224112,https://coinmarketcap.com/currencies/quotient/
383,GreenBacks,GB,$5755,$0.000272,21173128,https://coinmarketcap.com/currencies/greenbacks/
384,StableCoin,SBC,$5683,$0.000262,21659057,https://coinmarketcap.com/currencies/stablecoin/
385,Dibbits,DIBS,$5680,$0.011343,500743,https://coinmarketcap.com/currencies/dibbits/
386,IncaKoin,NKA,$5649,$0.000005,1086432432,https://coinmarketcap.com/currencies/incakoin/
387,OpenSourcecoin,OSC,$5631,$0.001188,4740162,https://coinmarketcap.com/currencies/opensourcecoin/
388,Elacoin,ELC,$5406,$0.010889,496455,https://coinmarketcap.com/currencies/elacoin/
389,SMAC,SMAC,$5397,$0.008016,673224,https://coinmarketcap.com/currencies/smac/
390,Cerium,XCE,$5300,$0.002290,2314335,https://coinmarketcap.com/currencies/cerium/
391,QuazarCoin,QCN,$5145,$0.002175,2365938,https://coinmarketcap.com/currencies/quazarcoin-old/
392,Aliencoin,ALN,$5125,$0.000207,24726090,https://coinmarketcap.com/currencies/aliencoin/
393,UCoin,U,$5076,$0.001903,2667632,https://coinmarketcap.com/currencies/ucoin/
394,Argentum,ARG,$5005,$0.003400,1471853,https://coinmarketcap.com/currencies/argentum/
395,UtilityCoin,UTIL,$4911,$0.001313,3741361,https://coinmarketcap.com/currencies/utilitycoin/
396,Lycancoin,LYC,$4906,$0.000019,257833791,https://coinmarketcap.com/currencies/lycancoin/
397,SongCoin,SONG,$4829,$0.000408,11843800,https://coinmarketcap.com/currencies/songcoin/
398,Photon,PHO,$4682,$6.4e-07,7271367220,https://coinmarketcap.com/currencies/photon/
399,Gapcoin,GAP,$4657,$0.002164,2152468,https://coinmarketcap.com/currencies/gapcoin/
400,Umbrella-LTC,ULTC,$4623,$0.006809,678880,https://coinmarketcap.com/currencies/umbrella-ltc/
401,LiteBar,LTB,$4596,$0.026007,176737,https://coinmarketcap.com/currencies/litebar/
402,Checkcoin,CKC,$4548,$0.000261,17428200,https://coinmarketcap.com/currencies/checkcoin/
403,Octo,OCTO,$4514,$0.000185,24421191,https://coinmarketcap.com/currencies/octo/
404,CorgiCoin,CORG,$4467,$5e-08,90191202249,https://coinmarketcap.com/currencies/corgicoin/
405,Kumacoin,KUMA,$4465,$0.000024,182512440,https://coinmarketcap.com/currencies/kumacoin/
406,AnalCoin,ANAL,$4404,$0.026905,163680,https://coinmarketcap.com/currencies/analcoin/
407,IvugeoCoin,IEC,$4316,$0.008147,529750,https://coinmarketcap.com/currencies/ivugeocoin/
408,Solecoin,SOLE,$4133,$0.003229,1279983,https://coinmarketcap.com/currencies/solecoin/
409,G3N,G3N,$4026,$0.007620,528370,https://coinmarketcap.com/currencies/genstake/
410,Zedcoin,ZED,$3980,$0.000353,11262360,https://coinmarketcap.com/currencies/zedcoin/
411,Junkcoin,JKC,$3909,$0.000280,13961400,https://coinmarketcap.com/currencies/junkcoin/
412,Aiden,ADN,$3780,$0.000258,14639403,https://coinmarketcap.com/currencies/aiden/
413,Dobbscoin,BOB,$3653,$0.001142,3200200,https://coinmarketcap.com/currencies/dobbscoin/
414,Unitus,UIS,$3639,$0.000342,10625832,https://coinmarketcap.com/currencies/unitus/
415,CyberCoin,CC,$3612,$0.000008,442791586,https://coinmarketcap.com/currencies/cybercoin/
416,MonetaryUnit,MUE,$3535,$0.000057,62390400,https://coinmarketcap.com/currencies/monetaryunit/
417,Noirbits,NRB,$3500,$0.001555,2251240,https://coinmarketcap.com/currencies/noirbits/
418,Nimbus,NMB,$3483,$0.000247,14119948,https://coinmarketcap.com/currencies/nimbus/
419,ConcealCoin,CNL,$3283,$0.000327,10026047,https://coinmarketcap.com/currencies/concealcoin/
420,FireFlyCoin,FFC,$3277,$0.000035,92727600,https://coinmarketcap.com/currencies/fireflycoin/
421,Viorcoin,VIOR,$3254,$0.000666,4886191,https://coinmarketcap.com/currencies/viorcoin/
422,GoldReserve,XGR,$3250,$0.000253,12856129,https://coinmarketcap.com/currencies/goldreserve/
423,RosCoin,ROS,$3090,$0.000041,75787226,https://coinmarketcap.com/currencies/roscoin/
424,Ratecoin,XRA,$3041,$0.000041,74553224,https://coinmarketcap.com/currencies/ratecoin/
425,CrackCoin,CRACK,$3019,$0.000503,6004132,https://coinmarketcap.com/currencies/crackcoin/
426,ShieldCoin,SHLD,$2976,$0.002718,1094872,https://coinmarketcap.com/currencies/shield/
427,Bancorcoin,BNCR,$2958,$0.000538,5496448,https://coinmarketcap.com/currencies/bancorcoin/
428,Bloodcoin,BOD,$2949,$0.000014,216902793,https://coinmarketcap.com/currencies/bloodcoin/
429,GSMcoin,GSM,$2945,$0.001615,1824148,https://coinmarketcap.com/currencies/gsmcoin/
430,AurumCoin,AU,$2856,$0.012235,233416,https://coinmarketcap.com/currencies/aurumcoin/
431,CheckOutCoin,CXC,$2748,$0.000544,5055393,https://coinmarketcap.com/currencies/checkoutcoin/
432,FujiCoin,FJC,$2720,$0.000008,332878308,https://coinmarketcap.com/currencies/fujicoin/
433,007Coin,007,$2710,$0.003612,750203,https://coinmarketcap.com/currencies/007coin/
434,SocialxBot,XBOT,$2642,$0.001599,1652300,https://coinmarketcap.com/currencies/socialxbot/
435,Benjamins,BEN,$2628,$0.001082,2427600,https://coinmarketcap.com/currencies/benjamins/
436,SoonCoin,SOON,$2617,$0.000231,11330580,https://coinmarketcap.com/currencies/sooncoin/
437,Pura,PURA,$2562,$0.000019,136375280,https://coinmarketcap.com/currencies/pura/
438,ShellCoin,SHELL,$2488,$0.000285,8721000,https://coinmarketcap.com/currencies/shellcoin/
439,GamerholicCoin,GHC,$2484,$0.003183,780330,https://coinmarketcap.com/currencies/gamerholiccoin/
440,BeaverCoin,BVC,$2482,$0.000946,2624048,https://coinmarketcap.com/currencies/beavercoin/
441,RipoffCoin,RIPO,$2453,$0.000283,8678475,https://coinmarketcap.com/currencies/ripoffcoin/
442,MonetaVerde,MCN,$2448,$0.000169,14525114,https://coinmarketcap.com/currencies/monetaverde/
443,HedgeCoin,HEDG,$2383,$0.000905,2634113,https://coinmarketcap.com/currencies/hedgecoin/
444,Vibranium,XVI,$2352,$0.002866,820788,https://coinmarketcap.com/currencies/vibranium/
445,Guncoin,GUN,$2349,$0.000035,66699828,https://coinmarketcap.com/currencies/guncoin/
446,Cryptographic Anomaly,CGA,$2241,$0.012392,180808,https://coinmarketcap.com/currencies/cryptographic-anomaly/
447,Paycoin,PYC,$2230,$0.001195,1866105,https://coinmarketcap.com/currencies/paycoin/
448,Heisenberg,HEX,$2176,$1.7e-07,12473553843,https://coinmarketcap.com/currencies/heisenberg/
449,TopCoin,TOP,$2167,$0.000079,27490540,https://coinmarketcap.com/currencies/topcoin/
450,X-Coin,XCO,$2076,$0.000206,10060726,https://coinmarketcap.com/currencies/x-coin/
451,Conspiracycoin,CYC,$2071,$0.000362,5727959,https://coinmarketcap.com/currencies/conspiracycoin/
452,Axron,AXR,$2041,$0.001897,1075900,https://coinmarketcap.com/currencies/axron/
453,ShadeCoin,SHADE,$2039,$0.001203,1694985,https://coinmarketcap.com/currencies/shadecoin/
454,Hirocoin,HIRO,$1942,$0.000022,89328800,https://coinmarketcap.com/currencies/hirocoin/
455,Elektron,EKN,$1874,$0.000711,2635107,https://coinmarketcap.com/currencies/elektron/
456,BDSM,BDSM,$1865,$0.000159,11747687,https://coinmarketcap.com/currencies/bdsm/
457,Geniuscoin,GENI,$1862,$0.000003,643153000,https://coinmarketcap.com/currencies/geniuscoin/
458,TakCoin,TAK,$1848,$0.000011,169950240,https://coinmarketcap.com/currencies/takcoin/
459,Dirac,XDQ,$1844,$0.004080,451885,https://coinmarketcap.com/currencies/dirac/
460,Polcoin,PLC,$1816,$0.000103,17578050,https://coinmarketcap.com/currencies/polcoin/
461,Sativacoin,STV,$1622,$0.000231,7018843,https://coinmarketcap.com/currencies/sativacoin/
462,BitQuark,BTQ,$1607,$0.000489,3284300,https://coinmarketcap.com/currencies/bitquark/
463,Bubble,BUB,$1505,$0.002990,503554,https://coinmarketcap.com/currencies/bubble/
464,DarkTron,DRKT,$1441,$0.001651,872872,https://coinmarketcap.com/currencies/darktron/
465,Ascension,ASN,$1427,$0.000076,18743650,https://coinmarketcap.com/currencies/ascension/
466,Granite,GRN,$1380,$0.000071,19528000,https://coinmarketcap.com/currencies/granitecoin/
467,Prime-XI,PXI,$1353,$0.000299,4524561,https://coinmarketcap.com/currencies/prime-xi/
468,Neocoin,NEC,$1271,$0.000207,6150310,https://coinmarketcap.com/currencies/neocoin/
469,DarkCrave,DCC,$1173,$0.003812,307805,https://coinmarketcap.com/currencies/darkcrave/
470,Coven,COV,$1143,$0.034002,33620,https://coinmarketcap.com/currencies/coven/
471,42-coin,42,$1016,$1106.82,0.9178677,https://coinmarketcap.com/currencies/42-coin/
472,CamorraCoin,CAM,$986,$0.000288,3422710,https://coinmarketcap.com/currencies/camorracoin/
473,TeleBET,TB,$972,$0.004382,221838,https://coinmarketcap.com/currencies/telebet/
474,MegaStake,XMS,$964,$0.001373,701944,https://coinmarketcap.com/currencies/megastake/
475,iCoin,ICN,$953,$0.000043,21916650,https://coinmarketcap.com/currencies/icoin/
476,CRTCoin,CRT,$948,$0.011960,79270,https://coinmarketcap.com/currencies/crtcoin/
477,SpinCoin,SPC,$922,$0.000778,1185764,https://coinmarketcap.com/currencies/spincoin/
478,Pharma,XPH,$887,$0.000010,87288100,https://coinmarketcap.com/currencies/pharma/
479,X-Children,CHILD,$878,$0.000437,2008283,https://coinmarketcap.com/currencies/x-children/
480,ARbit,ARB,$858,$0.000653,1314400,https://coinmarketcap.com/currencies/arbit/
481,Hundredcoin,HUN,$845,$0.000064,13141400,https://coinmarketcap.com/currencies/hundredcoin/
482,GIZMOcoin,GIZ,$802,$0.000011,76215125,https://coinmarketcap.com/currencies/gizmocoin/
483,Greed,GREED,$766,$0.000019,40245073,https://coinmarketcap.com/currencies/greed/
484,BitLux,LUX,$716,$0.005426,131924,https://coinmarketcap.com/currencies/bitlux/
485,Empyrean,EPY,$696,$0.011638,59838,https://coinmarketcap.com/currencies/empyrean/
486,Lightcoin,LIT,$681,$0.000133,5115468,https://coinmarketcap.com/currencies/lightcoin/
487,Polybit,POLY,$636,$0.000041,15602150,https://coinmarketcap.com/currencies/polybit/
488,GlowShares,GSX,$635,$0.001865,340359,https://coinmarketcap.com/currencies/glowshares/
489,Bata,BTA,$521,$0.000409,1272364,https://coinmarketcap.com/currencies/bata/
490,Bela,BELA,$516,$0.000084,6118900,https://coinmarketcap.com/currencies/belacoin/
491,EventToken,EVENT,$510,$0.000065,7824403,https://coinmarketcap.com/currencies/eventtoken/
492,ConfessionCoin,CFN,$443,$0.000057,7767310,https://coinmarketcap.com/currencies/confessioncoin/
493,LeaCoin,LEA,$409,$0.000008,50153800,https://coinmarketcap.com/currencies/leacoin/
494,Guarany,GUA,$406,$0.001772,228861,https://coinmarketcap.com/currencies/guarany/
495,Metal Music Coin,MTLMC3,$323,$0.000010,33363603,https://coinmarketcap.com/currencies/metal-music-coin/
496,Equilibrium,EQM,$296,$0.000264,1121524,https://coinmarketcap.com/currencies/equilibrium/
497,EagsCurrency,EAGS,$278,$0.000111,2492039,https://coinmarketcap.com/currencies/eagscurrency/
498,TuringCoin,TNG,$261,$0.000038,6863880,https://coinmarketcap.com/currencies/turingcoin/
499,DigitalPrice,DP,$257,$0.000071,3633880,https://coinmarketcap.com/currencies/digitalprice/
500,Fetish,FETISH,$252,$0.000207,1220147,https://coinmarketcap.com/currencies/fetish/
501,Denarius,DRS,$228,$0.000198,1148800,https://coinmarketcap.com/currencies/denarius/
502,LemurCoin,LMR,$213,$0.002132,100000,https://coinmarketcap.com/currencies/lemurcoin/
503,UniCoin,UNIC,$177,$0.000079,2247737,https://coinmarketcap.com/currencies/unicoin/
504,CleverCoin,CLV,$151,$0.000065,2319498,https://coinmarketcap.com/currencies/clevercoin/
505,GravityCoin,GXX,$136,$0.000272,499707,https://coinmarketcap.com/currencies/gravitycoin/
506,Bitcoin Fast,BCF,$129,$0.000090,1434281,https://coinmarketcap.com/currencies/bitcoinfast/
507,Californium,CF,$125,$0.001123,111110,https://coinmarketcap.com/currencies/californium/
508,Cetuscoin,CETI,$105,$0.000027,3870880,https://coinmarketcap.com/currencies/cetuscoin/
509,P7Coin,P7C,$96,$0.000003,35220238,https://coinmarketcap.com/currencies/p7coin/
510,SmartChips,CHIPS,$82,$0.000057,1434875,https://coinmarketcap.com/currencies/smartchips/
511,Donationcoin,DON,$75,$0.000016,4607050,https://coinmarketcap.com/currencies/donationcoin/
512,InstaMineNuggets A,$MINEW,$36,$0.000024,1473159,https://coinmarketcap.com/currencies/instaminenuggets-minew/
513,Forevercoin,XFC,?,$8.93,?,https://coinmarketcap.com/currencies/forevercoin/
514,Sharkcoin,SAK,?,$0.405283,?,https://coinmarketcap.com/currencies/sharkcoin/
515,UNCoin,UNC,?,$0.347927,?,https://coinmarketcap.com/currencies/uncoin/
516,Global,GLOBE,?,$0.326222,?,https://coinmarketcap.com/currencies/global/
517,ShellPay,SHELL,?,$0.148728,?,https://coinmarketcap.com/currencies/shellpay/
518,Asset Backed Coin,ABC,?,$0.143684,?,https://coinmarketcap.com/currencies/asset-backed-coin/
519,CRYcoin,CRY,?,$0.108689,?,https://coinmarketcap.com/currencies/crycoin/
520,KolschCoin,TP1,?,$0.055742,?,https://coinmarketcap.com/currencies/kolschcoin/
521,CryptoCircuits,CIRC,?,$0.014248,?,https://coinmarketcap.com/currencies/cryptocircuits/
522,BitSeeds,XSEED,?,$0.005574,?,https://coinmarketcap.com/currencies/bitseeds/
523,BitCent,BCENT,?,$0.005434,?,https://coinmarketcap.com/currencies/bitcent/
524,CHNCoin,CNC,?,$0.003083,?,https://coinmarketcap.com/currencies/chncoin/
525,Bytecoin,BTE,?,$0.002686,?,https://coinmarketcap.com/currencies/bytecoin-bte/
526,CraftCoin,CRC,?,$0.002599,?,https://coinmarketcap.com/currencies/craftcoin/
527,Tamagucci,TAM,?,$0.002420,?,https://coinmarketcap.com/currencies/tamagucci/
528,Coinworkscoin,LAB,?,$0.002414,?,https://coinmarketcap.com/currencies/coinworkscoin/
529,Advanced Internet Blocks,AIB,?,$0.002238,?,https://coinmarketcap.com/currencies/advanced-internet-blocks/
530,vTorrent,VTR,?,$0.001571,?,https://coinmarketcap.com/currencies/vtorrent/
531,GraphCoin,GPH,?,$0.001539,?,https://coinmarketcap.com/currencies/graphcoin-old/
532,Crypto Focus,FCS,?,$0.001513,?,https://coinmarketcap.com/currencies/crypto-focus/
533,Graviton,GRAV,?,$0.001356,?,https://coinmarketcap.com/currencies/graviton/
534,DarkToken,DT,?,$0.001345,?,https://coinmarketcap.com/currencies/darktoken/
535,MysteryCoin,MYST,?,$0.001085,?,https://coinmarketcap.com/currencies/mysterycoin/
536,EZCoin,EZC,?,$0.001024,?,https://coinmarketcap.com/currencies/ezcoin/
537,Tigercoin,TGC,?,$0.000995,?,https://coinmarketcap.com/currencies/tigercoin/
538,SounDAC,XSD,?,$0.000937,?,https://coinmarketcap.com/currencies/bitshares-music/
539,ROXcoin,ROX,?,$0.000739,?,https://coinmarketcap.com/currencies/roxcoin/
540,FriendshipCoin 2,FSC2,?,$0.000704,?,https://coinmarketcap.com/currencies/friendshipcoin2/
541,GridPay,GRID,?,$0.000523,?,https://coinmarketcap.com/currencies/gridpay/
542,Nibble,NBL,?,$0.000519,?,https://coinmarketcap.com/currencies/nibble/
543,Aegis,AGS,?,$0.000440,?,https://coinmarketcap.com/currencies/aegis/
544,EggCoin,EGG,?,$0.000314,?,https://coinmarketcap.com/currencies/eggcoin/
545,SSVCoin,SSV,?,$0.000285,?,https://coinmarketcap.com/currencies/ssvcoin/
546,AlphaCoin,ALF,?,$0.000209,?,https://coinmarketcap.com/currencies/alphacoin/
547,AmericanCoin,AMC,?,$0.000207,?,https://coinmarketcap.com/currencies/americancoin/
548,NanoToken,NAN,?,$0.000152,?,https://coinmarketcap.com/currencies/nanotoken/
549,Memecoin,MEM,?,$0.000148,?,https://coinmarketcap.com/currencies/memecoin/
550,ElephantCoin,ELP,?,$0.000099,?,https://coinmarketcap.com/currencies/elephantcoin/
551,Skeincoin,SKC,?,$0.000095,?,https://coinmarketcap.com/currencies/skeincoin/
552,Dubstep,DUB,?,$0.000086,?,https://coinmarketcap.com/currencies/dubstep/
553,Vcoin,VCN,?,$0.000049,?,https://coinmarketcap.com/currencies/vcoin/
554,Quartz,QTZ,?,$0.000044,?,https://coinmarketcap.com/currencies/quartz/
555,Dotcoin,DOT,?,$0.000043,?,https://coinmarketcap.com/currencies/dotcoin/
556,StarCoin,STR,?,$0.000041,?,https://coinmarketcap.com/currencies/starcoin/
557,Coin(O),CNO,?,$0.000030,?,https://coinmarketcap.com/currencies/coin/
558,GameCoin,GME,?,$0.000019,?,https://coinmarketcap.com/currencies/gamecoin/
559,XenCoin,XNC,?,$0.000015,?,https://coinmarketcap.com/currencies/xencoin/
560,POWCOIN,POW,?,$0.000005,?,https://coinmarketcap.com/currencies/powcoin/
561,The Cypherfunks,FUNK,?,$3.5e-07,?,https://coinmarketcap.com/currencies/the-cypherfunks/
562,Pennies,CENT,?,$1.7e-09,?,https://coinmarketcap.com/currencies/pennies/
