1,Bitcoin,BTC,$3818877841,$274.35,13919525,https://coinmarketcap.com/currencies/bitcoin/
2,XRP,XRP,$317839379,$0.009961,31908551587,https://coinmarketcap.com/currencies/ripple/
3,Litecoin,LTC,$70182475,$1.89,37097104,https://coinmarketcap.com/currencies/litecoin/
4,BitShares,BTS,$23344463,$0.009326,2503180286,https://coinmarketcap.com/currencies/bitshares/
5,Dash,DASH,$17570325,$3.39,5184139,https://coinmarketcap.com/currencies/dash/
6,Nxt,NXT,$14302745,$0.014303,999997096,https://coinmarketcap.com/currencies/nxt/
7,Dogecoin,DOGE,$13753712,$0.000140,98537619708,https://coinmarketcap.com/currencies/dogecoin/
8,Stellar,XLM,$10729149,$0.002958,3627617400,https://coinmarketcap.com/currencies/stellar/
9,MaidSafeCoin,MAID,$10321269,$0.022807,452552412,https://coinmarketcap.com/currencies/maidsafecoin/
10,PayCoin,XPY,$8837404,$0.639979,13808892,https://coinmarketcap.com/currencies/paycoin2/
11,Peercoin,PPC,$8713434,$0.393595,22138048,https://coinmarketcap.com/currencies/peercoin/
12,Namecoin,NMC,$5375613,$0.486263,11054950,https://coinmarketcap.com/currencies/namecoin/
13,Banx,BANX,$4446093,$1.23,3600882,https://coinmarketcap.com/currencies/banx/
14,Counterparty,XCP,$3737979,$1.41,2646359,https://coinmarketcap.com/currencies/counterparty/
15,NuShares,NSR,$3345470,$0.004710,710228909,https://coinmarketcap.com/currencies/nushares/
16,Monero,XMR,$3200806,$0.484062,6612387,https://coinmarketcap.com/currencies/monero/
17,YbCoin,YBC,$2739582,$0.913194,3000000,https://coinmarketcap.com/currencies/ybcoin/
18,MonaCoin,MONA,$2721921,$0.157806,17248550,https://coinmarketcap.com/currencies/monacoin/
19,SuperNET,UNITY,$2669355,$3.27,816061,https://coinmarketcap.com/currencies/supernet-unity/
20,NuBits,USNBT,$2280787,$1.00,2273978,https://coinmarketcap.com/currencies/nubits/
21,Bytecoin,BCN,$1870692,$0.000011,170455028444,https://coinmarketcap.com/currencies/bytecoin-bcn/
22,DNotes,NOTE,$1459040,$0.015039,97019674,https://coinmarketcap.com/currencies/dnotes/
23,FuelCoin,FC2,$1420311,$0.014174,100206032,https://coinmarketcap.com/currencies/fuelcoin/
24,BlackCoin,BLK,$1227866,$0.016419,74781409,https://coinmarketcap.com/currencies/blackcoin/
25,BitcoinDark,BTCD,$1207513,$0.999861,1207681,https://coinmarketcap.com/currencies/bitcoindark/
26,DigitalNote,XDN,$1070179,$0.000157,6829850024,https://coinmarketcap.com/currencies/digitalnote/
27,Clams,CLAM,$895142,$1.57,571788,https://coinmarketcap.com/currencies/clams/
28,Storjcoin X,SJCX,$779964,$0.018810,41464404,https://coinmarketcap.com/currencies/storjcoin-x/
29,NXTventure,NXTV,$758048,$0.758048,1000000,https://coinmarketcap.com/currencies/nxtventure/
30,SolarFarm,CELL,$738836,$0.012788,57774924,https://coinmarketcap.com/currencies/solarfarm/
31,ARCHcoin,ARCH,$738425,$0.045302,16299921,https://coinmarketcap.com/currencies/archcoin/
32,Novacoin,NVC,$703029,$0.709403,991015,https://coinmarketcap.com/currencies/novacoin/
33,Unobtanium,UNO,$691704,$3.57,193979,https://coinmarketcap.com/currencies/unobtanium/
34,NavCoin,NAV,$636999,$0.010978,58024755,https://coinmarketcap.com/currencies/nav-coin/
35,DigiByte,DGB,$586049,$0.000157,3721913704,https://coinmarketcap.com/currencies/digibyte/
36,Blocknet,BLOCK,$584590,$0.058386,10012482,https://coinmarketcap.com/currencies/blocknet/
37,ReddCoin,RDD,$524019,$0.000019,27452444180,https://coinmarketcap.com/currencies/reddcoin/
38,Quark,QRK,$518729,$0.002085,248732707,https://coinmarketcap.com/currencies/quark/
39,Jinn,JINN,$500598,$5.01,100000,https://coinmarketcap.com/currencies/jinn/
40,bitUSD,BITUSD,$466359,$0.981676,475064,https://coinmarketcap.com/currencies/bitusd/
41,VeriCoin,VRC,$409394,$0.015161,27003427,https://coinmarketcap.com/currencies/vericoin/
42,WorldCoin,WDC,$334333,$0.004435,75393290,https://coinmarketcap.com/currencies/worldcoin/
43,Megacoin,MEC,$307369,$0.011077,27748750,https://coinmarketcap.com/currencies/megacoin/
44,Burst,BURST,$286145,$0.000443,646409000,https://coinmarketcap.com/currencies/burst/
45,PotCoin,POT,$285819,$0.001519,188111550,https://coinmarketcap.com/currencies/potcoin/
46,Startcoin,START,$285577,$0.017212,16591998,https://coinmarketcap.com/currencies/startcoin/
47,XCurrency,XC,$284055,$0.050866,5584422,https://coinmarketcap.com/currencies/xcurrency/
48,Horizon,HZ,$242043,$0.000473,511575214,https://coinmarketcap.com/currencies/next-horizon/
49,Gulden,NLG,$241417,$0.001100,219446501,https://coinmarketcap.com/currencies/gulden/
50,NetCoin,NET,$227017,$0.000606,374515730,https://coinmarketcap.com/currencies/netcoin/
51,BilShares,BILS,$224273,$0.000224,1000000000,https://coinmarketcap.com/currencies/bilshares/
52,Anoncoin,ANC,$221442,$0.137085,1615367,https://coinmarketcap.com/currencies/anoncoin/
53,Viacoin,VIA,$217051,$0.015813,13726180,https://coinmarketcap.com/currencies/viacoin/
54,FreeMarket,MRKT,$206063,$0.286199,720000,https://coinmarketcap.com/currencies/freemarket/
55,BitBay,BAY,$170175,$0.000170,1000444746,https://coinmarketcap.com/currencies/bitbay/
56,MAZA,MAZA,$167082,$0.000250,667491100,https://coinmarketcap.com/currencies/mazacoin/
57,Fibre,FIBRE,$155123,$0.246646,628931,https://coinmarketcap.com/currencies/fibre/
58,I/O Coin,IOC,$153882,$0.009527,16151894,https://coinmarketcap.com/currencies/iocoin/
59,Hyper,HYPER,$145589,$0.037042,3930414,https://coinmarketcap.com/currencies/hyper/
60,WhiteCoin,XWC,$140484,$0.000461,304761574,https://coinmarketcap.com/currencies/whitecoin/
61,bitCNY,BITCNY,$125588,$0.157389,797948,https://coinmarketcap.com/currencies/bitcny/
62,Syscoin,SYS,$120715,$0.000299,403756711,https://coinmarketcap.com/currencies/syscoin/
63,Sapience AIFX,XAI,$115491,$0.173389,666078,https://coinmarketcap.com/currencies/sapience-aifx/
64,BitStake,XBS,$110393,$0.085043,1298090,https://coinmarketcap.com/currencies/bitstake/
65,Verge,XVG,$97764,$0.000013,7424400000,https://coinmarketcap.com/currencies/verge/
66,Vcash,XVC,$91285,$0.016689,5469655,https://coinmarketcap.com/currencies/vcash/
67,NobleCoin,NOBL,$78836,$0.000033,2401526841,https://coinmarketcap.com/currencies/noblecoin/
68,HTML5COIN,HTML5,$76276,$0.000002,40659020000,https://coinmarketcap.com/currencies/htmlcoin5/
69,Rubycoin,RBY,$70291,$0.003191,22026538,https://coinmarketcap.com/currencies/rubycoin/
70,TagCoin,TAG,$40534,$0.014502,2795060,https://coinmarketcap.com/currencies/tagcoin/
71,Bean Cash,BITB,$38655,$0.000061,634579000,https://coinmarketcap.com/currencies/bean-cash/
72,Bytecent,BYC,$35212,$0.089000,395635,https://coinmarketcap.com/currencies/bytecent/
73,Orbitcoin,ORB,$34756,$0.018185,1911251,https://coinmarketcap.com/currencies/orbitcoin/
74,Snowballs,BALLS,$22962,$0.000030,760873706,https://coinmarketcap.com/currencies/snowballs/
75,bitGold,BITGOLD,$21898,$1202.98,18.203512,https://coinmarketcap.com/currencies/bitgold/
76,bitBTC,BITBTC,$21354,$290.55,73.494489,https://coinmarketcap.com/currencies/bitbtc/
77,Maieuticoin,MMXIV,$18001,$0.163414,110153,https://coinmarketcap.com/currencies/mmxiv/
78,LeafCoin,LEAF,$17108,$0.000001,15322977853,https://coinmarketcap.com/currencies/leafcoin/
79,XxXcoin,XXX,$17077,$0.000466,36610147,https://coinmarketcap.com/currencies/xxxcoin/
80,X-Coin,XCO,$14687,$0.001624,9043403,https://coinmarketcap.com/currencies/x-coin/
81,Experiment 10k,10K,$13853,$0.000165,84186787,https://coinmarketcap.com/currencies/experiment-10k/
82,BearMining,BEAR,$12873,$0.002575,5000000,https://coinmarketcap.com/currencies/bearmining/
83,MasterTraderCoin,MTR,$12562,$0.114239,109965,https://coinmarketcap.com/currencies/mastertradercoin/
84,Intellect,ILT,$11254,$0.011279,997735,https://coinmarketcap.com/currencies/intellect/
85,GlobalBoost-Y,BSTY,$7279,$0.001141,6376674,https://coinmarketcap.com/currencies/globalboost-y/
86,PayCon,CON,$6498,$0.001646,3947295,https://coinmarketcap.com/currencies/paycon/
87,RiskCoin,RISK,$4497,$0.038455,116947,https://coinmarketcap.com/currencies/riskcoin/
88,ShibeCoin,SHIBE,$3344,$0.000011,304683646,https://coinmarketcap.com/currencies/shibecoin/
89,Omni,OMNI,$1766195,$3.28,537718,https://coinmarketcap.com/currencies/omni/
90,GetGems,GEMZ,$1321035,$0.014989,88135367,https://coinmarketcap.com/currencies/gems/
91,Swarm,SWARM,$1158710,$0.011593,99945431,https://coinmarketcap.com/currencies/swarm/
92,InstantDEX,DEX,$1146798,$1.15,1000000,https://coinmarketcap.com/currencies/instantdex/
93,CoinoUSD,XUSD,$1146567,$0.971303,1180442,https://coinmarketcap.com/currencies/coinousd/
94,TileCoin,XTC,$1057909,$0.010579,100000000,https://coinmarketcap.com/currencies/tilecoin/
95,Ethercoin,ETC,$956850,$0.956850,1000000,https://coinmarketcap.com/currencies/ethercoin/
96,Rimbit,RBT,$650553,$0.005808,112014632,https://coinmarketcap.com/currencies/rimbit/
97,Node,NODE,$546022,$0.000546,1000000000,https://coinmarketcap.com/currencies/node/
98,Gridcoin Classic,GRCX,$530476,$0.015747,33686905,https://coinmarketcap.com/currencies/gridcoin-classic/
99,Ixcoin,IXC,$518466,$0.024689,20999906,https://coinmarketcap.com/currencies/ixcoin/
100,Infinitecoin,IFC,$513514,$0.000006,90596232567,https://coinmarketcap.com/currencies/infinitecoin/
101,Pangea Poker,PANGEA,$470257,$0.470562,999352,https://coinmarketcap.com/currencies/pangea-poker/
102,SkyNET,SKYNET,$406718,$0.454829,894223,https://coinmarketcap.com/currencies/skynet-asset/
103,MintCoin,MINT,$396205,$0.000019,20788564667,https://coinmarketcap.com/currencies/mintcoin/
104,I0Coin,I0C,$369923,$0.017830,20747321,https://coinmarketcap.com/currencies/i0coin/
105,jl777hodl,JLH,$359000,$0.035900,10000000,https://coinmarketcap.com/currencies/jl777hodl/
106,BitShares PTS,PTS,$348466,$0.000348,999999386,https://coinmarketcap.com/currencies/bitshares-pts/
107,Primecoin,XPM,$338252,$0.036833,9183446,https://coinmarketcap.com/currencies/primecoin/
108,FairCoin,FAIR,$329209,$0.006393,51494237,https://coinmarketcap.com/currencies/faircoin/
109,Curecoin,CURE,$313854,$0.012481,25146767,https://coinmarketcap.com/currencies/curecoin/
110,ShadowCash,SDC,$304440,$0.047094,6464552,https://coinmarketcap.com/currencies/shadowcash/
111,GlowShares,GSX,$279347,$0.828494,337174,https://coinmarketcap.com/currencies/glowshares/
112,Tradebots,NXTcoinsco,$256318,$0.258881,990100,https://coinmarketcap.com/currencies/tradebots/
113,NeoDICE,DICE,$255733,$0.255733,1000000,https://coinmarketcap.com/currencies/neodice/
114,Maxcoin,MAX,$252769,$0.006332,39917355,https://coinmarketcap.com/currencies/maxcoin/
115,Tether,USDT,$251600,$1.00,251600,https://coinmarketcap.com/currencies/tether/
116,Uro,URO,$232373,$0.224744,1033942,https://coinmarketcap.com/currencies/uro/
117,Coinomat,CNMT,$226428,$0.075476,3000000,https://coinmarketcap.com/currencies/coinomat/
118,Feathercoin,FTC,$221115,$0.003039,72761280,https://coinmarketcap.com/currencies/feathercoin/
119,CannabisCoin,CANN,$218046,$0.002894,75353772,https://coinmarketcap.com/currencies/cannabiscoin/
120,NXTprivacy,NXTprivacy,$217403,$0.217403,1000000,https://coinmarketcap.com/currencies/nxtprivacy/
121,Nxttycoin,NXTTY,$178470,$0.000178,1000000000,https://coinmarketcap.com/currencies/nxttycoin/
122,Crypti,XCR,$178358,$0.001784,100000000,https://coinmarketcap.com/currencies/crypti/
123,LIQUID,LQD,$170203,$1.70,100000,https://coinmarketcap.com/currencies/liquid/
124,Vertcoin,VTC,$169386,$0.013137,12893500,https://coinmarketcap.com/currencies/vertcoin/
125,Stealth,XST,$166691,$0.007697,21657397,https://coinmarketcap.com/currencies/stealth/
126,Applecoin,APC,$164225,$0.007369,22286031,https://coinmarketcap.com/currencies/applecoin/
127,Zetacoin,ZET,$162046,$0.001001,161876341,https://coinmarketcap.com/currencies/zetacoin/
128,Circuits of Value,COVAL,$158750,$0.000397,400000000,https://coinmarketcap.com/currencies/circuits-of-value/
129,GoldCoin,GLC,$156137,$0.004567,34188420,https://coinmarketcap.com/currencies/goldcoin/
130,Bitswift,BITS,$155938,$0.038790,4020048,https://coinmarketcap.com/currencies/bitswift/
131,ATOMIC,ATOMIC,$147448,$0.241717,610000,https://coinmarketcap.com/currencies/atomic/
132,SolarCoin,SLR,$145480,$0.004329,33607037,https://coinmarketcap.com/currencies/solarcoin/
133,Digitalcoin,DGC,$143020,$0.006921,20665363,https://coinmarketcap.com/currencies/digitalcoin/
134,Diamond,DMD,$139742,$0.150609,927846,https://coinmarketcap.com/currencies/diamond/
135,SmileyCoin,SMLY,$134261,$0.000005,24468510000,https://coinmarketcap.com/currencies/smileycoin/
136,Privatebet,Privatebet,$133039,$0.332598,400000,https://coinmarketcap.com/currencies/privatebet/
137,Zeitcoin,ZEIT,$127471,$0.000004,30631470397,https://coinmarketcap.com/currencies/zeitcoin/
138,Opal,OPAL,$125772,$0.008369,15028788,https://coinmarketcap.com/currencies/opal/
139,Sync,SYNC,$122849,$104.63,1174,https://coinmarketcap.com/currencies/sync/
140,VPNCoin,VASH,$117478,$0.000294,400186428,https://coinmarketcap.com/currencies/vpncoin/
141,Deutsche eMark,DEM,$115310,$0.007117,16201478,https://coinmarketcap.com/currencies/deutsche-emark/
142,MMNXT,MMNXT,$111405,$0.014989,7432266,https://coinmarketcap.com/currencies/mmnxt/
143,Devcoin,DVC,$110660,$0.000013,8821457500,https://coinmarketcap.com/currencies/devcoin/
144,EarthCoin,EAC,$102830,$0.000015,6861249076,https://coinmarketcap.com/currencies/earthcoin/
145,Marinecoin,MTC,$100309,$0.013738,7301353,https://coinmarketcap.com/currencies/marinecoin/
146,BoostCoin,BOST,$95970,$0.008179,11734255,https://coinmarketcap.com/currencies/boostcoin/
147,Dogeparty,XDP,$95776,$0.035744,2679521,https://coinmarketcap.com/currencies/dogeparty/
148,AeroMe,AM,$92399,$0.007683,12026805,https://coinmarketcap.com/currencies/aerocoin/
149,Mooncoin,MOON,$89240,$4.4e-07,200764715231,https://coinmarketcap.com/currencies/mooncoin/
150,Pandacoin,PND,$88577,$0.000003,32450048994,https://coinmarketcap.com/currencies/pandacoin-pnd/
151,MGW,MGW,$87962,$0.087962,1000000,https://coinmarketcap.com/currencies/mgw/
152,HoboNickels,HBN,$82751,$0.008685,9528251,https://coinmarketcap.com/currencies/hobonickels/
153,Nas,NAS,$82315,$0.000008,10000000000,https://coinmarketcap.com/currencies/nas/
154,NautilusCoin,NAUT,$81462,$0.015342,5309550,https://coinmarketcap.com/currencies/nautiluscoin/
155,Bitmark,BTM,$80450,$0.086347,931700,https://coinmarketcap.com/currencies/bitmark/
156,HyperStake,HYP,$80075,$0.000594,134848240,https://coinmarketcap.com/currencies/hyperstake/
157,Myriad,XMY,$79385,$0.000080,997666500,https://coinmarketcap.com/currencies/myriad/
158,Bullion,CBX,$78443,$0.081851,958362,https://coinmarketcap.com/currencies/bullion/
159,TrustPlus,TRUST,$78342,$0.002508,31238694,https://coinmarketcap.com/currencies/trustplus/
160,Boolberry,BBR,$72321,$0.021775,3321262,https://coinmarketcap.com/currencies/boolberry/
161,AsiaCoin,AC,$70705,$0.000288,245414715,https://coinmarketcap.com/currencies/asiacoin/
162,Freicoin,FRC,$69331,$0.001508,45962594,https://coinmarketcap.com/currencies/freicoin/
163,CleanWaterCoin,WATER,$68283,$0.000123,555713319,https://coinmarketcap.com/currencies/cleanwatercoin/
164,FlappyCoin,FLAP,$65917,$9.4e-07,69864678452,https://coinmarketcap.com/currencies/flappycoin/
165,USDe,USDE,$65602,$0.000069,956351793,https://coinmarketcap.com/currencies/usde/
166,ZcCoin,ZCC,$64825,$0.003736,17352849,https://coinmarketcap.com/currencies/zccoin/
167,FlutterCoin,FLT,$63055,$0.000253,249107558,https://coinmarketcap.com/currencies/fluttercoin/
168,JackpotCoin,JPC,$62545,$0.000011,5698682708,https://coinmarketcap.com/currencies/jackpotcoin/
169,Blitzcash,BLITZ,$61168,$0.016461,3715882,https://coinmarketcap.com/currencies/blitzcash/
170,Ringo,RIN,$59867,$0.000626,95695834,https://coinmarketcap.com/currencies/ringo/
171,DeBuNe,DEBUNE,$59519,$0.286056,208069,https://coinmarketcap.com/currencies/debune/
172,UnbreakableCoin,UNB,$58651,$0.026346,2226150,https://coinmarketcap.com/currencies/unbreakablecoin/
173,BlueCoin,BLU,$58499,$0.000104,561057576,https://coinmarketcap.com/currencies/bluecoin/
174,UltraCoin,UTC,$56732,$0.002079,27288275,https://coinmarketcap.com/currencies/ultracoin/
175,LTBcoin,LTBC,$55924,$0.000214,261017635,https://coinmarketcap.com/currencies/ltbcoin/
176,TEKcoin,TEK,$55686,$0.007948,7006333,https://coinmarketcap.com/currencies/tekcoin/
177,Karmacoin,KARMA,$55682,$8.5e-07,65462994065,https://coinmarketcap.com/currencies/karmacoin/
178,Triangles,TRI,$53505,$1.08,49493,https://coinmarketcap.com/currencies/triangles/
179,Dorcs,DORCS,$53055,$0.135877,390466,https://coinmarketcap.com/currencies/dorcs/
180,Riecoin,RIC,$52904,$0.004748,11142425,https://coinmarketcap.com/currencies/riecoin/
181,Bitstar,BITS,$49056,$0.002837,17290596,https://coinmarketcap.com/currencies/bitstar/
182,PinkCoin,PINK,$48997,$0.000134,364429451,https://coinmarketcap.com/currencies/pinkcoin/
183,CloakCoin,CLOAK,$48420,$0.010621,4558826,https://coinmarketcap.com/currencies/cloakcoin/
184,UnionCoin,UNC,$48377,$0.005767,8388608,https://coinmarketcap.com/currencies/unioncoin/
185,Colossuscoin,COL,$47313,$1.5e-07,312889440517,https://coinmarketcap.com/currencies/colossuscoin/
186,Neutrino,NTR,$46794,$0.000222,210545045,https://coinmarketcap.com/currencies/neutrino/
187,MaryJane,MARYJ,$46625,$0.003038,15347514,https://coinmarketcap.com/currencies/maryjane/
188,Auroracoin,AUR,$45554,$0.018667,2440315,https://coinmarketcap.com/currencies/auroracoin/
189,CannaCoin,CCN,$43448,$0.009375,4634237,https://coinmarketcap.com/currencies/cannacoin/
190,CryptoEscudo,CESC,$42823,$0.000370,115773900,https://coinmarketcap.com/currencies/cryptoescudo/
191,Ubiq,UBQ,$42243,$0.012610,3350120,https://coinmarketcap.com/currencies/ubiq/
192,Carboncoin,CARBON,$41663,$0.000003,15184214782,https://coinmarketcap.com/currencies/carboncoin/
193,Sexcoin,SXC,$40807,$0.000436,93659551,https://coinmarketcap.com/currencies/sexcoin/
194,Quotient,XQN,$40360,$0.004379,9217398,https://coinmarketcap.com/currencies/quotient/
195,e-Gulden,EFL,$40315,$0.007534,5351088,https://coinmarketcap.com/currencies/e-gulden/
196,ArtByte,ABY,$39709,$0.000093,429045650,https://coinmarketcap.com/currencies/artbyte/
197,Einsteinium,EMC2,$38372,$0.000225,170591229,https://coinmarketcap.com/currencies/einsteinium/
198,FedoraCoin,TIPS,$37139,$1.3e-07,280846322360,https://coinmarketcap.com/currencies/fedoracoin/
199,Librexcoin,LXC,$35751,$0.003664,9756061,https://coinmarketcap.com/currencies/librexcoin/
200,ECC,ECC,$34981,$0.000002,16963625470,https://coinmarketcap.com/currencies/eccoin/
201,CryptoCoins,CCS,$34964,$21.45,1630,https://coinmarketcap.com/currencies/cryptocoins/
202,World Trade Funds,XWT,$34910,$0.003863,9037246,https://coinmarketcap.com/currencies/wtf-coin/
203,Bottlecaps,CAP,$34894,$0.002809,12420534,https://coinmarketcap.com/currencies/bottlecaps/
204,SuperCoin,SUPER,$34812,$0.001380,25225689,https://coinmarketcap.com/currencies/supercoin/
205,CasinoCoin,CSC,$34753,$0.001109,31351385,https://coinmarketcap.com/currencies/casinocoin/
206,MediterraneanCoin,MED,$34020,$0.001001,33987717,https://coinmarketcap.com/currencies/mediterraneancoin/
207,Dimecoin,DIME,$34006,$1.1e-07,299580260352,https://coinmarketcap.com/currencies/dimecoin/
208,FreshCoin,FRSH,$33377,$0.005073,6578930,https://coinmarketcap.com/currencies/freshcoin/
209,Nyancoin,NYAN,$31603,$0.000170,185741400,https://coinmarketcap.com/currencies/nyancoin/
210,GAIA,GAIA,$30747,$0.001276,24101381,https://coinmarketcap.com/currencies/gaia/
211,GameCredits,GAME,$30629,$0.000661,46320150,https://coinmarketcap.com/currencies/gamecredits/
212,CzechCrownCoin,CZC,$30598,$0.007444,4110230,https://coinmarketcap.com/currencies/czechcrowncoin/
213,Sonic,SSD,$30465,$0.001397,21813419,https://coinmarketcap.com/currencies/sonicscrewdriver/
214,Czarcoin,CZR,$30363,$0.067488,449902,https://coinmarketcap.com/currencies/czarcoin/
215,NooCoin,NOO,$30338,$0.001213,25017761,https://coinmarketcap.com/currencies/noocoin/
216,NobleNXT,NOXT,$30257,$0.054871,551428,https://coinmarketcap.com/currencies/noblenxt/
217,Philosopher Stones,PHS,$29987,$0.012344,2429219,https://coinmarketcap.com/currencies/philosopher-stones/
218,Viorcoin,VIOR,$28656,$0.006071,4719802,https://coinmarketcap.com/currencies/viorcoin/
219,ClearingHouse,XCH,$28483,$0.000274,103807797,https://coinmarketcap.com/currencies/clearinghouse/
220,Virtacoin,VTA,$28284,$0.000003,9986837209,https://coinmarketcap.com/currencies/virtacoin/
221,NXTInspect,NXTI,$28043,$0.040048,700227,https://coinmarketcap.com/currencies/nxtinspect/
222,Sterlingcoin,SLG,$27037,$0.006981,3872963,https://coinmarketcap.com/currencies/sterlingcoin/
223,FoldingCoin,FLDC,$26626,$0.000217,122500000,https://coinmarketcap.com/currencies/foldingcoin/
224,CryptCoin,CRYPT,$26295,$0.004372,6014382,https://coinmarketcap.com/currencies/cryptcoin/
225,Magi,XMG,$26270,$0.012579,2088355,https://coinmarketcap.com/currencies/magi/
226,ExclusiveCoin,EXCL,$25915,$0.002745,9439935,https://coinmarketcap.com/currencies/exclusivecoin/
227,Fastcoin,FST,$25866,$0.000233,110891083,https://coinmarketcap.com/currencies/fastcoin/
228,Pesetacoin,PTC,$25822,$0.000255,101192471,https://coinmarketcap.com/currencies/pesetacoin/
229,LitecoinDark,LTCD,$25425,$0.000322,78893980,https://coinmarketcap.com/currencies/litecoindark/
230,Groestlcoin,GRS,$25368,$0.000455,55694822,https://coinmarketcap.com/currencies/groestlcoin/
231,SecureCoin,SRC,$25235,$0.011124,2268625,https://coinmarketcap.com/currencies/securecoin/
232,Mineralscoin,MIN,$23870,$0.000881,27101018,https://coinmarketcap.com/currencies/minerals/
233,SecurityCoin,SCSY,$23858,$0.000430,55528077,https://coinmarketcap.com/currencies/securitysyscoin/
234,OrangeCoin,OC,$23630,$0.000436,54163117,https://coinmarketcap.com/currencies/orangecoin/
235,BattleCoin,BCX,$23426,$0.000387,60552166,https://coinmarketcap.com/currencies/battlecoin/
236,TeslaCoin,TES,$23260,$0.000384,60552166,https://coinmarketcap.com/currencies/teslacoin/
237,Terracoin,TRC,$23052,$0.003485,6614136,https://coinmarketcap.com/currencies/terracoin/
238,BBQCoin,BQC,$22879,$0.000584,39146806,https://coinmarketcap.com/currencies/bbqcoin/
239,IncaKoin,NKA,$22782,$0.000027,830399346,https://coinmarketcap.com/currencies/incakoin/
240,Nexus,NXS,$22770,$0.001756,12967778,https://coinmarketcap.com/currencies/nexus/
241,HellasCoin,HLC,$22763,$0.001907,11938050,https://coinmarketcap.com/currencies/hellascoin/
242,Libertycoin,XLB,$22382,$0.001355,16512528,https://coinmarketcap.com/currencies/libertycoin/
243,NeosCoin,NEOS,$22304,$0.005198,4290800,https://coinmarketcap.com/currencies/neoscoin/
244,Kore,KORE,$22197,$0.012569,1765952,https://coinmarketcap.com/currencies/korecoin/
245,SpreadCoin,SPR,$21753,$0.010956,1985545,https://coinmarketcap.com/currencies/spreadcoin/
246,GeoCoin,GEO,$21001,$0.029505,711765,https://coinmarketcap.com/currencies/geocoin/
247,DopeCoin,DOPE,$20926,$0.000156,133797276,https://coinmarketcap.com/currencies/dopecoin/
248,Nakamoto Dark,NKT,$20851,$0.000236,88370709,https://coinmarketcap.com/currencies/nakamotodark/
249,Aricoin,ARI,$20424,$0.000156,131325990,https://coinmarketcap.com/currencies/aricoin/
250,ContinuumCoin,CTM,$20100,$2.3e-07,88538349156,https://coinmarketcap.com/currencies/continuumcoin/
251,Chancecoin,CHA,$19987,$0.038696,516513,https://coinmarketcap.com/currencies/chancecoin/
252,BitBar,BTB,$19809,$1.18,16769,https://coinmarketcap.com/currencies/bitbar/
253,SaffronCoin,SFR,$19353,$0.000949,20386026,https://coinmarketcap.com/currencies/saffroncoin/
254,Elacoin,ELC,$19198,$0.041199,465995,https://coinmarketcap.com/currencies/elacoin/
255,RabbitCoin,RBBT,$19054,$1.9e-07,100715606023,https://coinmarketcap.com/currencies/rabbitcoin/
256,Qibuck,QBK,$18989,$0.037250,509774,https://coinmarketcap.com/currencies/qibuck/
257,Scotcoin,SCOT,$18903,$0.000019,1000000000,https://coinmarketcap.com/currencies/scotcoin/
258,Razor,RZR,$18717,$0.009359,1999895,https://coinmarketcap.com/currencies/razor/
259,Coin2.1,C2,$18379,$0.000184,99976323,https://coinmarketcap.com/currencies/coin2-1/
260,Bitcoin Scrypt,BTCS,$18198,$0.001530,11896850,https://coinmarketcap.com/currencies/bitcoin-scrypt/
261,HRLTCGEAR,HRL,$17973,$0.003058,5876687,https://coinmarketcap.com/currencies/hrltcgear/
262,Dirac,XDQ,$17842,$0.039484,451885,https://coinmarketcap.com/currencies/dirac/
263,SmartCoin,SMC,$17767,$0.000999,17789558,https://coinmarketcap.com/currencies/smartcoin/
264,RootCoin,ROOT,$16921,$0.008830,1916373,https://coinmarketcap.com/currencies/rootcoin/
265,MultiWalletCoin,MWC,$16676,$0.000612,27254738,https://coinmarketcap.com/currencies/multiwalletcoin/
266,Cinni,CINNI,$16604,$0.001098,15128216,https://coinmarketcap.com/currencies/cinni/
267,FAILCoin,FAIL,$16165,$2.1e-07,78027510166,https://coinmarketcap.com/currencies/failcoin/
268,Yacoin,YAC,$16129,$0.000346,46651872,https://coinmarketcap.com/currencies/yacoin/
269,HRNXTPool,HRNXT,$15733,$0.157331,100000,https://coinmarketcap.com/currencies/hrnxtpool/
270,CheckOutCoin,CXC,$15267,$0.003037,5026889,https://coinmarketcap.com/currencies/checkoutcoin/
271,GlobalCoin,GLC,$15021,$0.000247,60825713,https://coinmarketcap.com/currencies/globalcoin/
272,SeedCoin,SEED,$14975,$0.004871,3073963,https://coinmarketcap.com/currencies/seedcoin/
273,GCN Coin,GCN,$14950,$2.1e-07,72092060000,https://coinmarketcap.com/currencies/gcn-coin/
274,Blakecoin,BLC,$14923,$0.002584,5774519,https://coinmarketcap.com/currencies/blakecoin/
275,microCoin,MRC,$14610,$7.9e-07,18387562489,https://coinmarketcap.com/currencies/microcoin/
276,CommunityCoin,COMM,$14506,$0.000014,1057344896,https://coinmarketcap.com/currencies/communitycoin/
277,NewYorkCoin,NYC,$13785,$1.4e-07,97307606333,https://coinmarketcap.com/currencies/newyorkcoin/
278,Quatloo,QTL,$13684,$0.003959,3456940,https://coinmarketcap.com/currencies/quatloo/
279,Cryptonite,XCN,$13418,$0.000176,76410390,https://coinmarketcap.com/currencies/cryptonite/
280,HamRadioCoin,HAM,$13209,$0.003651,3617581,https://coinmarketcap.com/currencies/hamradiocoin/
281,PetroDollar,XPD,$13094,$0.000214,61290025,https://coinmarketcap.com/currencies/petrodollar/
282,Trollcoin,TROLL,$13069,$0.000003,4711810000,https://coinmarketcap.com/currencies/trollcoin/
283,Quicksilver,QSLV,$13002,$0.003756,3461783,https://coinmarketcap.com/currencies/quicksilver/
284,FLO,FLO,$12936,$0.000154,84164850,https://coinmarketcap.com/currencies/flo/
285,Kobocoin,KOBO,$12708,$0.000530,23987925,https://coinmarketcap.com/currencies/kobocoin/
286,Fantomcoin,FCN,$12605,$0.006860,1837640,https://coinmarketcap.com/currencies/fantomcoin/
287,CoolCoin,COOL,$12562,$0.000121,104047705,https://coinmarketcap.com/currencies/coolcoin/
288,TittieCoin,TIT,$12339,$0.000011,1124865578,https://coinmarketcap.com/currencies/tittiecoin/
289,TopCoin,TOP,$12300,$0.000497,24767720,https://coinmarketcap.com/currencies/topcoin/
290,CryptoBuck,BUK,$12046,$0.009254,1301720,https://coinmarketcap.com/currencies/cryptobuck/
291,AmberCoin,AMBER,$11856,$0.004258,2784441,https://coinmarketcap.com/currencies/ambercoin/
292,OpalTKN,OPALTKN,$11800,$0.000787,15000000,https://coinmarketcap.com/currencies/opaltkn/
293,Piggycoin,PIGGY,$11704,$0.000025,473956371,https://coinmarketcap.com/currencies/piggycoin/
294,Sembro Token,SMBR,$11495,$0.004595,2501354,https://coinmarketcap.com/currencies/sembro-token/
295,CAIx,CAIx,$11351,$0.007015,1618027,https://coinmarketcap.com/currencies/caix/
296,Energycoin,ENRG,$11306,$0.000099,114463089,https://coinmarketcap.com/currencies/energycoin/
297,LottoCoin,LOT,$11226,$7.7e-07,14491014421,https://coinmarketcap.com/currencies/lottocoin/
298,DarkCash,DRKC,$11207,$0.002601,4308300,https://coinmarketcap.com/currencies/darkcash/
299,Electron,ELT,$11156,$0.001372,8131338,https://coinmarketcap.com/currencies/electron/
300,Boomcoin,BOOM,$10928,$0.000960,11379426,https://coinmarketcap.com/currencies/boomcoin/
301,Uniform Fiscal Object,UFO,$10890,$0.000005,1984393762,https://coinmarketcap.com/currencies/uniform-fiscal-object/
302,WankCoin,WKC,$10835,$0.002819,3843650,https://coinmarketcap.com/currencies/wankcoin/
303,Munne,MNE,$10764,$0.002242,4801022,https://coinmarketcap.com/currencies/munne/
304,Silkcoin,SILK,$10616,$0.000244,43429800,https://coinmarketcap.com/currencies/silkcoin/
305,HunterCoin,HUC,$10543,$0.002529,4168170,https://coinmarketcap.com/currencies/huntercoin/
306,SpainCoin,SPA,$10300,$0.000431,23909989,https://coinmarketcap.com/currencies/spaincoin/
307,HempCoin,THC,$10051,$0.000063,159261095,https://coinmarketcap.com/currencies/hempcoin/
308,GrandCoin,GDC,$10039,$0.000025,406548474,https://coinmarketcap.com/currencies/grandcoin/
309,Kittehcoin,MEOW,$9872,$4.2e-07,23719304847,https://coinmarketcap.com/currencies/kittehcoin/
310,NoirShares,NRS,$9850,$0.003976,2477481,https://coinmarketcap.com/currencies/noirshares/
311,Saturn2Coin,SAT2,$9628,$0.001224,7867810,https://coinmarketcap.com/currencies/saturn2coin/
312,Franko,FRK,$9590,$0.027399,350000,https://coinmarketcap.com/currencies/franko/
313,Titcoin,TIT,$9564,$0.000512,18696314,https://coinmarketcap.com/currencies/titcoin/
314,bitSilver,BITSILVER,$9486,$15.86,598,https://coinmarketcap.com/currencies/bitsilver/
315,RedCoin,RED,$9306,$0.000171,54527531,https://coinmarketcap.com/currencies/redcoin/
316,Copperlark,CLR,$9057,$0.000837,10822849,https://coinmarketcap.com/currencies/copperlark/
317,Crown,CRW,$8988,$0.002469,3640247,https://coinmarketcap.com/currencies/crown/
318,Acoin,ACOIN,$8837,$0.011250,785531,https://coinmarketcap.com/currencies/acoin/
319,Bitcoin Plus,XBC,$8809,$0.159150,55350,https://coinmarketcap.com/currencies/bitcoin-plus/
320,ApexCoin,APEX,$8453,$0.001388,6088386,https://coinmarketcap.com/currencies/apexcoin/
321,Truckcoin,TRK,$8274,$0.000409,20238337,https://coinmarketcap.com/currencies/truckcoin/
322,VootCoin,VOOT,$8244,$0.000119,69280656,https://coinmarketcap.com/currencies/vootcoin/
323,Mincoin,MNC,$8124,$0.004719,1721350,https://coinmarketcap.com/currencies/mincoin/
324,VegasCoin,VGC,$8091,$0.000274,29487180,https://coinmarketcap.com/currencies/vegascoin/
325,TorCoin,TOR,$8027,$0.005271,1522979,https://coinmarketcap.com/currencies/torcoin/
326,MetalCoin,METAL,$8015,$0.000104,76880257,https://coinmarketcap.com/currencies/metalcoin/
327,Heavycoin,HVC,$7994,$0.000091,88290328,https://coinmarketcap.com/currencies/heavycoin/
328,AsicCoin,ASC,$7919,$0.000015,538053251,https://coinmarketcap.com/currencies/asiccoin/
329,StableCoin,SBC,$7718,$0.000417,18505107,https://coinmarketcap.com/currencies/stablecoin/
330,Phoenixcoin,PXC,$7676,$0.000273,28097700,https://coinmarketcap.com/currencies/phoenixcoin/
331,Emerald Crypto,EMD,$7521,$0.000615,12237422,https://coinmarketcap.com/currencies/emerald/
332,CraigsCoin,CRAIG,$7346,$0.000245,30033947,https://coinmarketcap.com/currencies/craigscoin/
333,UtilityCoin,UTIL,$7263,$0.001948,3728328,https://coinmarketcap.com/currencies/utilitycoin/
334,MozzShare,MLS,$7038,$0.000110,64125000,https://coinmarketcap.com/currencies/mozzshare/
335,RonPaulCoin,RPC,$7033,$0.028574,246148,https://coinmarketcap.com/currencies/ronpaulcoin/
336,IcebergCoin,ICB,$6968,$0.001550,4494763,https://coinmarketcap.com/currencies/icebergcoin/
337,BetaCoin,BET,$6965,$0.000343,20306438,https://coinmarketcap.com/currencies/betacoin/
338,GamerholicCoin,GHC,$6939,$0.008892,780330,https://coinmarketcap.com/currencies/gamerholiccoin/
339,GlideSEC,GLIDE,$6854,$0.026889,254915,https://coinmarketcap.com/currencies/glidesec/
340,Kryptonite,KRYP,$6841,$0.000801,8539266,https://coinmarketcap.com/currencies/kryptonite/
341,Diem,DIEM,$6602,$3e-07,21662823605,https://coinmarketcap.com/currencies/diem/
342,KeyCoin,KEY,$6555,$0.007112,921726,https://coinmarketcap.com/currencies/keycoin/
343,DayTraderCoin,DTC,$6546,$0.005882,1112907,https://coinmarketcap.com/currencies/daytradercoin/
344,Dashcoin,DSH,$6520,$7.3e-08,89797969929,https://coinmarketcap.com/currencies/dashcoin/
345,Catcoin,CAT,$6128,$0.003605,1699650,https://coinmarketcap.com/currencies/catcoin/
346,NHZSPHERE,SPHERE,$6017,$0.000401,15000000,https://coinmarketcap.com/currencies/nhzsphere/
347,SHACoin,SHA,$5978,$0.000016,363141731,https://coinmarketcap.com/currencies/shacoin/
348,Kryptkoin,KTK,$5941,$0.000343,17321872,https://coinmarketcap.com/currencies/kryptkoin/
349,Zedcoin,ZED,$5871,$0.000521,11262360,https://coinmarketcap.com/currencies/zedcoin/
350,Joulecoin,XJO,$5558,$0.000332,16739664,https://coinmarketcap.com/currencies/joulecoin/
351,Luckycoin,LKY,$5506,$0.000292,18862127,https://coinmarketcap.com/currencies/luckycoin/
352,Plankton,FOOD,$5492,$0.000005,1000737320,https://coinmarketcap.com/currencies/plankton/
353,GameLeagueCoin,GML,$5488,$0.000011,500000000,https://coinmarketcap.com/currencies/gameleaguecoin/
354,Murraycoin,MRY,$5478,$0.000184,29798338,https://coinmarketcap.com/currencies/murraycoin/
355,Execoin,EXE,$5477,$0.000306,17881067,https://coinmarketcap.com/currencies/execoin/
356,CleverHash,CHASH,$5428,$0.043777,123995,https://coinmarketcap.com/currencies/cleverhash/
357,XCash,XCASH,$5381,$0.002195,2451570,https://coinmarketcap.com/currencies/xcash/
358,LiteBar,LTB,$5334,$0.030179,176737,https://coinmarketcap.com/currencies/litebar/
359,OKCash,OK,$5296,$0.000131,40281781,https://coinmarketcap.com/currencies/okcash/
360,TacoCoin,TCO,$5276,$0.000108,48851375,https://coinmarketcap.com/currencies/tacocoin/
361,Cashcoin,CASH,$5221,$0.001147,4551861,https://coinmarketcap.com/currencies/cashcoin/
362,GoldReserve,XGR,$5184,$0.000403,12852064,https://coinmarketcap.com/currencies/goldreserve/
363,Cinder,CIN,$5009,$0.000044,114103496,https://coinmarketcap.com/currencies/cinder/
364,Kumacoin,KUMA,$5008,$0.000027,182512440,https://coinmarketcap.com/currencies/kumacoin/
365,PseudoCash,PSEUD,$4994,$0.002280,2190227,https://coinmarketcap.com/currencies/pseudocoin/
366,BunnyCoin,BUN,$4963,$5.5e-08,89870100266,https://coinmarketcap.com/currencies/bunnycoin/
367,Guerillacoin,GUE,$4896,$0.001086,4508409,https://coinmarketcap.com/currencies/guerillacoin/
368,Bitgem,BTG,$4872,$0.145426,33499,https://coinmarketcap.com/currencies/bitgem/
369,Checkcoin,CKC,$4769,$0.000294,16234810,https://coinmarketcap.com/currencies/checkcoin/
370,CrackCoin,CRACK,$4745,$0.000790,6004132,https://coinmarketcap.com/currencies/crackcoin/
371,GreenBacks,GB,$4718,$0.000228,20715656,https://coinmarketcap.com/currencies/greenbacks/
372,XDECoin,XDE,$4685,$46.65,100,https://coinmarketcap.com/currencies/xdecoin/
373,Aliencoin,ALN,$4681,$0.000189,24726090,https://coinmarketcap.com/currencies/aliencoin/
374,EagsCurrency,EAGS,$4482,$0.001866,2401495,https://coinmarketcap.com/currencies/eagscurrency/
375,PopularCoin,POP,$4446,$0.000001,3092383298,https://coinmarketcap.com/currencies/popularcoin/
376,Krugercoin,KGC,$4426,$0.000044,100834418,https://coinmarketcap.com/currencies/krugercoin/
377,X-Children,CHILD,$4399,$0.002362,1862118,https://coinmarketcap.com/currencies/x-children/
378,PreminePlus,PMP,$4260,$0.004113,1035850,https://coinmarketcap.com/currencies/premineplus/
379,Lycancoin,LYC,$4245,$0.000016,257833791,https://coinmarketcap.com/currencies/lycancoin/
380,Omnicoin,OMC,$4235,$0.000491,8622886,https://coinmarketcap.com/currencies/omnicoin/
381,CataloniaCoin,CATC,$4109,$0.001152,3565153,https://coinmarketcap.com/currencies/cataloniacoin/
382,FireFlyCoin,FFC,$4070,$0.000044,92727600,https://coinmarketcap.com/currencies/fireflycoin/
383,KlondikeCoin,KDC,$3957,$0.000541,7320629,https://coinmarketcap.com/currencies/klondikecoin/
384,GiveCoin,GIVE,$3924,$0.000019,204299000,https://coinmarketcap.com/currencies/givecoin/
385,OpenSourcecoin,OSC,$3889,$0.000820,4740162,https://coinmarketcap.com/currencies/opensourcecoin/
386,BritCoin,BRIT,$3861,$0.000357,10825202,https://coinmarketcap.com/currencies/britcoin/
387,CageCoin,CAGE,$3855,$4.1e-08,94398959997,https://coinmarketcap.com/currencies/cagecoin/
388,QuazarCoin,QCN,$3805,$0.002195,1733661,https://coinmarketcap.com/currencies/quazarcoin-old/
389,PLNcoin,PLNC,$3798,$0.000222,17089600,https://coinmarketcap.com/currencies/plncoin/
390,Techcoin,TECH,$3727,$0.019756,188652,https://coinmarketcap.com/currencies/techcoin/
391,EventToken,EVENT,$3691,$0.000472,7822138,https://coinmarketcap.com/currencies/eventtoken/
392,Vidio,VDO,$3401,$0.000160,21200446,https://coinmarketcap.com/currencies/vidio/
393,GoldPieces,GP,$3294,$0.004048,813852,https://coinmarketcap.com/currencies/goldpieces/
394,Neocoin,NEC,$3156,$0.000513,6150310,https://coinmarketcap.com/currencies/neocoin/
395,MonetaVerde,MCN,$3118,$0.000310,10055207,https://coinmarketcap.com/currencies/monetaverde/
396,Umbrella-LTC,ULTC,$3096,$0.004561,678880,https://coinmarketcap.com/currencies/umbrella-ltc/
397,Spots,SPT,$3009,$0.000195,15445738,https://coinmarketcap.com/currencies/spots/
398,Halcyon,HAL,$2988,$0.001837,1626446,https://coinmarketcap.com/currencies/halcyon/
399,LegendaryCoin,LGD,$2976,$0.000598,4974612,https://coinmarketcap.com/currencies/legendarycoin/
400,Fractalcoin,FRAC,$2975,$0.004046,735422,https://coinmarketcap.com/currencies/fractalcoin/
401,Argentum,ARG,$2936,$0.001995,1471853,https://coinmarketcap.com/currencies/argentum/
402,ShadeCoin,SHADE,$2818,$0.001663,1694985,https://coinmarketcap.com/currencies/shadecoin/
403,Bitcoin Fast,BCF,$2791,$0.003155,884700,https://coinmarketcap.com/currencies/bitcoinfast/
404,UCoin,U,$2672,$0.001095,2441029,https://coinmarketcap.com/currencies/ucoin/
405,Paycoin,PYC,$2611,$0.001399,1866105,https://coinmarketcap.com/currencies/paycoin/
406,MonetaryUnit,MUE,$2586,$0.000051,50612640,https://coinmarketcap.com/currencies/monetaryunit/
407,Heisenberg,HEX,$2519,$2e-07,12473553843,https://coinmarketcap.com/currencies/heisenberg/
408,Glyph,GLYPH,$2506,$0.001098,2283456,https://coinmarketcap.com/currencies/glyph/
409,GSMcoin,GSM,$2506,$0.001372,1826520,https://coinmarketcap.com/currencies/gsmcoin/
410,Noirbits,NRB,$2458,$0.001092,2251240,https://coinmarketcap.com/currencies/noirbits/
411,Solcoin,SOL,$2331,$0.000008,283209014,https://coinmarketcap.com/currencies/solcoin/
412,Gapcoin,GAP,$2199,$0.001100,1998389,https://coinmarketcap.com/currencies/gapcoin/
413,Polcoin,PLC,$2170,$0.000123,17578050,https://coinmarketcap.com/currencies/polcoin/
414,Junkcoin,JKC,$2145,$0.000154,13961400,https://coinmarketcap.com/currencies/junkcoin/
415,BitQuark,BTQ,$2109,$0.000856,2463572,https://coinmarketcap.com/currencies/bitquark/
416,Benjamins,BEN,$2038,$0.000840,2427600,https://coinmarketcap.com/currencies/benjamins/
417,ConcealCoin,CNL,$1898,$0.000189,10026047,https://coinmarketcap.com/currencies/concealcoin/
418,BitSend,BSD,$1841,$0.000374,4927877,https://coinmarketcap.com/currencies/bitsend/
419,Greencoin,GRE,$1824,$0.000003,541313025,https://coinmarketcap.com/currencies/greencoin/
420,Lightspeed,LSD,$1789,$0.002330,767911,https://coinmarketcap.com/currencies/lightspeed/
421,Photon,PHO,$1757,$3.2e-07,5462442150,https://coinmarketcap.com/currencies/photon/
422,Solecoin,SOLE,$1745,$0.001364,1279983,https://coinmarketcap.com/currencies/solecoin/
423,Judgecoin,JUDGE,$1717,$0.000148,11591081,https://coinmarketcap.com/currencies/judgecoin/
424,Hirocoin,HIRO,$1716,$0.000019,89328800,https://coinmarketcap.com/currencies/hirocoin/
425,CorgiCoin,CORG,$1702,$1.9e-08,90191202249,https://coinmarketcap.com/currencies/corgicoin/
426,Pen,PEN1,$1654,$0.003048,542668,https://coinmarketcap.com/currencies/pen/
427,ShieldCoin,SHLD,$1646,$0.001506,1092727,https://coinmarketcap.com/currencies/shield/
428,Quarkbar,QB,$1644,$0.000140,11751306,https://coinmarketcap.com/currencies/quarkbar/
429,Guncoin,GUN,$1640,$0.000025,66699828,https://coinmarketcap.com/currencies/guncoin/
430,VirtualMiningCoin,VMC,$1628,$0.000019,84753453,https://coinmarketcap.com/currencies/virtualminingcoin/
431,RipoffCoin,RIPO,$1594,$0.000195,8181225,https://coinmarketcap.com/currencies/ripoffcoin/
432,Wild Beast Block,WBB,$1521,$0.041430,36710,https://coinmarketcap.com/currencies/wild-beast-block/
433,VultMining,VULT,$1492,$0.002560,582828,https://coinmarketcap.com/currencies/vultmining/
434,BatCoin,BAT,$1471,$2.3e-07,6481010000,https://coinmarketcap.com/currencies/batcoin/
435,SocialxBot,XBOT,$1471,$0.000936,1572244,https://coinmarketcap.com/currencies/socialxbot/
436,ORObit,ORO,$1459,$0.000674,2164151,https://coinmarketcap.com/currencies/orobit/
437,Nimbus,NMB,$1435,$0.000102,14117329,https://coinmarketcap.com/currencies/nimbus/
438,TakCoin,TAK,$1399,$0.000008,169950240,https://coinmarketcap.com/currencies/takcoin/
439,Aiden,ADN,$1326,$0.000091,14639403,https://coinmarketcap.com/currencies/aiden/
440,42-coin,42,$1204,$1311.58,0.9178677,https://coinmarketcap.com/currencies/42-coin/
441,CoffeeCoin,CFC,$1200,$0.000008,145832393,https://coinmarketcap.com/currencies/coffeecoin/
442,RotoCoin,RT2,$1161,$0.017807,65194,https://coinmarketcap.com/currencies/rotocoin/
443,BeaverCoin,BVC,$1125,$0.000492,2286956,https://coinmarketcap.com/currencies/beavercoin/
444,StabilityShares,XSI,$1113,$0.000151,7372511,https://coinmarketcap.com/currencies/stabilityshares/
445,DarkShibe,DSB,$1066,$0.000848,1257908,https://coinmarketcap.com/currencies/darkshibe/
446,CamorraCoin,CAM,$1042,$0.000305,3421921,https://coinmarketcap.com/currencies/camorracoin/
447,Axron,AXR,$959,$0.000892,1075900,https://coinmarketcap.com/currencies/axron/
448,MalibuCoin,MAL,$955,$0.000600,1591737,https://coinmarketcap.com/currencies/malibucoin/
449,Unitus,UIS,$949,$0.000124,7629078,https://coinmarketcap.com/currencies/unitus/
450,Abundance2,ABC2,$947,$0.001369,692087,https://coinmarketcap.com/currencies/abundance2/
451,SoonCoin,SOON,$945,$0.000105,8981300,https://coinmarketcap.com/currencies/sooncoin/
452,Dobbscoin,BOB,$934,$0.000357,2618000,https://coinmarketcap.com/currencies/dobbscoin/
453,Cryptographic Anomaly,CGA,$926,$0.006187,149580,https://coinmarketcap.com/currencies/cryptographic-anomaly/
454,Guarany,GUA,$910,$0.005531,164600,https://coinmarketcap.com/currencies/guarany/
455,Prime-XI,PXI,$898,$0.000239,3761348,https://coinmarketcap.com/currencies/prime-xi/
456,CannabisDarkcoin,CND,$883,$0.000123,7152204,https://coinmarketcap.com/currencies/cannabisdarkcoin/
457,Global Denomination,GDN,$803,$0.000107,7500280,https://coinmarketcap.com/currencies/global-denomination/
458,CRTCoin,CRT,$760,$0.009593,79270,https://coinmarketcap.com/currencies/crtcoin/
459,Ekrona,KRN,$746,$0.000151,4943240,https://coinmarketcap.com/currencies/ekrona/
460,BollywoodCoin,BDC,$688,$0.000510,1348250,https://coinmarketcap.com/currencies/bollywoodcoin/
461,LemurCoin,LMR,$686,$0.006859,100000,https://coinmarketcap.com/currencies/lemurcoin/
462,ProfitCoin,PFC,$677,$0.002755,245598,https://coinmarketcap.com/currencies/profitcoin/
463,NineElevenTruthCoin,NTC,$638,$0.000005,116325858,https://coinmarketcap.com/currencies/nineeleventruthcoin/
464,Machinecoin,MAC,$609,$0.000072,8429250,https://coinmarketcap.com/currencies/machinecoin/
465,Unattainium,UNAT,$556,$0.012896,43144,https://coinmarketcap.com/currencies/unattainium/
466,AurumCoin,AU,$540,$0.002867,188319,https://coinmarketcap.com/currencies/aurumcoin/
467,Conspiracycoin,CYC,$534,$0.000093,5727959,https://coinmarketcap.com/currencies/conspiracycoin/
468,Bela,BELA,$520,$0.000085,6118900,https://coinmarketcap.com/currencies/belacoin/
469,Granite,GRN,$492,$0.000036,13589000,https://coinmarketcap.com/currencies/granitecoin/
470,Bancorcoin,BNCR,$468,$0.000085,5496320,https://coinmarketcap.com/currencies/bancorcoin/
471,VirtualCoin,VC,$450,$0.000274,1638354,https://coinmarketcap.com/currencies/virtualcoin/
472,PotatoCoin,SPUDS,$444,$0.000003,161906118,https://coinmarketcap.com/currencies/potatocoin/
473,Gnosis,GNS,$425,$0.000014,30963518,https://coinmarketcap.com/currencies/gnosis/
474,Talkcoin,TAC,$423,$0.000030,14014794,https://coinmarketcap.com/currencies/talkcoin/
475,Cetuscoin,CETI,$378,$0.000166,2275440,https://coinmarketcap.com/currencies/cetuscoin/
476,ImperialCoin,IPC,$294,$0.000006,53052000,https://coinmarketcap.com/currencies/imperialcoin/
477,RippleLite,XPL,$293,$0.000003,106703557,https://coinmarketcap.com/currencies/ripplelite/
478,CandyCoin,YUM,$259,$0.000064,4066350,https://coinmarketcap.com/currencies/candycoin/
479,ExtractCoin,XTR,$254,$0.000162,1569400,https://coinmarketcap.com/currencies/extractcoin/
480,ach,ACH,$240,$0.000286,837627,https://coinmarketcap.com/currencies/ach/
481,ConfessionCoin,CFN,$233,$0.000041,5662680,https://coinmarketcap.com/currencies/confessioncoin/
482,DigitalPrice,DP,$230,$0.000096,2393592,https://coinmarketcap.com/currencies/digitalprice/
483,Canada eCoin,CDN,$213,$0.000020,10583450,https://coinmarketcap.com/currencies/canada-ecoin/
484,Fetish,FETISH,$196,$0.000244,802674,https://coinmarketcap.com/currencies/fetish/
485,BDSM,BDSM,$158,$0.000030,5284894,https://coinmarketcap.com/currencies/bdsm/
486,WolfCoin,WLF,$118,$0.000069,1721704,https://coinmarketcap.com/currencies/wolfcoin/
487,Denarius,DRS,$101,$0.000088,1148800,https://coinmarketcap.com/currencies/denarius/
488,Voyacoin,VOYA,$64,$0.000582,110401,https://coinmarketcap.com/currencies/voyacoin/
489,Donationcoin,DON,$63,$0.000014,4607050,https://coinmarketcap.com/currencies/donationcoin/
490,Lightcoin,LIT,$28,$0.000005,5115468,https://coinmarketcap.com/currencies/lightcoin/
491,DuckDuckCoin,DUCK,?,$13.72,?,https://coinmarketcap.com/currencies/duckduckcoin/
492,ZiftrCOIN,ZRC,?,$0.158973,?,https://coinmarketcap.com/currencies/ziftrcoin/
493,GridPay,GRID,?,$0.010993,?,https://coinmarketcap.com/currencies/gridpay/
494,Joincoin,J,?,$0.009189,?,https://coinmarketcap.com/currencies/joincoin/
495,Slimcoin,SLM,?,$0.006022,?,https://coinmarketcap.com/currencies/slimcoin/
496,CraftCoin,CRC,?,$0.002865,?,https://coinmarketcap.com/currencies/craftcoin/
497,MysteryCoin,MYST,?,$0.002484,?,https://coinmarketcap.com/currencies/mysterycoin/
498,E-Money,ECASH,?,$0.002220,?,https://coinmarketcap.com/currencies/e-money/
499,FriendshipCoin 2,FSC2,?,$0.001808,?,https://coinmarketcap.com/currencies/friendshipcoin2/
500,Coinworkscoin,LAB,?,$0.001375,?,https://coinmarketcap.com/currencies/coinworkscoin/
501,GridCoin,GRC,?,$0.001368,?,https://coinmarketcap.com/currencies/gridcoin/
502,Bytecoin,BTE,?,$0.001254,?,https://coinmarketcap.com/currencies/bytecoin-bte/
503,vTorrent,VTR,?,$0.000908,?,https://coinmarketcap.com/currencies/vtorrent/
504,CacheCoin,CACH,?,$0.000867,?,https://coinmarketcap.com/currencies/cachecoin/
505,DarkToken,DT,?,$0.000488,?,https://coinmarketcap.com/currencies/darktoken/
506,Doubloons,DBL,?,$0.000487,?,https://coinmarketcap.com/currencies/doubloons/
507,Aegis,AGS,?,$0.000381,?,https://coinmarketcap.com/currencies/aegis/
508,Alipaycoin,ALI,?,$0.000381,?,https://coinmarketcap.com/currencies/alipaycoin/
509,Nibble,NBL,?,$0.000357,?,https://coinmarketcap.com/currencies/nibble/
510,Tigercoin,TGC,?,$0.000241,?,https://coinmarketcap.com/currencies/tigercoin/
511,CHNCoin,CNC,?,$0.000225,?,https://coinmarketcap.com/currencies/chncoin/
512,AmericanCoin,AMC,?,$0.000151,?,https://coinmarketcap.com/currencies/americancoin/
513,EZCoin,EZC,?,$0.000147,?,https://coinmarketcap.com/currencies/ezcoin/
514,AlphaCoin,ALF,?,$0.000123,?,https://coinmarketcap.com/currencies/alphacoin/
515,NanoToken,NAN,?,$0.000121,?,https://coinmarketcap.com/currencies/nanotoken/
516,SSVCoin,SSV,?,$0.000102,?,https://coinmarketcap.com/currencies/ssvcoin/
517,Omega,OMA,?,$0.000088,?,https://coinmarketcap.com/currencies/omega/
518,Skeincoin,SKC,?,$0.000082,?,https://coinmarketcap.com/currencies/skeincoin/
519,Twenty15,2015,?,$0.000058,?,https://coinmarketcap.com/currencies/twenty15/
520,Dotcoin,DOT,?,$0.000058,?,https://coinmarketcap.com/currencies/dotcoin/
521,Memecoin,MEM,?,$0.000038,?,https://coinmarketcap.com/currencies/memecoin/
522,ElephantCoin,ELP,?,$0.000034,?,https://coinmarketcap.com/currencies/elephantcoin/
523,StarCoin,STR,?,$0.000033,?,https://coinmarketcap.com/currencies/starcoin/
524,GameCoin,GME,?,$0.000010,?,https://coinmarketcap.com/currencies/gamecoin/
525,Bitmiles,BTMI,?,$0.000008,?,https://coinmarketcap.com/currencies/bitmiles/
526,XenCoin,XNC,?,$0.000007,?,https://coinmarketcap.com/currencies/xencoin/
527,Euphoria,EUPH,?,$0.000003,?,https://coinmarketcap.com/currencies/euphoria/
528,BitCentavo,NBE,?,$1.3e-07,?,https://coinmarketcap.com/currencies/bitcentavo/
529,Pennies,CENT,?,$1.4e-09,?,https://coinmarketcap.com/currencies/pennies/
