1,Bitcoin,BTC,$6477833347,$420.90,15390275,https://coinmarketcap.com/currencies/bitcoin/
2,Ethereum,ETH,$914759786,$11.62,78734169,https://coinmarketcap.com/currencies/ethereum/
3,XRP,XRP,$258390964,$0.007503,34439870367,https://coinmarketcap.com/currencies/ripple/
4,Litecoin,LTC,$147484120,$3.26,45203326,https://coinmarketcap.com/currencies/litecoin/
5,Dash,DASH,$44369451,$7.00,6341922,https://coinmarketcap.com/currencies/dash/
6,MaidSafeCoin,MAID,$37008621,$0.081778,452552412,https://coinmarketcap.com/currencies/maidsafecoin/
7,Dogecoin,DOGE,$22952796,$0.000221,103766675950,https://coinmarketcap.com/currencies/dogecoin/
8,HyperSpace,AMP,$18856122,$0.102035,184800000,https://coinmarketcap.com/currencies/synereo/
9,Monero,XMR,$17739489,$1.54,11495521,https://coinmarketcap.com/currencies/monero/
10,BitShares,BTS,$15155312,$0.005941,2550891891,https://coinmarketcap.com/currencies/bitshares/
11,Factom,FCT,$14513849,$1.66,8753219,https://coinmarketcap.com/currencies/factom/
12,NEM,XEM,$12242191,$0.001360,8999999999,https://coinmarketcap.com/currencies/nem/
13,Stellar,XLM,$12125299,$0.002210,5485679598,https://coinmarketcap.com/currencies/stellar/
14,Emercoin,EMC,$12050986,$0.322115,37412082,https://coinmarketcap.com/currencies/emercoin/
15,Bytecoin,BCN,$11300257,$0.000063,179667922925,https://coinmarketcap.com/currencies/bytecoin-bcn/
16,Peercoin,PPC,$10480160,$0.453938,23087188,https://coinmarketcap.com/currencies/peercoin/
17,Counterparty,XCP,$8725609,$3.32,2627630,https://coinmarketcap.com/currencies/counterparty/
18,Nxt,NXT,$8151156,$0.008151,999997096,https://coinmarketcap.com/currencies/nxt/
19,FedoraCoin,TIPS,$7395645,$0.000018,417716373770,https://coinmarketcap.com/currencies/fedoracoin/
20,Namecoin,NMC,$6278283,$0.448870,13986850,https://coinmarketcap.com/currencies/namecoin/
21,Agoras Tokens,AGRS,$6009979,$0.143095,42000000,https://coinmarketcap.com/currencies/agoras-tokens/
22,YbCoin,YBC,$5178577,$1.72,3006699,https://coinmarketcap.com/currencies/ybcoin/
23,GridCoin,GRC,$4264575,$0.011380,374750397,https://coinmarketcap.com/currencies/gridcoin/
24,Rubycoin,RBY,$3830926,$0.167380,22887590,https://coinmarketcap.com/currencies/rubycoin/
25,Syscoin,SYS,$3715993,$0.008667,428751485,https://coinmarketcap.com/currencies/syscoin/
26,Storjcoin X,SJCX,$3597818,$0.080712,44575870,https://coinmarketcap.com/currencies/storjcoin-x/
27,VPNCoin,VASH,$3379562,$0.008442,400339746,https://coinmarketcap.com/currencies/vpncoin/
28,Safe Exchange Coin,SAFEX,$2982819,$0.001389,2147483647,https://coinmarketcap.com/currencies/safe-exchange-coin/
29,DigiByte,DGB,$2981308,$0.000479,6220008486,https://coinmarketcap.com/currencies/digibyte/
30,BitCrystals,BCY,$2936039,$0.069034,42530221,https://coinmarketcap.com/currencies/bitcrystals/
31,GameCredits,GAME,$2866572,$0.052946,54141626,https://coinmarketcap.com/currencies/gamecredits/
32,NuShares,NSR,$2520463,$0.003077,819248695,https://coinmarketcap.com/currencies/nushares/
33,Decred,DCR,$2503646,$1.94,1291419,https://coinmarketcap.com/currencies/decred/
34,BlackCoin,BLK,$2474295,$0.032833,75360612,https://coinmarketcap.com/currencies/blackcoin/
35,Scotcoin,SCOT,$2255815,$0.002256,1000000000,https://coinmarketcap.com/currencies/scotcoin/
36,Startcoin,START,$2224981,$0.057020,39021200,https://coinmarketcap.com/currencies/startcoin/
37,MonaCoin,MONA,$2069904,$0.066388,31178950,https://coinmarketcap.com/currencies/monacoin/
38,BitcoinDark,BTCD,$2012060,$1.60,1260255,https://coinmarketcap.com/currencies/bitcoindark/
39,SolarCoin,SLR,$1998297,$0.058290,34281800,https://coinmarketcap.com/currencies/solarcoin/
40,MintCoin,MINT,$1895672,$0.000083,22880057501,https://coinmarketcap.com/currencies/mintcoin/
41,Vcash,XVC,$1829965,$0.130424,14030868,https://coinmarketcap.com/currencies/vcash/
42,Qora,QORA,$1765814,$0.000177,10000000000,https://coinmarketcap.com/currencies/qora/
43,Radium,RADS,$1689406,$0.626031,2698599,https://coinmarketcap.com/currencies/radium/
44,CrevaCoin,CREVA,$1476604,$0.070742,20873100,https://coinmarketcap.com/currencies/crevacoin/
45,Omni,OMNI,$1452920,$2.63,551838,https://coinmarketcap.com/currencies/omni/
46,Tether,USDT,$1451591,$1.00,1451591,https://coinmarketcap.com/currencies/tether/
47,EarthCoin,EAC,$1417920,$0.000152,9346468332,https://coinmarketcap.com/currencies/earthcoin/
48,Xaurum,XAUR,$1416137,$215.49,6572,https://coinmarketcap.com/currencies/xaurum/
49,Clams,CLAM,$1407203,$0.846116,1663133,https://coinmarketcap.com/currencies/clams/
50,Vertcoin,VTC,$1400998,$0.060711,23076650,https://coinmarketcap.com/currencies/vertcoin/
51,Siacoin,SC,$1397195,$0.000114,12295735124,https://coinmarketcap.com/currencies/siacoin/
52,SuperNET,UNITY,$1378805,$1.69,816061,https://coinmarketcap.com/currencies/supernet-unity/
53,Verge,XVG,$1311878,$0.000125,10474312500,https://coinmarketcap.com/currencies/verge/
54,GetGems,GEMZ,$1311121,$0.014876,88135217,https://coinmarketcap.com/currencies/gems/
55,ReddCoin,RDD,$1309778,$0.000047,28055290884,https://coinmarketcap.com/currencies/reddcoin/
56,Feathercoin,FTC,$1258258,$0.008478,148407000,https://coinmarketcap.com/currencies/feathercoin/
57,Expanse,EXP,$1233264,$0.596893,2066139,https://coinmarketcap.com/currencies/expanse/
58,I/O Coin,IOC,$1208077,$0.074377,16242636,https://coinmarketcap.com/currencies/iocoin/
59,VeriCoin,VRC,$1143727,$0.041571,27512847,https://coinmarketcap.com/currencies/vericoin/
60,HempCoin,HMP,$1139165,$0.000929,1226381203,https://coinmarketcap.com/currencies/hempcoin-hmp/
61,Primecoin,XPM,$1114501,$0.079735,13977480,https://coinmarketcap.com/currencies/primecoin/
62,Novacoin,NVC,$1109302,$0.827842,1339993,https://coinmarketcap.com/currencies/novacoin/
63,Quark,QRK,$1063137,$0.004253,249949545,https://coinmarketcap.com/currencies/quark/
64,Crypti,XCR,$1045637,$0.010456,100000000,https://coinmarketcap.com/currencies/crypti/
65,SIBCoin,SIB,$1023221,$0.107009,9561999,https://coinmarketcap.com/currencies/sibcoin/
66,ShadowCash,SDC,$1014732,$0.155599,6521437,https://coinmarketcap.com/currencies/shadowcash/
67,Auroracoin,AUR,$963565,$0.121424,7935534,https://coinmarketcap.com/currencies/auroracoin/
68,DigitalNote,XDN,$955423,$0.000139,6857672378,https://coinmarketcap.com/currencies/digitalnote/
69,Infinitecoin,IFC,$853274,$0.000009,90596274910,https://coinmarketcap.com/currencies/infinitecoin/
70,CasinoCoin,CSC,$816668,$0.022011,37102675,https://coinmarketcap.com/currencies/casinocoin/
71,Swarm,SWARM,$770176,$0.007706,99945431,https://coinmarketcap.com/currencies/swarm/
72,WorldCoin,WDC,$765229,$0.007587,100858651,https://coinmarketcap.com/currencies/worldcoin/
73,NuBits,USNBT,$762639,$1.01,757084,https://coinmarketcap.com/currencies/nubits/
74,StabilityShares,XSI,$719267,$0.077783,9247148,https://coinmarketcap.com/currencies/stabilityshares/
75,Global Currency Reserve,GCR,$715161,$0.007104,100668268,https://coinmarketcap.com/currencies/global-currency-reserve/
76,CloakCoin,CLOAK,$708017,$0.149540,4734621,https://coinmarketcap.com/currencies/cloakcoin/
77,BoostCoin,BOST,$656016,$0.055548,11809873,https://coinmarketcap.com/currencies/boostcoin/
78,OBITS,OBITS,$651155,$0.121345,5366144,https://coinmarketcap.com/currencies/obits/
79,Curecoin,CURE,$632507,$0.023930,26431310,https://coinmarketcap.com/currencies/curecoin/
80,BitBay,BAY,$627604,$0.000625,1003977001,https://coinmarketcap.com/currencies/bitbay/
81,BilShares,BILS,$601771,$0.000602,1000000000,https://coinmarketcap.com/currencies/bilshares/
82,ZcCoin,ZCC,$597552,$0.009851,60659901,https://coinmarketcap.com/currencies/zccoin/
83,Gulden,NLG,$570766,$0.001894,301345549,https://coinmarketcap.com/currencies/gulden/
84,Unobtanium,UNO,$543954,$2.76,196895,https://coinmarketcap.com/currencies/unobtanium/
85,Digitalcoin,DGC,$535933,$0.016842,31820563,https://coinmarketcap.com/currencies/digitalcoin/
86,Diem,DIEM,$457222,$0.000021,21739971929,https://coinmarketcap.com/currencies/diem/
87,UnionCoin,UNC,$440084,$0.052462,8388608,https://coinmarketcap.com/currencies/unioncoin/
88,Blocknet,BLOCK,$405179,$0.103613,3910516,https://coinmarketcap.com/currencies/blocknet/
89,Librexcoin,LXC,$354282,$0.036215,9782721,https://coinmarketcap.com/currencies/librexcoin/
90,VootCoin,VOOT,$341143,$0.004924,69280656,https://coinmarketcap.com/currencies/vootcoin/
91,Circuits of Value,COVAL,$336689,$0.000842,400000000,https://coinmarketcap.com/currencies/circuits-of-value/
92,PayCoin,XPY,$336633,$0.021043,15997350,https://coinmarketcap.com/currencies/paycoin2/
93,Burst,BURST,$333649,$0.000241,1382052814,https://coinmarketcap.com/currencies/burst/
94,Cryptonite,XCN,$333342,$0.001643,202916255,https://coinmarketcap.com/currencies/cryptonite/
95,PotCoin,POT,$316579,$0.001489,212659729,https://coinmarketcap.com/currencies/potcoin/
96,Wild Beast Block,WBB,$308745,$0.211279,1461315,https://coinmarketcap.com/currencies/wild-beast-block/
97,Capricoin,CPC,$299012,$0.673656,443865,https://coinmarketcap.com/currencies/capricoin/
98,NavCoin,NAV,$294465,$0.004941,59599414,https://coinmarketcap.com/currencies/nav-coin/
99,CannabisCoin,CANN,$292585,$0.003789,77223937,https://coinmarketcap.com/currencies/cannabiscoin/
100,Silkcoin,SILK,$290586,$0.006641,43755188,https://coinmarketcap.com/currencies/silkcoin/
101,Adzcoin,ADZ,$272982,$0.149053,1831440,https://coinmarketcap.com/currencies/adzcoin/
102,Blitzcash,BLITZ,$258223,$0.065233,3958438,https://coinmarketcap.com/currencies/blitzcash/
103,Maxcoin,MAX,$256050,$0.006176,41459435,https://coinmarketcap.com/currencies/maxcoin/
104,XCurrency,XC,$248257,$0.043798,5668203,https://coinmarketcap.com/currencies/xcurrency/
105,NautilusCoin,NAUT,$241190,$0.036656,6579874,https://coinmarketcap.com/currencies/nautiluscoin/
106,Viacoin,VIA,$233635,$0.011382,20527198,https://coinmarketcap.com/currencies/viacoin/
107,Rubies,RBIES,$233351,$0.046387,5030510,https://coinmarketcap.com/currencies/rubies/
108,Ubiq,UBQ,$223907,$0.063117,3547522,https://coinmarketcap.com/currencies/ubiq/
109,FLO,FLO,$217193,$0.002138,101569400,https://coinmarketcap.com/currencies/flo/
110,MediterraneanCoin,MED,$207598,$0.005135,40431897,https://coinmarketcap.com/currencies/mediterraneancoin/
111,SpreadCoin,SPR,$206385,$0.040903,5045652,https://coinmarketcap.com/currencies/spreadcoin/
112,Execoin,EXE,$203639,$0.011388,17881067,https://coinmarketcap.com/currencies/execoin/
113,Hyper,HYPER,$179403,$0.030723,5839391,https://coinmarketcap.com/currencies/hyper/
114,ArtByte,ABY,$176016,$0.000270,651332050,https://coinmarketcap.com/currencies/artbyte/
115,Horizon,HZ,$159105,$0.000160,997285886,https://coinmarketcap.com/currencies/next-horizon/
116,WhiteCoin,XWC,$158706,$0.000518,306584146,https://coinmarketcap.com/currencies/whitecoin/
117,Nexus,NXS,$148245,$0.004209,35224306,https://coinmarketcap.com/currencies/nexus/
118,Myriad,XMY,$145835,$0.000131,1111495000,https://coinmarketcap.com/currencies/myriad/
119,NobleCoin,NOBL,$142860,$0.000063,2262987550,https://coinmarketcap.com/currencies/noblecoin/
120,microCoin,MRC,$140981,$0.000008,18388122728,https://coinmarketcap.com/currencies/microcoin/
121,Stealth,XST,$140033,$0.005986,23393009,https://coinmarketcap.com/currencies/stealth/
122,ClearingHouse,XCH,$138056,$0.001330,103807697,https://coinmarketcap.com/currencies/clearinghouse/
123,HyperStake,HYP,$137990,$0.000358,385796097,https://coinmarketcap.com/currencies/hyperstake/
124,OKCash,OK,$128213,$0.002020,63472520,https://coinmarketcap.com/currencies/okcash/
125,NeosCoin,NEOS,$126263,$0.014845,8505375,https://coinmarketcap.com/currencies/neoscoin/
126,Bean Cash,BITB,$124043,$0.000097,1281377000,https://coinmarketcap.com/currencies/bean-cash/
127,Bytecent,BYC,$122780,$0.126368,971608,https://coinmarketcap.com/currencies/bytecent/
128,PIVX,PIVX,$120037,$0.005473,21933576,https://coinmarketcap.com/currencies/pivx/
129,GeoCoin,GEO,$119633,$0.048729,2455079,https://coinmarketcap.com/currencies/geocoin/
130,Memetic / PepeCoin,MEME,$110851,$0.010861,10206448,https://coinmarketcap.com/currencies/memetic/
131,PinkCoin,PINK,$110516,$0.000303,364713903,https://coinmarketcap.com/currencies/pinkcoin/
132,bitUSD,BITUSD,$109244,$1.02,107478,https://coinmarketcap.com/currencies/bitusd/
133,MAZA,MAZA,$109166,$0.000126,865886100,https://coinmarketcap.com/currencies/mazacoin/
134,bitCNY,BITCNY,$107364,$0.156018,688149,https://coinmarketcap.com/currencies/bitcny/
135,Creditbit,CRB,$105700,$0.008840,11957617,https://coinmarketcap.com/currencies/creditbit/
136,Einsteinium,EMC2,$95579,$0.000487,196160684,https://coinmarketcap.com/currencies/einsteinium/
137,TransferCoin,TX,$93536,$0.017373,5383936,https://coinmarketcap.com/currencies/transfercoin/
138,Energycoin,ENRG,$93265,$0.000779,119786774,https://coinmarketcap.com/currencies/energycoin/
139,Bitstar,BITS,$92747,$0.004928,18820916,https://coinmarketcap.com/currencies/bitstar/
140,FlutterCoin,FLT,$90094,$0.000307,293248645,https://coinmarketcap.com/currencies/fluttercoin/
141,Coin2.1,C2,$89019,$0.000890,99976323,https://coinmarketcap.com/currencies/coin2-1/
142,LTBcoin,LTBC,$88146,$0.000198,445621279,https://coinmarketcap.com/currencies/ltbcoin/
143,Memorycoin,MMC,$86101,$0.008548,10073034,https://coinmarketcap.com/currencies/memorycoin/
144,BigUp,BIGUP,$85678,$0.000021,4071125030,https://coinmarketcap.com/currencies/bigup/
145,ARCHcoin,ARCH,$84367,$0.005111,16505387,https://coinmarketcap.com/currencies/archcoin/
146,SOILcoin,SOIL,$83542,$0.024707,3381312,https://coinmarketcap.com/currencies/soilcoin/
147,FoldingCoin,FLDC,$80369,$0.000259,310500000,https://coinmarketcap.com/currencies/foldingcoin/
148,CannaCoin,CCN,$78643,$0.016834,4671535,https://coinmarketcap.com/currencies/cannacoin/
149,Piggycoin,PIGGY,$76623,$0.000160,478974221,https://coinmarketcap.com/currencies/piggycoin/
150,Qibuck,QBK,$73948,$0.143089,516798,https://coinmarketcap.com/currencies/qibuck/
151,Stress,STS,$72388,$0.000128,563540675,https://coinmarketcap.com/currencies/stress/
152,Sphere,SPHR,$66211,$0.021477,3082940,https://coinmarketcap.com/currencies/sphere/
153,Influxcoin,INFX,$63926,$0.038202,1673383,https://coinmarketcap.com/currencies/influxcoin/
154,Magi,XMG,$59791,$0.014321,4175134,https://coinmarketcap.com/currencies/magi/
155,Fibre,FIBRE,$57160,$0.089501,638655,https://coinmarketcap.com/currencies/fibre/
156,HOdlcoin,HODL,$52231,$0.028754,1816488,https://coinmarketcap.com/currencies/hodlcoin/
157,Marscoin,MARS,$49698,$0.002635,18863731,https://coinmarketcap.com/currencies/marscoin/
158,Steps,STEPS,$46099,$0.003015,15288669,https://coinmarketcap.com/currencies/steps/
159,Quatloo,QTL,$45219,$0.008933,5062002,https://coinmarketcap.com/currencies/quatloo/
160,Bitcoin Plus,XBC,$44550,$0.529237,84177,https://coinmarketcap.com/currencies/bitcoin-plus/
161,WARP,WARP,$41419,$0.037818,1095224,https://coinmarketcap.com/currencies/warp/
162,VIP Tokens,VIP,$40353,$0.000518,77945691,https://coinmarketcap.com/currencies/vip-tokens/
163,DubaiCoin,DBIC,$37227,$0.007562,4922637,https://coinmarketcap.com/currencies/dubaicoin/
164,MonetaVerde,MCN,$32140,$0.001742,18446258,https://coinmarketcap.com/currencies/monetaverde/
165,bitBTC,BITBTC,$27453,$448.03,61.274609,https://coinmarketcap.com/currencies/bitbtc/
166,MetalCoin,METAL,$26547,$0.000345,76925527,https://coinmarketcap.com/currencies/metalcoin/
167,Universal Currency,UNIT,$24338,$0.002011,12100890,https://coinmarketcap.com/currencies/universal-currency/
168,Destiny,DES,$22002,$0.138309,159077,https://coinmarketcap.com/currencies/destiny/
169,BiosCrypto,BIOS,$18284,$0.000909,20112978,https://coinmarketcap.com/currencies/bios-crypto/
170,RhinoCoin,RHC,$17857,$0.117949,151398,https://coinmarketcap.com/currencies/rhinocoin-rhc/
171,Floz,FLOZ,$12736,$0.002946,4322629,https://coinmarketcap.com/currencies/floz/
172,TrumpCoin,TRUMP,$10983,$0.001929,5693750,https://coinmarketcap.com/currencies/trumpcoin/
173,Cryptographic Anomaly,CGA,$10239,$0.048462,211282,https://coinmarketcap.com/currencies/cryptographic-anomaly/
174,KhanCoin,KNC,$8325,$0.117870,70631,https://coinmarketcap.com/currencies/khancoin/
175,Bela,BELA,$7854,$0.001284,6118900,https://coinmarketcap.com/currencies/belacoin/
176,Revenu,REV,$6383,$0.005493,1162125,https://coinmarketcap.com/currencies/revenu/
177,TAGRcoin,TAGR,$3255,$0.000084,38669634,https://coinmarketcap.com/currencies/tagrcoin/
178,CoinoUSD,XUSD,$3101253,$0.883846,3508816,https://coinmarketcap.com/currencies/coinousd/
179,SolarFarm,CELL,$2100683,$0.007228,290646350,https://coinmarketcap.com/currencies/solarfarm/
180,SounDAC,XSD,$1975627,$0.001451,1361940014,https://coinmarketcap.com/currencies/bitshares-music/
181,Rimbit,RBT,$1378095,$0.012086,114028739,https://coinmarketcap.com/currencies/rimbit/
182,NeuCoin,NEU,$1059568,$0.004116,257399092,https://coinmarketcap.com/currencies/neucoin/
183,DNotes,NOTE,$792678,$0.007178,110438803,https://coinmarketcap.com/currencies/dnotes/
184,FuelCoin,FC2,$768389,$0.007668,100206032,https://coinmarketcap.com/currencies/fuelcoin/
185,FairCoin,FAIR,$755893,$0.014414,52439775,https://coinmarketcap.com/currencies/faircoin/
186,AmberCoin,AMBER,$729648,$0.016841,43326594,https://coinmarketcap.com/currencies/ambercoin/
187,Megacoin,MEC,$696628,$0.021659,32163388,https://coinmarketcap.com/currencies/megacoin/
188,I0Coin,I0C,$559116,$0.026725,20921346,https://coinmarketcap.com/currencies/i0coin/
189,Zetacoin,ZET,$548793,$0.003348,163940716,https://coinmarketcap.com/currencies/zetacoin/
190,Diamond,DMD,$543923,$0.345931,1572346,https://coinmarketcap.com/currencies/diamond/
191,Bitswift,BITS,$442795,$0.109420,4046760,https://coinmarketcap.com/currencies/bitswift/
192,Ixcoin,IXC,$441885,$0.021043,20999088,https://coinmarketcap.com/currencies/ixcoin/
193,Applecoin,APC,$436720,$0.019596,22286048,https://coinmarketcap.com/currencies/applecoin/
194,Anoncoin,ANC,$424457,$0.203814,2082574,https://coinmarketcap.com/currencies/anoncoin/
195,InstantDEX,DEX,$407559,$0.407559,1000000,https://coinmarketcap.com/currencies/instantdex/
196,BitShares PTS,PTS,$353523,$0.000354,999999386,https://coinmarketcap.com/currencies/bitshares-pts/
197,AsiaCoin,AC,$344807,$0.000825,418005456,https://coinmarketcap.com/currencies/asiacoin/
198,Yocoin,YOC,$332123,$0.019136,17356300,https://coinmarketcap.com/currencies/yocoin/
199,Riecoin,RIC,$328244,$0.014857,22093975,https://coinmarketcap.com/currencies/riecoin/
200,Tickets,TIX,$324018,$0.000005,66876281414,https://coinmarketcap.com/currencies/tickets/
201,Karmacoin,KARMA,$298629,$0.000004,71047844065,https://coinmarketcap.com/currencies/karmacoin/
202,Xiaomicoin,MI,$264304,$0.000654,404316480,https://coinmarketcap.com/currencies/xiaomicoin/
203,TagCoin,TAG,$249555,$0.058634,4256140,https://coinmarketcap.com/currencies/tagcoin/
204,SecureCoin,SRC,$230254,$0.041234,5584111,https://coinmarketcap.com/currencies/securecoin/
205,Jinn,JINN,$227287,$3.87,58703,https://coinmarketcap.com/currencies/jinn/
206,Bullion,CBX,$226175,$0.233449,968845,https://coinmarketcap.com/currencies/bullion/
207,NetCoin,NET,$220262,$0.000357,617377660,https://coinmarketcap.com/currencies/netcoin/
208,TileCoin,XTC,$209683,$0.002097,100000000,https://coinmarketcap.com/currencies/tilecoin/
209,NoirShares,NRS,$208535,$0.084172,2477481,https://coinmarketcap.com/currencies/noirshares/
210,LIQUID,LQD,$208307,$0.609595,341714,https://coinmarketcap.com/currencies/liquid/
211,Virtacoin,VTA,$195808,$0.000017,11704122377,https://coinmarketcap.com/currencies/virtacoin/
212,AudioCoin,ADC,$188263,$0.000247,761271189,https://coinmarketcap.com/currencies/audiocoin/
213,Orbitcoin,ORB,$187613,$0.074906,2504653,https://coinmarketcap.com/currencies/orbitcoin/
214,FIMKrypto,FIMK,$181549,$0.000400,454311198,https://coinmarketcap.com/currencies/fimkrypto/
215,Boolberry,BBR,$179703,$0.026328,6825685,https://coinmarketcap.com/currencies/boolberry/
216,Groestlcoin,GRS,$172917,$0.002742,63057072,https://coinmarketcap.com/currencies/groestlcoin/
217,e-Gulden,EFL,$170577,$0.011974,14245266,https://coinmarketcap.com/currencies/e-gulden/
218,Devcoin,DVC,$166648,$0.000015,10768460050,https://coinmarketcap.com/currencies/devcoin/
219,jl777hodl,JLH,$161954,$0.016195,10000000,https://coinmarketcap.com/currencies/jl777hodl/
220,MMNXT,MMNXT,$160264,$0.016026,10000000,https://coinmarketcap.com/currencies/mmnxt/
221,EuropeCoin,ERC,$158407,$0.001668,94978900,https://coinmarketcap.com/currencies/europecoin/
222,Zeitcoin,ZEIT,$154827,$0.000005,34119296945,https://coinmarketcap.com/currencies/zeitcoin/
223,SaluS,SLS,$153708,$0.153626,1000534,https://coinmarketcap.com/currencies/salus/
224,Aeon,AEON,$152831,$0.013994,10921480,https://coinmarketcap.com/currencies/aeon/
225,Mooncoin,MOON,$152136,$7.2e-07,211857592416,https://coinmarketcap.com/currencies/mooncoin/
226,FlavorCoin,FLVR,$142482,$0.002828,50374125,https://coinmarketcap.com/currencies/flavorcoin/
227,GoldCoin,GLC,$141687,$0.003794,37345078,https://coinmarketcap.com/currencies/goldcoin/
228,Pangea Poker,PANGEA,$138480,$0.138569,999352,https://coinmarketcap.com/currencies/pangea-poker/
229,TrustPlus,TRUST,$136255,$0.004246,32086595,https://coinmarketcap.com/currencies/trustplus/
230,TEKcoin,TEK,$135797,$0.000937,144915476,https://coinmarketcap.com/currencies/tekcoin/
231,NXTventure,NXTV,$130419,$0.130419,1000000,https://coinmarketcap.com/currencies/nxtventure/
232,MaryJane,MARYJ,$129925,$0.002504,51884366,https://coinmarketcap.com/currencies/maryjane/
233,CoinoIndex,INDEX,$125894,$372.04,338,https://coinmarketcap.com/currencies/coinoindex/
234,Nxttycoin,NXTTY,$123440,$0.000123,1000000000,https://coinmarketcap.com/currencies/nxttycoin/
235,Pandacoin,PND,$119742,$0.000004,32514916898,https://coinmarketcap.com/currencies/pandacoin-pnd/
236,Bitmark,BTM,$115824,$0.103359,1120600,https://coinmarketcap.com/currencies/bitmark/
237,Deutsche eMark,DEM,$112206,$0.005892,19043598,https://coinmarketcap.com/currencies/deutsche-emark/
238,Dogeparty,XDP,$111191,$0.041518,2678140,https://coinmarketcap.com/currencies/dogeparty/
239,HunterCoin,HUC,$97150,$0.008333,11658450,https://coinmarketcap.com/currencies/huntercoin/
240,Coinomat,CNMT,$95785,$0.031928,3000000,https://coinmarketcap.com/currencies/coinomat/
241,SmileyCoin,SMLY,$90538,$0.000004,25274700000,https://coinmarketcap.com/currencies/smileycoin/
242,UltraCoin,UTC,$90002,$0.002790,32255290,https://coinmarketcap.com/currencies/ultracoin/
243,Colossuscoin V2,CV2,$86894,$0.000004,20645595165,https://coinmarketcap.com/currencies/colossuscoin-v2/
244,Gambit,GAM,$83106,$0.041291,2012695,https://coinmarketcap.com/currencies/gambit/
245,Cryptofund,FUND,$77436,$0.077436,1000000,https://coinmarketcap.com/currencies/cryptofund/
246,Sprouts,SPRTS,$71747,$0.000068,1061982451,https://coinmarketcap.com/currencies/sprouts/
247,Joincoin,J,$70303,$0.027857,2523722,https://coinmarketcap.com/currencies/joincoin/
248,Yacoin,YAC,$66518,$0.000740,89923108,https://coinmarketcap.com/currencies/yacoin/
249,Carboncoin,CARBON,$64779,$0.000004,15387091336,https://coinmarketcap.com/currencies/carboncoin/
250,Kobocoin,KOBO,$64684,$0.002663,24290004,https://coinmarketcap.com/currencies/kobocoin/
251,LeafCoin,LEAF,$64487,$0.000004,15322977853,https://coinmarketcap.com/currencies/leafcoin/
252,RedCoin,RED,$62252,$0.000841,74023965,https://coinmarketcap.com/currencies/redcoin/
253,Flycoin,FLY,$62206,$0.315678,197055,https://coinmarketcap.com/currencies/flycoin/
254,Bata,BTA,$61500,$0.014159,4343420,https://coinmarketcap.com/currencies/bata/
255,The Viral Exchange,TVE,$59779,$0.122268,488918,https://coinmarketcap.com/currencies/the-viral-exchange/
256,HoboNickels,HBN,$59045,$0.002744,21517864,https://coinmarketcap.com/currencies/hobonickels/
257,Uniform Fiscal Object,UFO,$58192,$0.000025,2314151262,https://coinmarketcap.com/currencies/uniform-fiscal-object/
258,Sync,SYNC,$55523,$47.18,1177,https://coinmarketcap.com/currencies/sync/
259,LiteDoge,LDOGE,$55462,$0.000004,13178240139,https://coinmarketcap.com/currencies/litedoge/
260,Moneta,MNTA,$54131,$0.003239,16712688,https://coinmarketcap.com/currencies/moneta/
261,BBQCoin,BQC,$53839,$0.001086,49553902,https://coinmarketcap.com/currencies/bbqcoin/
262,Sembro Token,SMBR,$53141,$0.021228,2503339,https://coinmarketcap.com/currencies/sembro-token/
263,Woodcoin,LOG,$52619,$0.006549,8035193,https://coinmarketcap.com/currencies/woodcoin/
264,Node,NODE,$50503,$0.000051,1000000000,https://coinmarketcap.com/currencies/node/
265,CORE,CORE,$49926,$0.114117,437498,https://coinmarketcap.com/currencies/core/
266,Aiden,ADN,$49474,$0.003380,14639403,https://coinmarketcap.com/currencies/aiden/
267,CryptCoin,CRYPT,$47602,$0.007895,6029114,https://coinmarketcap.com/currencies/cryptcoin/
268,Dashcoin,DSH,$46919,$0.003891,12058917,https://coinmarketcap.com/currencies/dashcoin/
269,Woodshares,WS,$46815,$0.004586,10208382,https://coinmarketcap.com/currencies/woodshares/
270,Uro,URO,$45966,$0.040192,1143664,https://coinmarketcap.com/currencies/uro/
271,Privatebet,Privatebet,$42712,$0.106780,400000,https://coinmarketcap.com/currencies/privatebet/
272,Bitcredits,BCR,$42506,$0.001545,27519979,https://coinmarketcap.com/currencies/bitcredits/
273,Particle,PRT,$42099,$0.000059,714506932,https://coinmarketcap.com/currencies/particle/
274,ZiftrCOIN,ZRC,$42083,$0.003295,12773630,https://coinmarketcap.com/currencies/ziftrcoin/
275,BitSend,BSD,$41782,$0.004113,10158500,https://coinmarketcap.com/currencies/bitsend/
276,ParkByte,PKB,$41629,$0.008838,4710131,https://coinmarketcap.com/currencies/parkbyte/
277,Sexcoin,SXC,$41362,$0.000369,112148401,https://coinmarketcap.com/currencies/sexcoin/
278,Bitz,BITZ,$41256,$0.020786,1984793,https://coinmarketcap.com/currencies/bitz/
279,Bottlecaps,CAP,$40425,$0.000812,49762943,https://coinmarketcap.com/currencies/bottlecaps/
280,Moin,MOIN,$39673,$0.004209,9425556,https://coinmarketcap.com/currencies/moin/
281,OctoCoin,888,$39573,$0.000968,40882029,https://coinmarketcap.com/currencies/octocoin/
282,Truckcoin,TRK,$39088,$0.000674,57983644,https://coinmarketcap.com/currencies/truckcoin/
283,Sonic,SSD,$39042,$0.001742,22407312,https://coinmarketcap.com/currencies/sonicscrewdriver/
284,Sterlingcoin,SLG,$38711,$0.009974,3881156,https://coinmarketcap.com/currencies/sterlingcoin/
285,SuperCoin,SUPER,$38070,$0.000993,38329089,https://coinmarketcap.com/currencies/supercoin/
286,PetroDollar,XPD,$37379,$0.000585,63896324,https://coinmarketcap.com/currencies/petrodollar/
287,GAIA,GAIA,$36516,$0.001515,24101381,https://coinmarketcap.com/currencies/gaia/
288,Elite,1337,$36246,$0.000039,938360347,https://coinmarketcap.com/currencies/1337coin/
289,Datacoin,DTC,$34905,$0.002493,13998538,https://coinmarketcap.com/currencies/datacoin/
290,SecretCoin,SCRT,$34884,$0.008294,4205855,https://coinmarketcap.com/currencies/secretcoin/
291,Titcoin,TIT,$34852,$0.000795,43837794,https://coinmarketcap.com/currencies/titcoin/
292,Terracoin,TRC,$34645,$0.002365,14649960,https://coinmarketcap.com/currencies/terracoin/
293,EverGreenCoin,EGC,$34170,$0.004877,7005758,https://coinmarketcap.com/currencies/evergreencoin/
294,LottoCoin,LOT,$32617,$0.000002,14491014421,https://coinmarketcap.com/currencies/lottocoin/
295,Gapcoin,GAP,$32270,$0.004566,7066872,https://coinmarketcap.com/currencies/gapcoin/
296,Dimecoin,DIME,$30927,$6.5e-08,475586715600,https://coinmarketcap.com/currencies/dimecoin/
297,HempCoin,THC,$30323,$0.000181,167558889,https://coinmarketcap.com/currencies/hempcoin/
298,TeslaCoin,TES,$29409,$0.000442,66549210,https://coinmarketcap.com/currencies/teslacoin/
299,Kore,KORE,$29089,$0.015888,1830949,https://coinmarketcap.com/currencies/korecoin/
300,Trollcoin,TROLL,$28482,$0.000057,503379380,https://coinmarketcap.com/currencies/trollcoin/
301,DopeCoin,DOPE,$26733,$0.000189,141157233,https://coinmarketcap.com/currencies/dopecoin/
302,Franko,FRK,$26442,$0.042095,628162,https://coinmarketcap.com/currencies/franko/
303,OrangeCoin,OC,$25318,$0.000417,60766367,https://coinmarketcap.com/currencies/orangecoin/
304,Animecoin,ANI,$24948,$0.000013,1975960545,https://coinmarketcap.com/currencies/animecoin/
305,MonetaryUnit,MUE,$24805,$0.000286,86792440,https://coinmarketcap.com/currencies/monetaryunit/
306,Viral,VIRAL,$24352,$0.004533,5372623,https://coinmarketcap.com/currencies/viral/
307,Quotient,XQN,$24350,$0.001300,18723999,https://coinmarketcap.com/currencies/quotient/
308,SaffronCoin,SFR,$24281,$0.001191,20386026,https://coinmarketcap.com/currencies/saffroncoin/
309,ECC,ECC,$23855,$0.000001,19607835365,https://coinmarketcap.com/currencies/eccoin/
310,Blakecoin,BLC,$23317,$0.002336,9982470,https://coinmarketcap.com/currencies/blakecoin/
311,Francs,FRN,$23106,$0.022097,1045640,https://coinmarketcap.com/currencies/francs/
312,Synergy,SNRG,$22870,$0.019486,1173696,https://coinmarketcap.com/currencies/synergy/
313,Triangles,TRI,$22502,$0.343839,65443,https://coinmarketcap.com/currencies/triangles/
314,8Bit,8BIT,$22300,$0.035546,627364,https://coinmarketcap.com/currencies/8bit/
315,Pakcoin,PAK,$21887,$0.000905,24186300,https://coinmarketcap.com/currencies/pakcoin/
316,CryptoEscudo,CESC,$21696,$0.000151,144105100,https://coinmarketcap.com/currencies/cryptoescudo/
317,CorgiCoin,CORG,$21354,$0.000021,1013997126,https://coinmarketcap.com/currencies/corgicoin/
318,Checkcoin,CKC,$20638,$0.001051,19641330,https://coinmarketcap.com/currencies/checkcoin/
319,Canada eCoin,CDN,$20577,$0.000223,92473004,https://coinmarketcap.com/currencies/canada-ecoin/
320,SmartCoin,SMC,$20267,$0.000960,21121358,https://coinmarketcap.com/currencies/smartcoin/
321,Sativacoin,STV,$19854,$0.002811,7062211,https://coinmarketcap.com/currencies/sativacoin/
322,Fantomcoin,FCN,$19781,$0.005050,3916835,https://coinmarketcap.com/currencies/fantomcoin/
323,020LondonCoin,020,$19531,$1.3e-07,149374010248,https://coinmarketcap.com/currencies/o2olondoncoin/
324,HTML5COIN,HTML5,$19347,$4.8e-07,40659020000,https://coinmarketcap.com/currencies/htmlcoin5/
325,NobleNXT,NOXT,$19290,$0.034982,551428,https://coinmarketcap.com/currencies/noblenxt/
326,Neutron,NTRN,$18905,$0.001498,12617684,https://coinmarketcap.com/currencies/neutron/
327,Positron,TRON,$18359,$0.011151,1646322,https://coinmarketcap.com/currencies/positron/
328,GoldPieces,GP,$16484,$0.013510,1220161,https://coinmarketcap.com/currencies/goldpieces/
329,IncaKoin,NKA,$15655,$0.000004,3719843536,https://coinmarketcap.com/currencies/incakoin/
330,DayTraderCoin,DTC,$15005,$0.013346,1124327,https://coinmarketcap.com/currencies/daytradercoin/
331,TittieCoin,TIT,$14641,$0.000012,1255587148,https://coinmarketcap.com/currencies/tittiecoin/
332,Sling,SLING,$14560,$0.013556,1074095,https://coinmarketcap.com/currencies/sling/
333,Pesetacoin,PTC,$14540,$0.000126,115164649,https://coinmarketcap.com/currencies/pesetacoin/
334,PopularCoin,POP,$14352,$0.000005,3187505961,https://coinmarketcap.com/currencies/popularcoin/
335,BitcoinTX,BTX,$14080,$0.000189,74347152,https://coinmarketcap.com/currencies/bitcointx/
336,Quicksilver,QSLV,$13725,$0.003935,3487894,https://coinmarketcap.com/currencies/quicksilver/
337,ChainCoin,CHC,$13610,$0.001403,9701424,https://coinmarketcap.com/currencies/chaincoin/
338,BitBar,BTB,$13431,$0.555999,24156,https://coinmarketcap.com/currencies/bitbar/
339,Ratecoin,XRA,$13398,$0.000156,86038455,https://coinmarketcap.com/currencies/ratecoin/
340,FujiCoin,FJC,$13287,$0.000025,526192121,https://coinmarketcap.com/currencies/fujicoin/
341,ExclusiveCoin,EXCL,$12990,$0.001014,12806827,https://coinmarketcap.com/currencies/exclusivecoin/
342,MultiWalletCoin,MWC,$12962,$0.000476,27254738,https://coinmarketcap.com/currencies/multiwalletcoin/
343,bitSilver,BITSILVER,$12863,$15.45,833,https://coinmarketcap.com/currencies/bitsilver/
344,Cashcoin,CASH,$12324,$0.000585,21067318,https://coinmarketcap.com/currencies/cashcoin/
345,SproutsExtreme,SPEX,$12066,$0.000004,2866607586,https://coinmarketcap.com/currencies/sproutsextreme/
346,bitGold,BITGOLD,$11793,$1372.77,8.590979,https://coinmarketcap.com/currencies/bitgold/
347,BTCtalkcoin,TALK,$11500,$0.000177,65056876,https://coinmarketcap.com/currencies/btctalkcoin/
348,G3N,G3N,$11346,$0.002143,5294473,https://coinmarketcap.com/currencies/genstake/
349,C-Bit,XCT,$11324,$0.000404,28015500,https://coinmarketcap.com/currencies/c-bit/
350,PayCon,CON,$10726,$0.000643,16668965,https://coinmarketcap.com/currencies/paycon/
351,Jay,JAY,$10495,$0.010597,990440,https://coinmarketcap.com/currencies/jay/
352,Droidz,DRZ,$10405,$0.001296,8027266,https://coinmarketcap.com/currencies/droidz/
353,Asiadigicoin,ADCN,$10033,$0.084240,119100,https://coinmarketcap.com/currencies/asiadigicoin/
354,X-Coin,XCO,$10008,$0.000808,12384976,https://coinmarketcap.com/currencies/x-coin/
355,CageCoin,CAGE,$9882,$9.8e-08,101168328395,https://coinmarketcap.com/currencies/cagecoin/
356,SongCoin,SONG,$9797,$0.000423,23170700,https://coinmarketcap.com/currencies/songcoin/
357,ApexCoin,APEX,$9758,$0.001591,6133914,https://coinmarketcap.com/currencies/apexcoin/
358,AmsterdamCoin,AMS,$9700,$0.001010,9603707,https://coinmarketcap.com/currencies/amsterdamcoin/
359,ReturnCoin,RNC,$9470,$0.000038,250000516,https://coinmarketcap.com/currencies/returncoin/
360,Crown,CRW,$9281,$0.001158,8014760,https://coinmarketcap.com/currencies/crown/
361,GlobalBoost-Y,BSTY,$9157,$0.001128,8118991,https://coinmarketcap.com/currencies/globalboost-y/
362,GCN Coin,GCN,$8634,$9.7e-08,88621910000,https://coinmarketcap.com/currencies/gcn-coin/
363,AeroMe,AM,$8460,$0.000699,12109618,https://coinmarketcap.com/currencies/aerocoin/
364,SatoshiMadness,MAD,$8421,$0.000004,2000683485,https://coinmarketcap.com/currencies/satoshimadness/
365,SoonCoin,SOON,$8381,$0.000672,12462620,https://coinmarketcap.com/currencies/sooncoin/
366,Prime-XI,PXI,$8175,$0.001807,4524561,https://coinmarketcap.com/currencies/prime-xi/
367,QuazarCoin,QCN,$7874,$0.002104,3741811,https://coinmarketcap.com/currencies/quazarcoin-old/
368,Swing,SWING,$7816,$0.008697,898719,https://coinmarketcap.com/currencies/swing/
369,Bitcoin Scrypt,BTCS,$7539,$0.000589,12792950,https://coinmarketcap.com/currencies/bitcoin-scrypt/
370,MindCoin,MND,$7518,$0.000757,9929375,https://coinmarketcap.com/currencies/mindcoin/
371,Prototanium,PR,$7149,$0.042048,170007,https://coinmarketcap.com/currencies/prototanium/
372,Pulse,PULSE,$6980,$0.000539,12950610,https://coinmarketcap.com/currencies/pulse/
373,Sapience AIFX,XAI,$6767,$0.009886,684468,https://coinmarketcap.com/currencies/sapience-aifx/
374,ChipCoin,CHIP,$6644,$0.000642,10341384,https://coinmarketcap.com/currencies/chipcoin/
375,AntiBitcoin,ANTI,$6595,$0.000379,17413888,https://coinmarketcap.com/currencies/antibitcoin/
376,Spots,SPT,$6561,$0.000396,16584317,https://coinmarketcap.com/currencies/spots/
377,Cypher,CYP,$6530,$0.001026,6365285,https://coinmarketcap.com/currencies/cypher/
378,Aricoin,ARI,$6493,$0.000046,140262505,https://coinmarketcap.com/currencies/aricoin/
379,PrimeChain,PRIME,$6441,$0.001796,3585867,https://coinmarketcap.com/currencies/primechain/
380,Dirac,XDQ,$6333,$0.014015,451885,https://coinmarketcap.com/currencies/dirac/
381,Pura,PURA,$6291,$0.000038,166090474,https://coinmarketcap.com/currencies/pura/
382,SHACoin,SHA,$6153,$0.000017,365515033,https://coinmarketcap.com/currencies/shacoin/
383,Manna,MANNA,$6137,$0.000164,37387971,https://coinmarketcap.com/currencies/manna/
384,MapCoin,MAPC,$5957,$0.001982,3005030,https://coinmarketcap.com/currencies/mapcoin/
385,BunnyCoin,BUN,$5774,$5.8e-08,99231185164,https://coinmarketcap.com/currencies/bunnycoin/
386,Nyancoin,NYAN,$5637,$0.000021,267860381,https://coinmarketcap.com/currencies/nyancoin/
387,RussiaCoin,RC,$5614,$0.000707,7938721,https://coinmarketcap.com/currencies/russiacoin/
388,DigiCube,CUBE,$5489,$0.001705,3218876,https://coinmarketcap.com/currencies/digicube/
389,Litecred,LTCR,$5431,$0.000180,30227750,https://coinmarketcap.com/currencies/litecred/
390,RosCoin,ROS,$5422,$0.000072,75787226,https://coinmarketcap.com/currencies/roscoin/
391,Bitzeny,ZNY,$5410,$0.000072,75614500,https://coinmarketcap.com/currencies/bitzeny/
392,MangoCoinz,MCZ,$5276,$0.003586,1471328,https://coinmarketcap.com/currencies/mangocoinz/
393,ARbit,ARB,$5268,$0.001561,3374000,https://coinmarketcap.com/currencies/arbit/
394,Viorcoin,VIOR,$5235,$0.001056,4955679,https://coinmarketcap.com/currencies/viorcoin/
395,42-coin,42,$5125,$79.96,64.092192,https://coinmarketcap.com/currencies/42-coin/
396,UCoin,U,$5096,$0.001895,2689812,https://coinmarketcap.com/currencies/ucoin/
397,AnarchistsPrime,ACP,$4848,$0.002176,2227766,https://coinmarketcap.com/currencies/anarchistsprime/
398,Dobbscoin,BOB,$4846,$0.001094,4428600,https://coinmarketcap.com/currencies/dobbscoin/
399,NewYorkCoin,NYC,$4816,$8.1e-08,59719935819,https://coinmarketcap.com/currencies/newyorkcoin/
400,Phoenixcoin,PXC,$4803,$0.000098,49083300,https://coinmarketcap.com/currencies/phoenixcoin/
401,BitQuark,BTQ,$4759,$0.000913,5212521,https://coinmarketcap.com/currencies/bitquark/
402,OsmiumCoin,OS76,$4649,$0.005274,881592,https://coinmarketcap.com/currencies/osmiumcoin/
403,HamRadioCoin,HAM,$4487,$0.000925,4851345,https://coinmarketcap.com/currencies/hamradiocoin/
404,MasterTraderCoin,MTR,$4423,$0.014709,300678,https://coinmarketcap.com/currencies/mastertradercoin/
405,Guarany,GUA,$4285,$0.012643,338911,https://coinmarketcap.com/currencies/guarany/
406,Cygnus,CYG,$4141,$0.000300,13815013,https://coinmarketcap.com/currencies/cygnus/
407,SwagBucks,BUCKS,$3994,$0.046249,86364,https://coinmarketcap.com/currencies/swagbucks/
408,Emerald Crypto,EMD,$3687,$0.000210,17521401,https://coinmarketcap.com/currencies/emerald/
409,UnbreakableCoin,UNB,$3461,$0.001519,2278150,https://coinmarketcap.com/currencies/unbreakablecoin/
410,IslaCoin,ISL,$3409,$0.002252,1513704,https://coinmarketcap.com/currencies/islacoin/
411,Graffiti,GRF,$3371,$0.000168,20024907,https://coinmarketcap.com/currencies/graffiti/
412,GamerholicCoin,GHC,$3307,$0.004238,780330,https://coinmarketcap.com/currencies/gamerholiccoin/
413,UniCoin,UNIC,$3233,$0.001263,2560272,https://coinmarketcap.com/currencies/unicoin/
414,Lyrabar,LYB,$3040,$0.002681,1133996,https://coinmarketcap.com/currencies/lyrabar/
415,Metal Music Coin,MTLMC3,$2948,$0.000038,77835296,https://coinmarketcap.com/currencies/metal-music-coin/
416,CleverCoin,CLV,$2929,$0.001263,2319498,https://coinmarketcap.com/currencies/clevercoin/
417,Full Integrity Coin,FIC,$2899,$0.000008,375579050,https://coinmarketcap.com/currencies/full-integrity-coin/
418,Vcoin,VCN,$2695,$0.000265,10162718,https://coinmarketcap.com/currencies/vcoin/
419,bitEUR,BITEUR,$2509,$1.16,2165,https://coinmarketcap.com/currencies/biteur/
420,VegasCoin,VGC,$2482,$0.000084,29487180,https://coinmarketcap.com/currencies/vegascoin/
421,Bloodcoin,BOD,$2361,$0.000008,280513376,https://coinmarketcap.com/currencies/bloodcoin/
422,CyberCoin,CC,$2296,$0.000004,545459646,https://coinmarketcap.com/currencies/cybercoin/
423,Guncoin,GUN,$2006,$0.000030,66699828,https://coinmarketcap.com/currencies/guncoin/
424,BitcoinUltra,BTCU,$1819,$0.001854,981340,https://coinmarketcap.com/currencies/bitcoinultra/
425,Crypto,CTO,$1785,$0.000396,4512865,https://coinmarketcap.com/currencies/crypto/
426,Axiom,AXIOM,$1748,$0.001061,1647964,https://coinmarketcap.com/currencies/axiom/
427,MazeCoin,MAZE,$1744,$0.000181,9636078,https://coinmarketcap.com/currencies/mazecoin/
428,Ozziecoin,OZC,$1655,$0.000008,198202500,https://coinmarketcap.com/currencies/ozziecoin/
429,CryptoSpots,CS,$1620,$0.000315,5138443,https://coinmarketcap.com/currencies/cryptospots/
430,Unfed,UNF,$1499,$0.000152,9895600,https://coinmarketcap.com/currencies/unfed/
431,BDSM-FETISH,WHIPPED,$1382,$0.002535,545423,https://coinmarketcap.com/currencies/bdsm-fetish/
432,Antilitecoin,ALTC,$1326,$0.000042,31512613,https://coinmarketcap.com/currencies/antilitecoin/
433,BREAKcoin,BRE,$1304,$0.001554,838833,https://coinmarketcap.com/currencies/breakcoin/
434,Alexium,AUM,$1280,$0.000063,20297336,https://coinmarketcap.com/currencies/alexium/
435,DeltaCredits,DCRE,$1259,$0.013985,90051,https://coinmarketcap.com/currencies/deltacredits/
436,NevaCoin,NEVA,$1210,$0.008864,136530,https://coinmarketcap.com/currencies/nevacoin/
437,Digital Credits,DGCS,$1205,$0.000214,5638735,https://coinmarketcap.com/currencies/digital-credits/
438,ParallelCoin,DUO,$1101,$0.004367,252039,https://coinmarketcap.com/currencies/parallelcoin/
439,IvugeoCoin,IEC,$1053,$0.000875,1202465,https://coinmarketcap.com/currencies/ivugeocoin/
440,BitCrystal,BTCRY,$1030,$0.000004,244830116,https://coinmarketcap.com/currencies/bitcrystal/
441,Unitus,UIS,$997,$0.000042,23684066,https://coinmarketcap.com/currencies/unitus/
442,MMXVI,MMXVI,$967,$0.000302,3198677,https://coinmarketcap.com/currencies/mmxvi/
443,Money,$$$,$966,$0.000021,45887218,https://coinmarketcap.com/currencies/money/
444,TopCoin,TOP,$932,$0.000029,31632557,https://coinmarketcap.com/currencies/topcoin/
445,DarkTron,DRKT,$918,$0.001052,872872,https://coinmarketcap.com/currencies/darktron/
446,Independent Money System,IMS,$870,$0.000370,2349901,https://coinmarketcap.com/currencies/independent-money-system/
447,Coinaid,CAID,$847,$0.000008,100643070,https://coinmarketcap.com/currencies/coinaid/
448,Evil Coin,EVIL,$842,$0.000122,6912280,https://coinmarketcap.com/currencies/evil-coin/
449,Unrealcoin,URC,$827,$0.000118,7024402,https://coinmarketcap.com/currencies/unrealcoin/
450,TurboStake,TRBO,$802,$0.000025,31743767,https://coinmarketcap.com/currencies/turbostake/
451,Evotion,EVO,$789,$0.000516,1529360,https://coinmarketcap.com/currencies/evotion/
452,Bantam,BNT,$786,$0.000328,2394224,https://coinmarketcap.com/currencies/bantam/
453,HeelCoin,HEEL,$778,$0.000147,5283745,https://coinmarketcap.com/currencies/heelcoin/
454,Cerium,XCE,$777,$0.000332,2341766,https://coinmarketcap.com/currencies/cerium/
455,GuccioneCoin,GCC,$735,$0.000047,15558554,https://coinmarketcap.com/currencies/guccionecoin/
456,HazMatCoin,HZT,$686,$0.000652,1051090,https://coinmarketcap.com/currencies/hazmatcoin/
457,ZombieCoin,ZMC,$652,$0.000097,6738114,https://coinmarketcap.com/currencies/zombiecoin/
458,BowsCoin,BSC,$651,$0.000156,4180102,https://coinmarketcap.com/currencies/bowscoin/
459,CryptBit,CBIT,$623,$0.000358,1742730,https://coinmarketcap.com/currencies/cryptbit/
460,P7Coin,P7C,$593,$0.000017,35220238,https://coinmarketcap.com/currencies/p7coin/
461,Selfiecoin,SLFI,$454,$0.000004,107829281,https://coinmarketcap.com/currencies/selfiecoin/
462,Fantom,FNX,$368,$0.000274,1344660,https://coinmarketcap.com/currencies/fantom-old/
463,DigitalPrice,DP,$367,$0.000101,3633880,https://coinmarketcap.com/currencies/digitalprice/
464,Donationcoin,DON,$330,$0.000072,4607050,https://coinmarketcap.com/currencies/donationcoin/
465,SpaceCoin,SPACE,$325,$0.000168,1927643,https://coinmarketcap.com/currencies/spacecoin/
466,JiffyCoin,JIF,$323,$0.000233,1386050,https://coinmarketcap.com/currencies/jiffycoin/
467,WeAreSatoshi,WSX,$292,$0.000013,23099901,https://coinmarketcap.com/currencies/wearesatoshi/
468,Save and Gain,SANDG,$271,$0.000088,3064800,https://coinmarketcap.com/currencies/save-and-gain/
469,Eurocoin,EUC,$244,$0.000076,3220632,https://coinmarketcap.com/currencies/eurocoin/
470,Zoom,ZOOM,$186,$0.002757,67417,https://coinmarketcap.com/currencies/zoom/
471,ImperialCoin,IPC,$108,$6.9e-07,157865000,https://coinmarketcap.com/currencies/imperialcoin/
472,Hundredcoin,HUN,$87,$0.000003,26774900,https://coinmarketcap.com/currencies/hundredcoin/
473,CRTCoin,CRT,$67,$0.000842,79270,https://coinmarketcap.com/currencies/crtcoin/
474,Californium,CF,$28,$0.000248,111110,https://coinmarketcap.com/currencies/californium/
475,23 Skidoo,CHAO,?,$2104.30,?,https://coinmarketcap.com/currencies/23-skidoo/
476,HoriemonCard,HOR,?,$664.14,?,https://coinmarketcap.com/currencies/horiemoncard/
477,Augur,REP,?,$9.45,?,https://coinmarketcap.com/currencies/augur/
478,TBCoin,TBC,?,$3.18,?,https://coinmarketcap.com/currencies/tbcoin/
479,NxttyACCI,ACCI,?,$1.93,?,https://coinmarketcap.com/currencies/nxttyacci/
480,GBCGoldCoin,GBC,?,$0.268936,?,https://coinmarketcap.com/currencies/gbcgoldcoin/
481,ClubCoin,CLUB,?,$0.246229,?,https://coinmarketcap.com/currencies/clubcoin/
482,1CRedit,1CR,?,$0.181010,?,https://coinmarketcap.com/currencies/1credit/
483,LEOcoin,LEO,?,$0.164353,?,https://coinmarketcap.com/currencies/leocoin/
484,TRMB,TRMB,?,$0.154285,?,https://coinmarketcap.com/currencies/trmb/
485,BTSR,BTSR,?,$0.126547,?,https://coinmarketcap.com/currencies/btsr/
486,Firecoin,FIRE,?,$0.090906,?,https://coinmarketcap.com/currencies/firecoin/
487,AlpaCoin,APC,?,$0.070127,?,https://coinmarketcap.com/currencies/alpacoin/
488,Sharkcoin,SAK,?,$0.035438,?,https://coinmarketcap.com/currencies/sharkcoin/
489,ShellPay,SHELL,?,$0.027620,?,https://coinmarketcap.com/currencies/shellpay/
490,UNCoin,UNC,?,$0.022826,?,https://coinmarketcap.com/currencies/uncoin/
491,Shift,SHIFT,?,$0.019486,?,https://coinmarketcap.com/currencies/shift/
492,FutCoin,FUTC,?,$0.013190,?,https://coinmarketcap.com/currencies/futcoin/
493,Timekoin,TK,?,$0.011058,?,https://coinmarketcap.com/currencies/timekoin/
494,RonPaulCoin,RPC,?,$0.010942,?,https://coinmarketcap.com/currencies/ronpaulcoin/
495,Nocturna,NOC,?,$0.010537,?,https://coinmarketcap.com/currencies/nocturna/
496,BitAlphaCoin,BAC,?,$0.009887,?,https://coinmarketcap.com/currencies/bitalphacoin/
497,Pebblecoin,XPB,?,$0.007996,?,https://coinmarketcap.com/currencies/pebblecoin/
498,Advanced Internet Blocks,AIB,?,$0.007980,?,https://coinmarketcap.com/currencies/advanced-internet-blocks/
499,Faucetcoin,DROP,?,$0.006924,?,https://coinmarketcap.com/currencies/faucetcoin/
500,Eclipse,EC,?,$0.006103,?,https://coinmarketcap.com/currencies/eclipse/
501,BitSeeds,XSEED,?,$0.003386,?,https://coinmarketcap.com/currencies/bitseeds/
502,vTorrent,VTR,?,$0.003005,?,https://coinmarketcap.com/currencies/vtorrent/
503,Incrementum,INC,?,$0.000972,?,https://coinmarketcap.com/currencies/incrementum/
504,PLAY,PLS,?,$0.000869,?,https://coinmarketcap.com/currencies/play/
505,CHNCoin,CNC,?,$0.000754,?,https://coinmarketcap.com/currencies/chncoin/
506,c0fferC0in,C0C0,?,$0.000636,?,https://coinmarketcap.com/currencies/c0fferc0in/
507,Cthulhu Offerings,OFF,?,$0.000631,?,https://coinmarketcap.com/currencies/cthulhu-offerings/
508,Bithire,HIRE,?,$0.000450,?,https://coinmarketcap.com/currencies/bithire/
509,KiloCoin,KLC,?,$0.000379,?,https://coinmarketcap.com/currencies/kilocoin/
510,RubleBit,RUBIT,?,$0.000348,?,https://coinmarketcap.com/currencies/rublebit/
511,DigiEuro,DEUR,?,$0.000333,?,https://coinmarketcap.com/currencies/digieuro/
512,FriendshipCoin 2,FSC2,?,$0.000332,?,https://coinmarketcap.com/currencies/friendshipcoin2/
513,ProfitCoin,PFC,?,$0.000326,?,https://coinmarketcap.com/currencies/profitcoin/
514,IrishCoin,IRL,?,$0.000322,?,https://coinmarketcap.com/currencies/irishcoin/
515,TrickyCoin,TRICK,?,$0.000253,?,https://coinmarketcap.com/currencies/trickycoin/
516,Bolivarcoin,BOLI,?,$0.000207,?,https://coinmarketcap.com/currencies/bolivarcoin/
517,Dubstep,DUB,?,$0.000189,?,https://coinmarketcap.com/currencies/dubstep/
518,Local Family Owned,LFO,?,$0.000172,?,https://coinmarketcap.com/currencies/local-family-owned/
519,BumbaCoin,BUMBA,?,$0.000168,?,https://coinmarketcap.com/currencies/bumbacoin/
520,Motocoin,MOTO,?,$0.000168,?,https://coinmarketcap.com/currencies/motocoin/
521,Grexit,GREXIT,?,$0.000168,?,https://coinmarketcap.com/currencies/grexit/
522,Psilocybin,PSY,?,$0.000139,?,https://coinmarketcap.com/currencies/psilocybin/
523,Diggits,DIGS,?,$0.000135,?,https://coinmarketcap.com/currencies/diggits/
524,Bitcoin Fast,BCF,?,$0.000114,?,https://coinmarketcap.com/currencies/bitcoinfast/
525,PayPeer,PAYP,?,$0.000076,?,https://coinmarketcap.com/currencies/paypeer/
526,Opescoin,OPES,?,$0.000067,?,https://coinmarketcap.com/currencies/opescoin/
527,YACCoin,YACC,?,$0.000063,?,https://coinmarketcap.com/currencies/yaccoin/
528,Dotcoin,DOT,?,$0.000058,?,https://coinmarketcap.com/currencies/dotcoin/
529,AvatarCoin,AV,?,$0.000050,?,https://coinmarketcap.com/currencies/avatarcoin/
530,DarkEther,DETH,?,$0.000038,?,https://coinmarketcap.com/currencies/darkether/
531,iBits,IBITS,?,$0.000025,?,https://coinmarketcap.com/currencies/ibits/
532,X2,X2,?,$0.000019,?,https://coinmarketcap.com/currencies/x2/
533,CandleCoin,CD,?,$0.000013,?,https://coinmarketcap.com/currencies/candlecoin/
534,QuitDough,QUIT,?,$0.000008,?,https://coinmarketcap.com/currencies/quitdough/
535,Moneta,MONETA,?,$0.000008,?,https://coinmarketcap.com/currencies/moneta2/
536,DarkCypher,DCYP,?,$0.000008,?,https://coinmarketcap.com/currencies/darkcypher/
537,Cashme,CME,?,$0.000008,?,https://coinmarketcap.com/currencies/cashme/
538,Coin(O),CNO,?,$0.000008,?,https://coinmarketcap.com/currencies/coin/
539,PurePOS,PURE,?,$0.000008,?,https://coinmarketcap.com/currencies/purepos/
540,CIONZ,CIONZ,?,$0.000004,?,https://coinmarketcap.com/currencies/cionz/
541,SuperTurboStake,STRB,?,$0.000004,?,https://coinmarketcap.com/currencies/superturbostake/
542,FireFlyCoin,FFC,?,$0.000004,?,https://coinmarketcap.com/currencies/fireflycoin/
543,Trinity,TTY,?,$0.000004,?,https://coinmarketcap.com/currencies/trinity/
544,The Cypherfunks,FUNK,?,$7.8e-07,?,https://coinmarketcap.com/currencies/the-cypherfunks/
545,PACcoin,$PAC,?,$1.2e-08,?,https://coinmarketcap.com/currencies/paccoin/
