1,Bitcoin,BTC,$6842086072,$439.32,15574150,https://coinmarketcap.com/currencies/bitcoin/
2,Ethereum,ETH,$1146980280,$14.29,80286396,https://coinmarketcap.com/currencies/ethereum/
3,XRP,XRP,$206991069,$0.005936,34868679462,https://coinmarketcap.com/currencies/ripple/
4,Litecoin,LTC,$180377246,$3.93,45901076,https://coinmarketcap.com/currencies/litecoin/
5,Dash,DASH,$52345240,$8.10,6465778,https://coinmarketcap.com/currencies/dash/
6,MaidSafeCoin,MAID,$27172567,$0.060043,452552412,https://coinmarketcap.com/currencies/maidsafecoin/
7,Dogecoin,DOGE,$23430355,$0.000224,104442011720,https://coinmarketcap.com/currencies/dogecoin/
8,DigixDAO,DGD,$18525492,$9.26,2000000,https://coinmarketcap.com/currencies/digixdao/
9,NEM,XEM,$15285271,$0.001698,8999999999,https://coinmarketcap.com/currencies/nem/
10,Steem,STEEM,$15118964,$0.428027,35322420,https://coinmarketcap.com/currencies/steem/
11,FedoraCoin,TIPS,$15058674,$0.000036,423216541349,https://coinmarketcap.com/currencies/fedoracoin/
12,Monero,XMR,$11128232,$0.938764,11854132,https://coinmarketcap.com/currencies/monero/
13,Factom,FCT,$9907446,$1.13,8753219,https://coinmarketcap.com/currencies/factom/
14,BitShares,BTS,$8935583,$0.003492,2558810000,https://coinmarketcap.com/currencies/bitshares/
15,Stellar,XLM,$8921705,$0.001626,5485679598,https://coinmarketcap.com/currencies/stellar/
16,HyperSpace,AMP,$8303969,$0.044935,184800000,https://coinmarketcap.com/currencies/synereo/
17,Peercoin,PPC,$8209541,$0.353974,23192503,https://coinmarketcap.com/currencies/peercoin/
18,Bytecoin,BCN,$7879094,$0.000044,180146824004,https://coinmarketcap.com/currencies/bytecoin-bcn/
19,Emercoin,EMC,$6682889,$0.176996,37757383,https://coinmarketcap.com/currencies/emercoin/
20,YbCoin,YBC,$6612205,$2.20,3008229,https://coinmarketcap.com/currencies/ybcoin/
21,Nxt,NXT,$6005215,$0.006005,999997096,https://coinmarketcap.com/currencies/nxt/
22,Namecoin,NMC,$5127555,$0.357025,14361900,https://coinmarketcap.com/currencies/namecoin/
23,RevolutionVR,RVR,$4614449,$0.146490,31500000,https://coinmarketcap.com/currencies/revolutionvr/
24,Siacoin,SC,$4439420,$0.000314,14151478145,https://coinmarketcap.com/currencies/siacoin/
25,Counterparty,XCP,$4397271,$1.67,2627109,https://coinmarketcap.com/currencies/counterparty/
26,Feathercoin,FTC,$4280734,$0.017485,244823400,https://coinmarketcap.com/currencies/feathercoin/
27,Agoras Tokens,AGRS,$4080931,$0.097165,42000000,https://coinmarketcap.com/currencies/agoras-tokens/
28,Storjcoin X,SJCX,$4062692,$0.082045,49518143,https://coinmarketcap.com/currencies/storjcoin-x/
29,Rubycoin,RBY,$3348058,$0.145179,23061630,https://coinmarketcap.com/currencies/rubycoin/
30,Xaurum,XAUR,$3130416,$418.14,7487,https://coinmarketcap.com/currencies/xaurum/
31,Syscoin,SYS,$3127373,$0.007294,428751485,https://coinmarketcap.com/currencies/syscoin/
32,GridCoin,GRC,$2823908,$0.007502,376423985,https://coinmarketcap.com/currencies/gridcoin/
33,VPNCoin,VASH,$2803598,$0.007003,400339746,https://coinmarketcap.com/currencies/vpncoin/
34,Decred,DCR,$2473519,$1.45,1707440,https://coinmarketcap.com/currencies/decred/
35,DigiByte,DGB,$2031432,$0.000312,6510748593,https://coinmarketcap.com/currencies/digibyte/
36,Tether,USDT,$1951591,$1.00,1951591,https://coinmarketcap.com/currencies/tether/
37,BlackCoin,BLK,$1874094,$0.024837,75455892,https://coinmarketcap.com/currencies/blackcoin/
38,CrevaCoin,CREVA,$1851505,$0.076006,24360150,https://coinmarketcap.com/currencies/crevacoin/
39,NuShares,NSR,$1849677,$0.002250,822099460,https://coinmarketcap.com/currencies/nushares/
40,GameCredits,GAME,$1721963,$0.031235,55128627,https://coinmarketcap.com/currencies/gamecredits/
41,SolarCoin,SLR,$1578204,$0.046005,34304969,https://coinmarketcap.com/currencies/solarcoin/
42,Auroracoin,AUR,$1526172,$0.188066,8115094,https://coinmarketcap.com/currencies/auroracoin/
43,MonaCoin,MONA,$1497157,$0.044795,33422750,https://coinmarketcap.com/currencies/monacoin/
44,Clams,CLAM,$1353872,$0.780151,1735397,https://coinmarketcap.com/currencies/clams/
45,Vcash,XVC,$1278658,$0.089493,14287848,https://coinmarketcap.com/currencies/vcash/
46,ReddCoin,RDD,$1193998,$0.000042,28104311209,https://coinmarketcap.com/currencies/reddcoin/
47,Startcoin,START,$1115548,$0.027291,40876293,https://coinmarketcap.com/currencies/startcoin/
48,MintCoin,MINT,$1112783,$0.000048,23068593502,https://coinmarketcap.com/currencies/mintcoin/
49,EarthCoin,EAC,$1068493,$0.000114,9346468332,https://coinmarketcap.com/currencies/earthcoin/
50,Novacoin,NVC,$1022587,$0.738247,1385156,https://coinmarketcap.com/currencies/novacoin/
51,Primecoin,XPM,$1003411,$0.068738,14597619,https://coinmarketcap.com/currencies/primecoin/
52,Expanse,EXP,$922475,$0.446473,2066139,https://coinmarketcap.com/currencies/expanse/
53,Radium,RADS,$910546,$0.329175,2766143,https://coinmarketcap.com/currencies/radium/
54,Qora,QORA,$878866,$0.000088,10000000000,https://coinmarketcap.com/currencies/qora/
55,ShadowCash,SDC,$856227,$0.130957,6538209,https://coinmarketcap.com/currencies/shadowcash/
56,DubaiCoin,DBIC,$823165,$0.140555,5856553,https://coinmarketcap.com/currencies/dubaicoin/
57,I/O Coin,IOC,$796905,$0.049026,16254814,https://coinmarketcap.com/currencies/iocoin/
58,StabilityShares,XSI,$786552,$0.085015,9251928,https://coinmarketcap.com/currencies/stabilityshares/
59,Vertcoin,VTC,$784953,$0.034015,23076650,https://coinmarketcap.com/currencies/vertcoin/
60,NuBits,USNBT,$754124,$0.996090,757084,https://coinmarketcap.com/currencies/nubits/
61,Infinitecoin,IFC,$701119,$0.000008,90596274910,https://coinmarketcap.com/currencies/infinitecoin/
62,SounDAC,XSD,$693828,$0.000508,1366051418,https://coinmarketcap.com/currencies/bitshares-music/
63,Crypti,XCR,$677047,$0.006770,100000000,https://coinmarketcap.com/currencies/crypti/
64,WorldCoin,WDC,$657048,$0.006373,103104143,https://coinmarketcap.com/currencies/worldcoin/
65,BoostCoin,BOST,$651265,$0.054986,11844131,https://coinmarketcap.com/currencies/boostcoin/
66,OBITS,OBITS,$628357,$0.094009,6684015,https://coinmarketcap.com/currencies/obits/
67,Gulden,NLG,$579264,$0.001896,305537830,https://coinmarketcap.com/currencies/gulden/
68,Megacoin,MEC,$578050,$0.017781,32510138,https://coinmarketcap.com/currencies/megacoin/
69,Safe Exchange Coin,SAFEX,$566217,$0.000264,2147483647,https://coinmarketcap.com/currencies/safe-exchange-coin/
70,BilShares,BILS,$534589,$0.000535,1000000000,https://coinmarketcap.com/currencies/bilshares/
71,DigitalNote,XDN,$519666,$0.000076,6859878769,https://coinmarketcap.com/currencies/digitalnote/
72,Nexus,NXS,$495328,$0.013183,37572512,https://coinmarketcap.com/currencies/nexus/
73,Curecoin,CURE,$484630,$0.018335,26431310,https://coinmarketcap.com/currencies/curecoin/
74,ZcCoin,ZCC,$479394,$0.007775,61657044,https://coinmarketcap.com/currencies/zccoin/
75,Global Currency Reserve,GCR,$461178,$0.004570,100909949,https://coinmarketcap.com/currencies/global-currency-reserve/
76,Yocoin,YOC,$407911,$0.023331,17483300,https://coinmarketcap.com/currencies/yocoin/
77,Execoin,EXE,$398699,$0.022297,17881067,https://coinmarketcap.com/currencies/execoin/
78,Diem,DIEM,$380713,$0.000018,21739971929,https://coinmarketcap.com/currencies/diem/
79,Diamond,DMD,$379320,$0.233775,1622586,https://coinmarketcap.com/currencies/diamond/
80,Circuits of Value,COVAL,$367374,$0.000918,400000000,https://coinmarketcap.com/currencies/circuits-of-value/
81,Verge,XVG,$360126,$0.000032,11414993750,https://coinmarketcap.com/currencies/verge/
82,Virtacoin,VTA,$350034,$0.000030,11753186863,https://coinmarketcap.com/currencies/virtacoin/
83,SIBCoin,SIB,$310480,$0.030343,10232297,https://coinmarketcap.com/currencies/sibcoin/
84,Riecoin,RIC,$228068,$0.009709,23491325,https://coinmarketcap.com/currencies/riecoin/
85,Cryptonite,XCN,$207377,$0.001010,205328613,https://coinmarketcap.com/currencies/cryptonite/
86,SecureCoin,SRC,$199077,$0.034995,5688736,https://coinmarketcap.com/currencies/securecoin/
87,Capricoin,CPC,$183416,$0.329577,556520,https://coinmarketcap.com/currencies/capricoin/
88,Shift,SHIFT,$164374,$0.022905,7176341,https://coinmarketcap.com/currencies/shift/
89,Creditbit,CRB,$154968,$0.012547,12351064,https://coinmarketcap.com/currencies/creditbit/
90,Bullion,CBX,$154743,$0.159719,968845,https://coinmarketcap.com/currencies/bullion/
91,NeosCoin,NEOS,$146052,$0.017172,8505375,https://coinmarketcap.com/currencies/neoscoin/
92,MojoCoin,MOJO,$144480,$0.001444,100082580,https://coinmarketcap.com/currencies/mojocoin/
93,OKCash,OK,$143107,$0.002219,64480212,https://coinmarketcap.com/currencies/okcash/
94,BTSR,BTSR,$129768,$0.058667,2211935,https://coinmarketcap.com/currencies/btsr/
95,Ubiq,UBQ,$126202,$0.035366,3568434,https://coinmarketcap.com/currencies/ubiq/
96,Boolberry,BBR,$124230,$0.017436,7124909,https://coinmarketcap.com/currencies/boolberry/
97,PIVX,PIVX,$118238,$0.003249,36392346,https://coinmarketcap.com/currencies/pivx/
98,GameBet Coin,GBT,$111184,$0.005518,20150925,https://coinmarketcap.com/currencies/gamebet-coin/
99,bitUSD,BITUSD,$103644,$0.959180,108055,https://coinmarketcap.com/currencies/bitusd/
100,TrumpCoin,TRUMP,$97204,$0.014950,6501942,https://coinmarketcap.com/currencies/trumpcoin/
101,Bytecent,BYC,$94732,$0.088767,1067196,https://coinmarketcap.com/currencies/bytecent/
102,bitCNY,BITCNY,$91132,$0.147636,617276,https://coinmarketcap.com/currencies/bitcny/
103,Coin2.1,C2,$83085,$0.000831,99976323,https://coinmarketcap.com/currencies/coin2-1/
104,Sprouts,SPRTS,$78962,$0.000035,2246093633,https://coinmarketcap.com/currencies/sprouts/
105,Hyper,HYPER,$78788,$0.013007,6057126,https://coinmarketcap.com/currencies/hyper/
106,HiCoin,XHI,$74352,$0.029423,2527050,https://coinmarketcap.com/currencies/hicoin/
107,Krypton,KR,$74180,$0.026649,2783571,https://coinmarketcap.com/currencies/krypton/
108,Uniform Fiscal Object,UFO,$71185,$0.000031,2314151262,https://coinmarketcap.com/currencies/uniform-fiscal-object/
109,Francs,FRN,$50188,$0.036909,1359780,https://coinmarketcap.com/currencies/francs/
110,Adzcoin,ADZ,$48276,$0.022864,2111480,https://coinmarketcap.com/currencies/adzcoin/
111,Influxcoin,INFX,$45880,$0.027418,1673383,https://coinmarketcap.com/currencies/influxcoin/
112,EverGreenCoin,EGC,$35328,$0.004582,7709991,https://coinmarketcap.com/currencies/evergreencoin/
113,Woodcoin,LOG,$27895,$0.003472,8035193,https://coinmarketcap.com/currencies/woodcoin/
114,MetalCoin,METAL,$22987,$0.000299,76925527,https://coinmarketcap.com/currencies/metalcoin/
115,PlatinumBAR,XPTX,$17429,$0.307526,56675,https://coinmarketcap.com/currencies/platinumbar/
116,RhinoCoin,RHC,$13136,$0.072292,181710,https://coinmarketcap.com/currencies/rhinocoin-rhc/
117,BillaryCoin,BLRY,$12399,$0.002197,5644656,https://coinmarketcap.com/currencies/billarycoin/
118,PonziCoin,PONZI,$7358,$0.026056,282375,https://coinmarketcap.com/currencies/ponzicoin/
119,Cabbage,CAB,$6919,$0.000659,10499999,https://coinmarketcap.com/currencies/cabbage/
120,MasterTraderCoin,MTR,$507,$0.001687,300678,https://coinmarketcap.com/currencies/mastertradercoin/
121,BitCrystals,BCY,$2007730,$0.047418,42340689,https://coinmarketcap.com/currencies/bitcrystals/
122,BlackJack,JACK,$1845573,$0.000004,416967395500,https://coinmarketcap.com/currencies/blackjack/
123,Scotcoin,SCOT,$1612752,$0.001613,1000000000,https://coinmarketcap.com/currencies/scotcoin/
124,BlueCoin,BLU,$1287860,$0.002254,571280731,https://coinmarketcap.com/currencies/bluecoin/
125,BitcoinDark,BTCD,$1205162,$0.951290,1266871,https://coinmarketcap.com/currencies/bitcoindark/
126,Rimbit,RBT,$1178594,$0.010325,114149996,https://coinmarketcap.com/currencies/rimbit/
127,BlockShares,BKS,$1177276,$6.25,188422,https://coinmarketcap.com/currencies/blockshares/
128,SuperNET,UNITY,$1165405,$1.43,816061,https://coinmarketcap.com/currencies/supernet-unity/
129,Quark,QRK,$954144,$0.003815,250101047,https://coinmarketcap.com/currencies/quark/
130,Omni,OMNI,$854310,$1.55,552661,https://coinmarketcap.com/currencies/omni/
131,VeriCoin,VRC,$807841,$0.029280,27590420,https://coinmarketcap.com/currencies/vericoin/
132,KiloCoin,KLC,$750665,$0.000167,4495321878,https://coinmarketcap.com/currencies/kilocoin/
133,PLAY,PLS,$735002,$0.000377,1948228471,https://coinmarketcap.com/currencies/play/
134,FairCoin,FAIR,$720180,$0.013724,52476822,https://coinmarketcap.com/currencies/faircoin/
135,FuelCoin,FC2,$659405,$0.006580,100206032,https://coinmarketcap.com/currencies/fuelcoin/
136,GetGems,GEMZ,$559785,$0.006351,88135217,https://coinmarketcap.com/currencies/gems/
137,DNotes,NOTE,$544918,$0.004914,110895736,https://coinmarketcap.com/currencies/dnotes/
138,AsiaCoin,AC,$474476,$0.001050,451767724,https://coinmarketcap.com/currencies/asiacoin/
139,AmberCoin,AMBER,$473559,$0.010905,43427068,https://coinmarketcap.com/currencies/ambercoin/
140,Zetacoin,ZET,$449412,$0.002740,164046391,https://coinmarketcap.com/currencies/zetacoin/
141,InstantDEX,DEX,$414361,$0.414361,1000000,https://coinmarketcap.com/currencies/instantdex/
142,Swarm,SWARM,$411093,$0.004113,99945431,https://coinmarketcap.com/currencies/swarm/
143,UnionCoin,UNC,$410007,$0.048877,8388608,https://coinmarketcap.com/currencies/unioncoin/
144,BitBay,BAY,$398518,$0.000397,1004474230,https://coinmarketcap.com/currencies/bitbay/
145,NeuCoin,NEU,$397021,$0.001217,326161487,https://coinmarketcap.com/currencies/neucoin/
146,Applecoin,APC,$388052,$0.017412,22286048,https://coinmarketcap.com/currencies/applecoin/
147,Zeitcoin,ZEIT,$378559,$0.000011,34141537985,https://coinmarketcap.com/currencies/zeitcoin/
148,Digitalcoin,DGC,$372392,$0.011225,33174163,https://coinmarketcap.com/currencies/digitalcoin/
149,Blocknet,BLOCK,$370897,$0.094846,3910516,https://coinmarketcap.com/currencies/blocknet/
150,Unobtanium,UNO,$351342,$1.78,197075,https://coinmarketcap.com/currencies/unobtanium/
151,CloakCoin,CLOAK,$349767,$0.073421,4763853,https://coinmarketcap.com/currencies/cloakcoin/
152,Ixcoin,IXC,$322624,$0.015364,20999088,https://coinmarketcap.com/currencies/ixcoin/
153,Anoncoin,ANC,$310128,$0.146958,2110317,https://coinmarketcap.com/currencies/anoncoin/
154,NavCoin,NAV,$300929,$0.005049,59599414,https://coinmarketcap.com/currencies/nav-coin/
155,Burst,BURST,$273525,$0.000191,1430057901,https://coinmarketcap.com/currencies/burst/
156,Librexcoin,LXC,$271748,$0.027766,9787169,https://coinmarketcap.com/currencies/librexcoin/
157,Bitswift,BITS,$266073,$0.065723,4048407,https://coinmarketcap.com/currencies/bitswift/
158,Mooncoin,MOON,$249555,$0.000001,213221304465,https://coinmarketcap.com/currencies/mooncoin/
159,CasinoCoin,CSC,$234102,$0.006182,37870215,https://coinmarketcap.com/currencies/casinocoin/
160,BitShares PTS,PTS,$228510,$0.000229,999999386,https://coinmarketcap.com/currencies/bitshares-pts/
161,Tickets,TIX,$218773,$0.000003,66876281414,https://coinmarketcap.com/currencies/tickets/
162,TagCoin,TAG,$212590,$0.047349,4489832,https://coinmarketcap.com/currencies/tagcoin/
163,LIQUID,LQD,$194981,$0.570597,341714,https://coinmarketcap.com/currencies/liquid/
164,Maxcoin,MAX,$194705,$0.004696,41459435,https://coinmarketcap.com/currencies/maxcoin/
165,I0Coin,I0C,$194420,$0.009290,20928344,https://coinmarketcap.com/currencies/i0coin/
166,Wild Beast Block,WBB,$189593,$0.118579,1598868,https://coinmarketcap.com/currencies/wild-beast-block/
167,VootCoin,VOOT,$185713,$0.002681,69280656,https://coinmarketcap.com/currencies/vootcoin/
168,XCurrency,XC,$185023,$0.032575,5679857,https://coinmarketcap.com/currencies/xcurrency/
169,Colossuscoin V2,CV2,$183029,$0.000009,20825131304,https://coinmarketcap.com/currencies/colossuscoin-v2/
170,FLO,FLO,$177872,$0.001441,123451361,https://coinmarketcap.com/currencies/flo/
171,SkyNET,SKYNET,$177747,$0.198773,894223,https://coinmarketcap.com/currencies/skynet-asset/
172,Deutsche eMark,DEM,$165760,$0.008345,19863346,https://coinmarketcap.com/currencies/deutsche-emark/
173,NautilusCoin,NAUT,$165082,$0.021495,7679874,https://coinmarketcap.com/currencies/nautiluscoin/
174,TileCoin,XTC,$164955,$0.001650,100000000,https://coinmarketcap.com/currencies/tilecoin/
175,Silkcoin,SILK,$157669,$0.003603,43755188,https://coinmarketcap.com/currencies/silkcoin/
176,HOdlcoin,HODL,$157150,$0.030695,5119682,https://coinmarketcap.com/currencies/hodlcoin/
177,PotCoin,POT,$150088,$0.000705,213029052,https://coinmarketcap.com/currencies/potcoin/
178,Stealth,XST,$149433,$0.006291,23753486,https://coinmarketcap.com/currencies/stealth/
179,Coinomat,CNMT,$138097,$0.052733,2618788,https://coinmarketcap.com/currencies/coinomat/
180,Pebblecoin,XPB,$132446,$0.006148,21543728,https://coinmarketcap.com/currencies/pebblecoin/
181,Stress,STS,$130547,$0.000231,565134332,https://coinmarketcap.com/currencies/stress/
182,2GIVE,2GIVE,$129572,$0.000259,500078099,https://coinmarketcap.com/currencies/2give/
183,SmileyCoin,SMLY,$128832,$0.000005,25298720000,https://coinmarketcap.com/currencies/smileycoin/
184,NoirShares,NRS,$128468,$0.051854,2477481,https://coinmarketcap.com/currencies/noirshares/
185,HempCoin,HMP,$128194,$0.000099,1298155610,https://coinmarketcap.com/currencies/hempcoin-hmp/
186,Viacoin,VIA,$126132,$0.006016,20967408,https://coinmarketcap.com/currencies/viacoin/
187,Myriad,XMY,$125577,$0.000095,1317929000,https://coinmarketcap.com/currencies/myriad/
188,CannabisCoin,CANN,$125228,$0.001622,77227592,https://coinmarketcap.com/currencies/cannabiscoin/
189,SpreadCoin,SPR,$120686,$0.023919,5045652,https://coinmarketcap.com/currencies/spreadcoin/
190,jl777hodl,JLH,$120104,$0.012010,10000000,https://coinmarketcap.com/currencies/jl777hodl/
191,MediterraneanCoin,MED,$120032,$0.002969,40431897,https://coinmarketcap.com/currencies/mediterraneancoin/
192,EuropeCoin,ERC,$117996,$0.001270,92882561,https://coinmarketcap.com/currencies/europecoin/
193,CoinoIndex,INDEX,$115988,$342.76,338,https://coinmarketcap.com/currencies/coinoindex/
194,ArtByte,ABY,$115969,$0.000174,665370450,https://coinmarketcap.com/currencies/artbyte/
195,Xiaomicoin,MI,$115488,$0.000286,404316480,https://coinmarketcap.com/currencies/xiaomicoin/
196,NetCoin,NET,$114257,$0.000185,617377660,https://coinmarketcap.com/currencies/netcoin/
197,GoldCoin,GLC,$111569,$0.002988,37345078,https://coinmarketcap.com/currencies/goldcoin/
198,AudioCoin,ADC,$111287,$0.000145,766871387,https://coinmarketcap.com/currencies/audiocoin/
199,Pandacoin,PND,$111234,$0.000003,32514916898,https://coinmarketcap.com/currencies/pandacoin-pnd/
200,HyperStake,HYP,$109302,$0.000283,385796097,https://coinmarketcap.com/currencies/hyperstake/
201,Groestlcoin,GRS,$107256,$0.001683,63730176,https://coinmarketcap.com/currencies/groestlcoin/
202,Orbitcoin,ORB,$104687,$0.040592,2579018,https://coinmarketcap.com/currencies/orbitcoin/
203,Freicoin,FRC,$101393,$0.002206,45962594,https://coinmarketcap.com/currencies/freicoin/
204,CORE,CORE,$101098,$0.120705,837560,https://coinmarketcap.com/currencies/core/
205,Cryptofund,FUND,$100298,$0.100298,1000000,https://coinmarketcap.com/currencies/cryptofund/
206,UltraCoin,UTC,$100071,$0.003102,32255290,https://coinmarketcap.com/currencies/ultracoin/
207,Flycoin,FLY,$99780,$0.483386,206418,https://coinmarketcap.com/currencies/flycoin/
208,WhiteCoin,XWC,$98350,$0.000321,306584146,https://coinmarketcap.com/currencies/whitecoin/
209,Energycoin,ENRG,$98023,$0.000817,119926046,https://coinmarketcap.com/currencies/energycoin/
210,PayCoin,XPY,$95973,$0.008345,11500700,https://coinmarketcap.com/currencies/paycoin2/
211,Gambit,GAM,$95603,$0.056064,1705245,https://coinmarketcap.com/currencies/gambit/
212,e-Gulden,EFL,$95343,$0.006592,14463591,https://coinmarketcap.com/currencies/e-gulden/
213,Aeon,AEON,$94379,$0.008349,11303630,https://coinmarketcap.com/currencies/aeon/
214,GeoCoin,GEO,$93590,$0.038121,2455079,https://coinmarketcap.com/currencies/geocoin/
215,MMNXT,MMNXT,$92415,$0.009241,10000000,https://coinmarketcap.com/currencies/mmnxt/
216,Blitzcash,BLITZ,$90374,$0.022737,3974812,https://coinmarketcap.com/currencies/blitzcash/
217,Pangea Poker,PANGEA,$90020,$0.090078,999352,https://coinmarketcap.com/currencies/pangea-poker/
218,NobleCoin,NOBL,$89692,$0.000040,2267834309,https://coinmarketcap.com/currencies/noblecoin/
219,MAZA,MAZA,$89275,$0.000092,967291053,https://coinmarketcap.com/currencies/mazacoin/
220,MaryJane,MARYJ,$88925,$0.001714,51886828,https://coinmarketcap.com/currencies/maryjane/
221,Devcoin,DVC,$87806,$0.000008,10768460050,https://coinmarketcap.com/currencies/devcoin/
222,ECC,ECC,$87099,$0.000004,19826845996,https://coinmarketcap.com/currencies/eccoin/
223,TrustPlus,TRUST,$86011,$0.002681,32086595,https://coinmarketcap.com/currencies/trustplus/
224,Horizon,HZ,$82626,$0.000083,997285886,https://coinmarketcap.com/currencies/next-horizon/
225,ClearingHouse,XCH,$82111,$0.000791,103807697,https://coinmarketcap.com/currencies/clearinghouse/
226,Dogeparty,XDP,$80558,$0.030080,2678135,https://coinmarketcap.com/currencies/dogeparty/
227,Woodshares,WS,$79881,$0.007825,10208382,https://coinmarketcap.com/currencies/woodshares/
228,Kobocoin,KOBO,$76533,$0.003151,24290004,https://coinmarketcap.com/currencies/kobocoin/
229,Nxttycoin,NXTTY,$71509,$0.000072,1000000000,https://coinmarketcap.com/currencies/nxttycoin/
230,HTML5COIN,HTML5,$70698,$0.000002,40659020000,https://coinmarketcap.com/currencies/htmlcoin5/
231,FIMKrypto,FIMK,$69875,$0.000154,454311198,https://coinmarketcap.com/currencies/fimkrypto/
232,Joincoin,J,$69127,$0.027153,2545818,https://coinmarketcap.com/currencies/joincoin/
233,LeafCoin,LEAF,$67497,$0.000004,15322977853,https://coinmarketcap.com/currencies/leafcoin/
234,Rubies,RBIES,$66814,$0.010502,6361759,https://coinmarketcap.com/currencies/rubies/
235,Memorycoin,MMC,$64229,$0.006376,10073034,https://coinmarketcap.com/currencies/memorycoin/
236,FlutterCoin,FLT,$63770,$0.000214,297492164,https://coinmarketcap.com/currencies/fluttercoin/
237,Bitstar,BITS,$63063,$0.003351,18820916,https://coinmarketcap.com/currencies/bitstar/
238,LTBcoin,LTBC,$60325,$0.000132,457587185,https://coinmarketcap.com/currencies/ltbcoin/
239,Piggycoin,PIGGY,$56889,$0.000119,479472500,https://coinmarketcap.com/currencies/piggycoin/
240,PinkCoin,PINK,$56095,$0.000154,364717988,https://coinmarketcap.com/currencies/pinkcoin/
241,RedCoin,RED,$55441,$0.000748,74078808,https://coinmarketcap.com/currencies/redcoin/
242,Heisenberg,HEX,$54814,$0.000004,12473553843,https://coinmarketcap.com/currencies/heisenberg/
243,BigUp,BIGUP,$54640,$0.000013,4172297507,https://coinmarketcap.com/currencies/bigup/
244,Checkcoin,CKC,$54469,$0.002725,19991830,https://coinmarketcap.com/currencies/checkcoin/
245,TransferCoin,TX,$54356,$0.009971,5451215,https://coinmarketcap.com/currencies/transfercoin/
246,FoldingCoin,FLDC,$54245,$0.000158,342500000,https://coinmarketcap.com/currencies/foldingcoin/
247,HunterCoin,HUC,$52746,$0.004267,12361350,https://coinmarketcap.com/currencies/huntercoin/
248,Bitcredits,BCR,$52496,$0.001758,29865179,https://coinmarketcap.com/currencies/bitcredits/
249,Pakcoin,PAK,$51654,$0.002110,24479000,https://coinmarketcap.com/currencies/pakcoin/
250,Einsteinium,EMC2,$50505,$0.000255,198183661,https://coinmarketcap.com/currencies/einsteinium/
251,ARCHcoin,ARCH,$49901,$0.003023,16509578,https://coinmarketcap.com/currencies/archcoin/
252,Sphere,SPHR,$48474,$0.015723,3082940,https://coinmarketcap.com/currencies/sphere/
253,Aiden,ADN,$48184,$0.003291,14639403,https://coinmarketcap.com/currencies/aiden/
254,Bean Cash,BITB,$47783,$0.000035,1358731000,https://coinmarketcap.com/currencies/bean-cash/
255,Yacoin,YAC,$47106,$0.000489,96343732,https://coinmarketcap.com/currencies/yacoin/
256,Fibre,FIBRE,$46713,$0.073079,639214,https://coinmarketcap.com/currencies/fibre/
257,Bitcoin Plus,XBC,$45375,$0.534089,84958,https://coinmarketcap.com/currencies/bitcoin-plus/
258,LottoCoin,LOT,$44479,$0.000003,14491014421,https://coinmarketcap.com/currencies/lottocoin/
259,Bitmark,BTM,$44319,$0.039550,1120600,https://coinmarketcap.com/currencies/bitmark/
260,Greencoin,GRE,$44059,$0.000022,2005220641,https://coinmarketcap.com/currencies/greencoin/
261,Steps,STEPS,$43939,$0.002366,18571133,https://coinmarketcap.com/currencies/steps/
262,Sexcoin,SXC,$42945,$0.000377,114049101,https://coinmarketcap.com/currencies/sexcoin/
263,Magi,XMG,$42534,$0.008893,4782863,https://coinmarketcap.com/currencies/magi/
264,CryptCoin,CRYPT,$40968,$0.006794,6030200,https://coinmarketcap.com/currencies/cryptcoin/
265,Synergy,SNRG,$40812,$0.026323,1550440,https://coinmarketcap.com/currencies/synergy/
266,BBQCoin,BQC,$40442,$0.000797,50765854,https://coinmarketcap.com/currencies/bbqcoin/
267,Node,NODE,$39550,$0.000040,1000000000,https://coinmarketcap.com/currencies/node/
268,ZiftrCOIN,ZRC,$39461,$0.003089,12773630,https://coinmarketcap.com/currencies/ziftrcoin/
269,Buongiorno Caffe,BGCAFFE,$39380,$0.360314,109295,https://coinmarketcap.com/currencies/buongiorno-caffe/
270,SOILcoin,SOIL,$39005,$0.011535,3381312,https://coinmarketcap.com/currencies/soilcoin/
271,Qibuck,QBK,$39003,$0.074582,522959,https://coinmarketcap.com/currencies/qibuck/
272,CryptoEscudo,CESC,$38572,$0.000268,144105100,https://coinmarketcap.com/currencies/cryptoescudo/
273,Asiadigicoin,ADCN,$37357,$0.216942,172200,https://coinmarketcap.com/currencies/asiadigicoin/
274,Sync,SYNC,$35419,$30.10,1177,https://coinmarketcap.com/currencies/sync/
275,Trollcoin,TROLL,$34415,$0.000066,522390478,https://coinmarketcap.com/currencies/trollcoin/
276,Dimecoin,DIME,$33867,$7e-08,485921572304,https://coinmarketcap.com/currencies/dimecoin/
277,BiosCrypto,BIOS,$32877,$0.001629,20177772,https://coinmarketcap.com/currencies/bios-crypto/
278,YACCoin,YACC,$31584,$0.000044,718925824,https://coinmarketcap.com/currencies/yaccoin/
279,HoboNickels,HBN,$31412,$0.001323,23747760,https://coinmarketcap.com/currencies/hobonickels/
280,Kore,KORE,$31339,$0.017116,1830949,https://coinmarketcap.com/currencies/korecoin/
281,Bata,BTA,$30724,$0.006834,4495617,https://coinmarketcap.com/currencies/bata/
282,Datacoin,DTC,$30072,$0.002148,13998538,https://coinmarketcap.com/currencies/datacoin/
283,Sonic,SSD,$29558,$0.001318,22421058,https://coinmarketcap.com/currencies/sonicscrewdriver/
284,Triangles,TRI,$29528,$0.438706,67308,https://coinmarketcap.com/currencies/triangles/
285,TeslaCoin,TES,$29520,$0.000435,67846323,https://coinmarketcap.com/currencies/teslacoin/
286,BitSend,BSD,$29135,$0.002846,10236650,https://coinmarketcap.com/currencies/bitsend/
287,MMBTCD,MMBTCD,$28824,$0.072060,400000,https://coinmarketcap.com/currencies/mmbtcd/
288,CannaCoin,CCN,$28774,$0.006152,4677055,https://coinmarketcap.com/currencies/cannacoin/
289,Gapcoin,GAP,$28056,$0.003867,7254980,https://coinmarketcap.com/currencies/gapcoin/
290,Uro,URO,$27315,$0.023633,1155797,https://coinmarketcap.com/currencies/uro/
291,SecretCoin,SCRT,$27257,$0.006477,4208094,https://coinmarketcap.com/currencies/secretcoin/
292,Marscoin,MARS,$27190,$0.001441,18863731,https://coinmarketcap.com/currencies/marscoin/
293,Elite,1337,$26349,$0.000013,1998700553,https://coinmarketcap.com/currencies/1337coin/
294,GenesysCoin,GSY,$25823,$0.014923,1730363,https://coinmarketcap.com/currencies/genesyscoin/
295,TEKcoin,TEK,$25070,$0.000130,192530507,https://coinmarketcap.com/currencies/tekcoin/
296,Aricoin,ARI,$24655,$0.000176,140262505,https://coinmarketcap.com/currencies/aricoin/
297,Terracoin,TRC,$23921,$0.001575,15187280,https://coinmarketcap.com/currencies/terracoin/
298,020LondonCoin,020,$23737,$1.6e-07,150243020248,https://coinmarketcap.com/currencies/o2olondoncoin/
299,DopeCoin,DOPE,$23572,$0.000167,141157233,https://coinmarketcap.com/currencies/dopecoin/
300,Titcoin,TIT,$22917,$0.000498,46001393,https://coinmarketcap.com/currencies/titcoin/
301,Sterlingcoin,SLG,$21866,$0.005634,3881156,https://coinmarketcap.com/currencies/sterlingcoin/
302,Dashcoin,DSH,$21709,$0.001800,12058917,https://coinmarketcap.com/currencies/dashcoin/
303,HempCoin,THC,$21664,$0.000110,197192845,https://coinmarketcap.com/currencies/hempcoin/
304,Fantomcoin,FCN,$21594,$0.005273,4094974,https://coinmarketcap.com/currencies/fantomcoin/
305,bitBTC,BITBTC,$21377,$438.96,48.6986,https://coinmarketcap.com/currencies/bitbtc/
306,GAIA,GAIA,$20970,$0.000870,24101381,https://coinmarketcap.com/currencies/gaia/
307,SixEleven,611,$20855,$0.056664,368046,https://coinmarketcap.com/currencies/sixeleven/
308,IncaKoin,NKA,$20512,$0.000004,4667711338,https://coinmarketcap.com/currencies/incakoin/
309,Quatloo,QTL,$20075,$0.003966,5062002,https://coinmarketcap.com/currencies/quatloo/
310,Ratecoin,XRA,$19469,$0.000220,88609113,https://coinmarketcap.com/currencies/ratecoin/
311,Canada eCoin,CDN,$18986,$0.000202,93929233,https://coinmarketcap.com/currencies/canada-ecoin/
312,Truckcoin,TRK,$18462,$0.000286,64634049,https://coinmarketcap.com/currencies/truckcoin/
313,DigiCube,CUBE,$18122,$0.000380,47646865,https://coinmarketcap.com/currencies/digicube/
314,OctoCoin,888,$17861,$0.000431,41474949,https://coinmarketcap.com/currencies/octocoin/
315,Sativacoin,STV,$17762,$0.002513,7069033,https://coinmarketcap.com/currencies/sativacoin/
316,Animecoin,ANI,$17366,$0.000009,1975960545,https://coinmarketcap.com/currencies/animecoin/
317,QuazarCoin,QCN,$17291,$0.004394,3934822,https://coinmarketcap.com/currencies/quazarcoin-old/
318,SmartCoin,SMC,$17241,$0.000809,21323326,https://coinmarketcap.com/currencies/smartcoin/
319,Viral,VIRAL,$17184,$0.003195,5378879,https://coinmarketcap.com/currencies/viral/
320,MonetaVerde,MCN,$16698,$0.000905,18446258,https://coinmarketcap.com/currencies/monetaverde/
321,Franko,FRK,$16254,$0.025518,636950,https://coinmarketcap.com/currencies/franko/
322,LiteDoge,LDOGE,$15184,$0.000001,13697596139,https://coinmarketcap.com/currencies/litedoge/
323,BitBar,BTB,$15165,$0.605186,25059,https://coinmarketcap.com/currencies/bitbar/
324,Pesetacoin,PTC,$15103,$0.000131,115164649,https://coinmarketcap.com/currencies/pesetacoin/
325,WARP,WARP,$14996,$0.013692,1095224,https://coinmarketcap.com/currencies/warp/
326,PLNcoin,PLNC,$14964,$0.000876,17089600,https://coinmarketcap.com/currencies/plncoin/
327,ChipCoin,CHIP,$14824,$0.001433,10341384,https://coinmarketcap.com/currencies/chipcoin/
328,Bottlecaps,CAP,$14694,$0.000255,57650848,https://coinmarketcap.com/currencies/bottlecaps/
329,OrangeCoin,OC,$14191,$0.000233,60929922,https://coinmarketcap.com/currencies/orangecoin/
330,NobleNXT,NOXT,$14176,$0.025707,551428,https://coinmarketcap.com/currencies/noblenxt/
331,ZAIF,ZAIF,$13757,$0.053221,258479,https://coinmarketcap.com/currencies/zaif/
332,BDSM-FETISH,WHIPPED,$13449,$0.024658,545423,https://coinmarketcap.com/currencies/bdsm-fetish/
333,Moin,MOIN,$13374,$0.002177,6143820,https://coinmarketcap.com/currencies/moin/
334,Bela,BELA,$13322,$0.000580,22965650,https://coinmarketcap.com/currencies/belacoin/
335,Fastcoin,FST,$13320,$0.000105,126764507,https://coinmarketcap.com/currencies/fastcoin/
336,MonetaryUnit,MUE,$13183,$0.000145,90754560,https://coinmarketcap.com/currencies/monetaryunit/
337,DayTraderCoin,DTC,$13046,$0.011604,1124327,https://coinmarketcap.com/currencies/daytradercoin/
338,Argentum,ARG,$12925,$0.002436,5306499,https://coinmarketcap.com/currencies/argentum/
339,SaffronCoin,SFR,$12721,$0.000624,20386026,https://coinmarketcap.com/currencies/saffroncoin/
340,Granite,GRN,$12630,$0.000427,29585700,https://coinmarketcap.com/currencies/granitecoin/
341,SproutsExtreme,SPEX,$12597,$0.000004,2866607586,https://coinmarketcap.com/currencies/sproutsextreme/
342,SwagBucks,BUCKS,$12499,$0.118553,105429,https://coinmarketcap.com/currencies/swagbucks/
343,GlobalBoost-Y,BSTY,$12420,$0.001530,8119741,https://coinmarketcap.com/currencies/globalboost-y/
344,Quotient,XQN,$12361,$0.000589,20992231,https://coinmarketcap.com/currencies/quotient/
345,Universal Currency,UNIT,$12027,$0.000974,12350955,https://coinmarketcap.com/currencies/universal-currency/
346,AeroMe,AM,$11973,$0.000989,12109618,https://coinmarketcap.com/currencies/aerocoin/
347,Halcyon,HAL,$11772,$0.003516,3348443,https://coinmarketcap.com/currencies/halcyon/
348,VIP Tokens,VIP,$11735,$0.000141,83450403,https://coinmarketcap.com/currencies/vip-tokens/
349,AmsterdamCoin,AMS,$11521,$0.001200,9603707,https://coinmarketcap.com/currencies/amsterdamcoin/
350,Memetic / PepeCoin,MEME,$11110,$0.000931,11939596,https://coinmarketcap.com/currencies/memetic/
351,Destiny,DES,$10809,$0.006755,1600000,https://coinmarketcap.com/currencies/destiny/
352,Viorcoin,VIOR,$10553,$0.002130,4955679,https://coinmarketcap.com/currencies/viorcoin/
353,bitGold,BITGOLD,$10506,$1396.84,7.52119,https://coinmarketcap.com/currencies/bitgold/
354,TittieCoin,TIT,$10484,$0.000008,1258424428,https://coinmarketcap.com/currencies/tittiecoin/
355,Blakecoin,BLC,$10484,$0.000998,10509498,https://coinmarketcap.com/currencies/blakecoin/
356,Kittehcoin,MEOW,$10348,$4.3e-07,23905669976,https://coinmarketcap.com/currencies/kittehcoin/
357,MultiWalletCoin,MWC,$10300,$0.000378,27254738,https://coinmarketcap.com/currencies/multiwalletcoin/
358,bitSilver,BITSILVER,$10288,$17.95,573,https://coinmarketcap.com/currencies/bitsilver/
359,PrimeChain,PRIME,$9770,$0.002725,3585867,https://coinmarketcap.com/currencies/primechain/
360,SuperCoin,SUPER,$9529,$0.000246,38698722,https://coinmarketcap.com/currencies/supercoin/
361,BERNcash,BERN,$9461,$0.000378,25040537,https://coinmarketcap.com/currencies/berncash/
362,CoExistCoin,COXST,$9324,$0.000350,26616075,https://coinmarketcap.com/currencies/coexistcoin/
363,1CRedit,1CR,$9208,$0.191101,48186,https://coinmarketcap.com/currencies/1credit/
364,CageCoin,CAGE,$8820,$8.7e-08,101168328395,https://coinmarketcap.com/currencies/cagecoin/
365,SatoshiMadness,MAD,$8792,$0.000004,2000683485,https://coinmarketcap.com/currencies/satoshimadness/
366,Bitz,BITZ,$8759,$0.004400,1990757,https://coinmarketcap.com/currencies/bitz/
367,GoldPieces,GP,$8214,$0.006732,1220161,https://coinmarketcap.com/currencies/goldpieces/
368,PayCon,CON,$7965,$0.000478,16668965,https://coinmarketcap.com/currencies/paycon/
369,8Bit,8BIT,$7957,$0.011333,702091,https://coinmarketcap.com/currencies/8bit/
370,MindCoin,MND,$7557,$0.000647,11673250,https://coinmarketcap.com/currencies/mindcoin/
371,Evotion,EVO,$7457,$0.003357,2221193,https://coinmarketcap.com/currencies/evotion/
372,Cryptographic Anomaly,CGA,$7392,$0.034988,211282,https://coinmarketcap.com/currencies/cryptographic-anomaly/
373,ApexCoin,APEX,$7251,$0.001182,6133914,https://coinmarketcap.com/currencies/apexcoin/
374,NewYorkCoin,NYC,$7201,$1.2e-07,59719935819,https://coinmarketcap.com/currencies/newyorkcoin/
375,ExclusiveCoin,EXCL,$7091,$0.000554,12806827,https://coinmarketcap.com/currencies/exclusivecoin/
376,Neutron,NTRN,$6875,$0.000545,12617684,https://coinmarketcap.com/currencies/neutron/
377,PetroDollar,XPD,$6749,$0.000105,63993275,https://coinmarketcap.com/currencies/petrodollar/
378,CorgiCoin,CORG,$6726,$0.000007,932361655,https://coinmarketcap.com/currencies/corgicoin/
379,DigitalPrice,DP,$6718,$0.000395,16986501,https://coinmarketcap.com/currencies/digitalprice/
380,Positron,TRON,$6482,$0.003934,1647615,https://coinmarketcap.com/currencies/positron/
381,Phoenixcoin,PXC,$6463,$0.000127,50715900,https://coinmarketcap.com/currencies/phoenixcoin/
382,SHACoin,SHA,$6425,$0.000018,365515033,https://coinmarketcap.com/currencies/shacoin/
383,BitcoinTX,BTX,$6377,$0.000083,76419478,https://coinmarketcap.com/currencies/bitcointx/
384,KhanCoin,KNC,$6262,$0.088662,70631,https://coinmarketcap.com/currencies/khancoin/
385,PosEx,PEX,$6030,$0.003820,1578376,https://coinmarketcap.com/currencies/posex/
386,Orlycoin,ORLY,$5953,$0.000163,36619721,https://coinmarketcap.com/currencies/orlycoin/
387,Joulecoin,XJO,$5946,$0.000224,26532904,https://coinmarketcap.com/currencies/joulecoin/
388,GrowCoin,GROW,$5872,$0.042191,139178,https://coinmarketcap.com/currencies/growcoin/
389,Pulse,PULSE,$5842,$0.000409,14298972,https://coinmarketcap.com/currencies/pulse/
390,UCoin,U,$5804,$0.002158,2689812,https://coinmarketcap.com/currencies/ucoin/
391,BunnyCoin,BUN,$5792,$5.8e-08,99305953628,https://coinmarketcap.com/currencies/bunnycoin/
392,Bitcoin Scrypt,BTCS,$5453,$0.000426,12792950,https://coinmarketcap.com/currencies/bitcoin-scrypt/
393,RootCoin,ROOT,$5430,$0.002799,1939702,https://coinmarketcap.com/currencies/rootcoin/
394,SongCoin,SONG,$5352,$0.000209,25602100,https://coinmarketcap.com/currencies/songcoin/
395,MangoCoinz,MCZ,$5329,$0.003516,1515805,https://coinmarketcap.com/currencies/mangocoinz/
396,Revenu,REV,$5294,$0.004428,1195525,https://coinmarketcap.com/currencies/revenu/
397,GCN Coin,GCN,$5171,$5.8e-08,88621910000,https://coinmarketcap.com/currencies/gcn-coin/
398,Acoin,ACOIN,$5150,$0.004274,1204994,https://coinmarketcap.com/currencies/acoin/
399,G3N,G3N,$5130,$0.000828,6194983,https://coinmarketcap.com/currencies/genstake/
400,C-Bit,XCT,$5101,$0.000101,50484000,https://coinmarketcap.com/currencies/c-bit/
401,Prime-XI,PXI,$5006,$0.001106,4524561,https://coinmarketcap.com/currencies/prime-xi/
402,FujiCoin,FJC,$4996,$0.000009,567791698,https://coinmarketcap.com/currencies/fujicoin/
403,Manna,MANNA,$4824,$0.000127,37856833,https://coinmarketcap.com/currencies/manna/
404,Nyancoin,NYAN,$4812,$0.000018,273774562,https://coinmarketcap.com/currencies/nyancoin/
405,Moneta,MNTA,$4708,$0.000282,16712688,https://coinmarketcap.com/currencies/moneta/
406,IslaCoin,ISL,$4598,$0.003038,1513704,https://coinmarketcap.com/currencies/islacoin/
407,TrapCoin,TRAP,$4562,$0.001806,2526380,https://coinmarketcap.com/currencies/trapcoin/
408,MapCoin,MAPC,$4529,$0.001507,3005030,https://coinmarketcap.com/currencies/mapcoin/
409,AntiBitcoin,ANTI,$4524,$0.000259,17449027,https://coinmarketcap.com/currencies/antibitcoin/
410,Pura,PURA,$4379,$0.000026,166090474,https://coinmarketcap.com/currencies/pura/
411,Dobbscoin,BOB,$4345,$0.000956,4544220,https://coinmarketcap.com/currencies/dobbscoin/
412,Spots,SPT,$4022,$0.000189,21286871,https://coinmarketcap.com/currencies/spots/
413,Swing,SWING,$4021,$0.003735,1076466,https://coinmarketcap.com/currencies/swing/
414,ARbit,ARB,$3844,$0.001030,3732060,https://coinmarketcap.com/currencies/arbit/
415,RonPaulCoin,RPC,$3814,$0.007264,525049,https://coinmarketcap.com/currencies/ronpaulcoin/
416,SoonCoin,SOON,$3775,$0.000303,12462620,https://coinmarketcap.com/currencies/sooncoin/
417,Unitus,UIS,$3774,$0.000141,26841313,https://coinmarketcap.com/currencies/unitus/
418,Droidz,DRZ,$3711,$0.000461,8042594,https://coinmarketcap.com/currencies/droidz/
419,HamRadioCoin,HAM,$3628,$0.000743,4881664,https://coinmarketcap.com/currencies/hamradiocoin/
420,ParallelCoin,DUO,$3547,$0.013450,263749,https://coinmarketcap.com/currencies/parallelcoin/
421,Vcoin,VCN,$3440,$0.000334,10299779,https://coinmarketcap.com/currencies/vcoin/
422,Graffiti,GRF,$3432,$0.000171,20024907,https://coinmarketcap.com/currencies/graffiti/
423,Bitzeny,ZNY,$3323,$0.000044,75614500,https://coinmarketcap.com/currencies/bitzeny/
424,Cypher,CYP,$3057,$0.000480,6365285,https://coinmarketcap.com/currencies/cypher/
425,AnarchistsPrime,ACP,$3053,$0.000876,3486720,https://coinmarketcap.com/currencies/anarchistsprime/
426,GamerholicCoin,GHC,$3014,$0.003863,780330,https://coinmarketcap.com/currencies/gamerholiccoin/
427,ELcoin,ELCO,$2941,$0.001489,1974618,https://coinmarketcap.com/currencies/elcoin/
428,Dirac,XDQ,$2900,$0.006417,451885,https://coinmarketcap.com/currencies/dirac/
429,Emerald Crypto,EMD,$2809,$0.000158,17757379,https://coinmarketcap.com/currencies/emerald/
430,Crown,CRW,$2638,$0.000301,8751340,https://coinmarketcap.com/currencies/crown/
431,BREAKcoin,BRE,$2540,$0.003028,838833,https://coinmarketcap.com/currencies/breakcoin/
432,CAPTcoin,CAPT,$2535,$0.000748,3389630,https://coinmarketcap.com/currencies/captcoin/
433,Litecred,LTCR,$2529,$0.000084,30227750,https://coinmarketcap.com/currencies/litecred/
434,Bloodcoin,BOD,$2472,$0.000009,281289440,https://coinmarketcap.com/currencies/bloodcoin/
435,Metal Music Coin,MTLMC3,$2439,$0.000031,79719140,https://coinmarketcap.com/currencies/metal-music-coin/
436,NevaCoin,NEVA,$2434,$0.006151,395705,https://coinmarketcap.com/currencies/nevacoin/
437,Guncoin,GUN,$2429,$0.000036,66699828,https://coinmarketcap.com/currencies/guncoin/
438,Jay,JAY,$2390,$0.002413,990440,https://coinmarketcap.com/currencies/jay/
439,TAGRcoin,TAGR,$2379,$0.000062,38669634,https://coinmarketcap.com/currencies/tagrcoin/
440,Guarany,GUA,$2356,$0.006604,356747,https://coinmarketcap.com/currencies/guarany/
441,Zurcoin,ZUR,$2313,$0.000035,65802177,https://coinmarketcap.com/currencies/zurcoin/
442,UniCoin,UNIC,$2266,$0.000879,2578407,https://coinmarketcap.com/currencies/unicoin/
443,Cashcoin,CASH,$2211,$0.000097,22864761,https://coinmarketcap.com/currencies/cashcoin/
444,LeaCoin,LEA,$2113,$0.000013,165606200,https://coinmarketcap.com/currencies/leacoin/
445,42-coin,42,$2096,$30.76,68.12962,https://coinmarketcap.com/currencies/42-coin/
446,Bolivarcoin,BOLI,$2079,$0.000665,3128175,https://coinmarketcap.com/currencies/bolivarcoin/
447,Dibbits,DIBS,$2079,$0.004113,505403,https://coinmarketcap.com/currencies/dibbits/
448,Unfed,UNF,$1929,$0.000154,12558400,https://coinmarketcap.com/currencies/unfed/
449,PopularCoin,POP,$1897,$5.9e-07,3218997366,https://coinmarketcap.com/currencies/popularcoin/
450,Quicksilver,QSLV,$1809,$0.000519,3487894,https://coinmarketcap.com/currencies/quicksilver/
451,BitQuark,BTQ,$1797,$0.000338,5309916,https://coinmarketcap.com/currencies/bitquark/
452,Kumacoin,KUMA,$1779,$0.000010,182512440,https://coinmarketcap.com/currencies/kumacoin/
453,ChainCoin,CHC,$1747,$0.000185,9463967,https://coinmarketcap.com/currencies/chaincoin/
454,Ozziecoin,OZC,$1667,$0.000008,198202500,https://coinmarketcap.com/currencies/ozziecoin/
455,Prototanium,PR,$1589,$0.008789,180790,https://coinmarketcap.com/currencies/prototanium/
456,LiteBar,LTB,$1538,$0.008701,176737,https://coinmarketcap.com/currencies/litebar/
457,ZombieCoin,ZMC,$1492,$0.000221,6738114,https://coinmarketcap.com/currencies/zombiecoin/
458,bitEUR,BITEUR,$1479,$1.11,1329,https://coinmarketcap.com/currencies/biteur/
459,Unrealcoin,URC,$1388,$0.000198,7024402,https://coinmarketcap.com/currencies/unrealcoin/
460,Tigercoin,TGC,$1339,$0.000031,43536800,https://coinmarketcap.com/currencies/tigercoin/
461,Floz,FLOZ,$1330,$0.000308,4322629,https://coinmarketcap.com/currencies/floz/
462,Cygnus,CYG,$1095,$0.000079,13815013,https://coinmarketcap.com/currencies/cygnus/
463,GuccioneCoin,GCC,$1082,$0.000069,15630728,https://coinmarketcap.com/currencies/guccionecoin/
464,BitCrystal,BTCRY,$1076,$0.000004,244830116,https://coinmarketcap.com/currencies/bitcrystal/
465,BitcoinUltra,BTCU,$1061,$0.001080,982363,https://coinmarketcap.com/currencies/bitcoinultra/
466,Phalanx,PXL,$1023,$0.000567,1804501,https://coinmarketcap.com/currencies/phalanx/
467,Crypto,CTO,$991,$0.000193,5125962,https://coinmarketcap.com/currencies/crypto/
468,IvugeoCoin,IEC,$977,$0.000773,1263465,https://coinmarketcap.com/currencies/ivugeocoin/
469,MazeCoin,MAZE,$974,$0.000101,9636078,https://coinmarketcap.com/currencies/mazecoin/
470,Subcriptio,SUB,$967,$0.000097,10000578,https://coinmarketcap.com/currencies/subcriptio/
471,Evil Coin,EVIL,$930,$0.000101,9169480,https://coinmarketcap.com/currencies/evil-coin/
472,FuzzBalls,FUZZ,$909,$0.000310,2926925,https://coinmarketcap.com/currencies/fuzzballs/
473,Coinaid,CAID,$885,$0.000009,100643070,https://coinmarketcap.com/currencies/coinaid/
474,Number7,N7,$878,$0.000044,19985642,https://coinmarketcap.com/currencies/number7/
475,DeltaCredits,DCRE,$795,$0.008824,90054,https://coinmarketcap.com/currencies/deltacredits/
476,Fantasy Cash,FANS,$779,$0.000198,3941984,https://coinmarketcap.com/currencies/fantasy-cash/
477,BatCoin,BAT,$764,$1.2e-07,6481010000,https://coinmarketcap.com/currencies/batcoin/
478,Bantam,BNT,$758,$0.000207,3666350,https://coinmarketcap.com/currencies/bantam/
479,Independent Money System,IMS,$682,$0.000133,5115875,https://coinmarketcap.com/currencies/independent-money-system/
480,Bitcoin 21,XBTC21,$671,$0.002904,231234,https://coinmarketcap.com/currencies/bitcoin-21/
481,ImperialCoin,IPC,$639,$0.000004,157865000,https://coinmarketcap.com/currencies/imperialcoin/
482,Lyrabar,LYB,$629,$0.000535,1175524,https://coinmarketcap.com/currencies/lyrabar/
483,Alexium,AUM,$628,$0.000031,20297336,https://coinmarketcap.com/currencies/alexium/
484,LanaCoin,LANA,$554,$0.000022,25213933,https://coinmarketcap.com/currencies/lanacoin/
485,Antilitecoin,ALTC,$554,$0.000018,31512613,https://coinmarketcap.com/currencies/antilitecoin/
486,Machinecoin,MAC,$521,$0.000048,10773000,https://coinmarketcap.com/currencies/machinecoin/
487,TenneT,TENNET,$493,$0.000101,4873837,https://coinmarketcap.com/currencies/tennet/
488,Selfiecoin,SLFI,$478,$0.000004,107829281,https://coinmarketcap.com/currencies/selfiecoin/
489,HazMatCoin,HZT,$443,$0.000422,1051090,https://coinmarketcap.com/currencies/hazmatcoin/
490,TurboStake,TRBO,$418,$0.000013,31743767,https://coinmarketcap.com/currencies/turbostake/
491,HeelCoin,HEEL,$418,$0.000079,5283847,https://coinmarketcap.com/currencies/heelcoin/
492,Money,$$$,$403,$0.000009,45887218,https://coinmarketcap.com/currencies/money/
493,BowsCoin,BSC,$394,$0.000073,5366402,https://coinmarketcap.com/currencies/bowscoin/
494,Donationcoin,DON,$344,$0.000075,4607050,https://coinmarketcap.com/currencies/donationcoin/
495,FistBump,FIST,$338,$0.000009,38179123,https://coinmarketcap.com/currencies/fistbump/
496,CleverCoin,CLV,$306,$0.000132,2319498,https://coinmarketcap.com/currencies/clevercoin/
497,CryptBit,CBIT,$260,$0.000149,1742730,https://coinmarketcap.com/currencies/cryptbit/
498,Eurocoin,EUC,$241,$0.000075,3220632,https://coinmarketcap.com/currencies/eurocoin/
499,MMXVI,MMXVI,$223,$0.000069,3225649,https://coinmarketcap.com/currencies/mmxvi/
500,Zoom,ZOOM,$219,$0.003249,67417,https://coinmarketcap.com/currencies/zoom/
501,Enigma [XNG],XNG,$190,$0.011409,16627,https://coinmarketcap.com/currencies/enigma-xng/
502,P7Coin,P7C,$155,$0.000004,35220238,https://coinmarketcap.com/currencies/p7coin/
503,PROCOM coin,PCM,$138,$0.000435,318213,https://coinmarketcap.com/currencies/procom-coin/
504,Save and Gain,SANDG,$135,$0.000044,3064800,https://coinmarketcap.com/currencies/save-and-gain/
505,Bubble,BUB,$132,$0.000171,768753,https://coinmarketcap.com/currencies/bubble/
506,Fantom,FNX,$119,$0.000088,1344660,https://coinmarketcap.com/currencies/fantom-old/
507,CRTCoin,CRT,$70,$0.000879,79270,https://coinmarketcap.com/currencies/crtcoin/
508,Hundredcoin,HUN,$68,$0.000002,29659200,https://coinmarketcap.com/currencies/hundredcoin/
509,Digital Credits,DGCS,$51,$0.000009,5826388,https://coinmarketcap.com/currencies/digital-credits/
510,Californium,CF,$16,$0.000145,111110,https://coinmarketcap.com/currencies/californium/
511,23 Skidoo,CHAO,?,$1546.88,?,https://coinmarketcap.com/currencies/23-skidoo/
512,Lisk,LSK,?,$2.74,?,https://coinmarketcap.com/currencies/lisk/
513,NxttyACCI,ACCI,?,$2.17,?,https://coinmarketcap.com/currencies/nxttyacci/
514,EDRCoin,EDRC,?,$0.923521,?,https://coinmarketcap.com/currencies/edrcoin/
515,Alphabit,ABC,?,$0.874253,?,https://coinmarketcap.com/currencies/alphabitcoinfund/
516,CoinoUSD,XUSD,?,$0.511124,?,https://coinmarketcap.com/currencies/coinousd/
517,GBCGoldCoin,GBC,?,$0.229960,?,https://coinmarketcap.com/currencies/gbcgoldcoin/
518,LEOcoin,LEO,?,$0.210495,?,https://coinmarketcap.com/currencies/leocoin/
519,ClubCoin,CLUB,?,$0.172310,?,https://coinmarketcap.com/currencies/clubcoin/
520,The DAO,DAO,?,$0.171271,?,https://coinmarketcap.com/currencies/the-dao/
521,TRMB,TRMB,?,$0.152724,?,https://coinmarketcap.com/currencies/trmb/
522,MaYaCoin,MYC,?,$0.106839,?,https://coinmarketcap.com/currencies/mayacoin/
523,AlpaCoin,APC,?,$0.071321,?,https://coinmarketcap.com/currencies/alpacoin/
524,Firecoin,FIRE,?,$0.062028,?,https://coinmarketcap.com/currencies/firecoin/
525,Qwark,QWARK,?,$0.050579,?,https://coinmarketcap.com/currencies/qwark/
526,BnB Coin,BNB,?,$0.045869,?,https://coinmarketcap.com/currencies/bnb-coin/
527,TBCoin,TBC,?,$0.037162,?,https://coinmarketcap.com/currencies/tbcoin/
528,Elcoin,EL,?,$0.036413,?,https://coinmarketcap.com/currencies/elcoin-el/
529,UNCoin,UNC,?,$0.030300,?,https://coinmarketcap.com/currencies/uncoin/
530,MillenniumCoin,MIL,?,$0.028067,?,https://coinmarketcap.com/currencies/millenniumcoin/
531,Sharkcoin,SAK,?,$0.017259,?,https://coinmarketcap.com/currencies/sharkcoin/
532,Timekoin,TK,?,$0.011033,?,https://coinmarketcap.com/currencies/timekoin/
533,BitAlphaCoin,BAC,?,$0.009211,?,https://coinmarketcap.com/currencies/bitalphacoin/
534,Advanced Internet Blocks,AIB,?,$0.004170,?,https://coinmarketcap.com/currencies/advanced-internet-blocks/
535,Clinton,CLINT,?,$0.003985,?,https://coinmarketcap.com/currencies/clinton/
536,OCOW,OCOW,?,$0.003717,?,https://coinmarketcap.com/currencies/ocow/
537,FutCoin,FUTC,?,$0.003516,?,https://coinmarketcap.com/currencies/futcoin/
538,ShellPay,SHELL,?,$0.003513,?,https://coinmarketcap.com/currencies/shellpay/
539,BitSeeds,XSEED,?,$0.002632,?,https://coinmarketcap.com/currencies/bitseeds/
540,Xaucoin,XAU,?,$0.002628,?,https://coinmarketcap.com/currencies/xaucoin/
541,GoldMaxCoin,GMX,?,$0.002574,?,https://coinmarketcap.com/currencies/goldmaxcoin/
542,vTorrent,VTR,?,$0.002562,?,https://coinmarketcap.com/currencies/vtorrent/
543,WMCoin,WMC,?,$0.002306,?,https://coinmarketcap.com/currencies/wmcoin/
544,Quebecoin,QBC,?,$0.001846,?,https://coinmarketcap.com/currencies/quebecoin/
545,VectorAI,VEC2,?,$0.001310,?,https://coinmarketcap.com/currencies/vector/
546,ProfitCoin,PFC,?,$0.000991,?,https://coinmarketcap.com/currencies/profitcoin/
547,PostCoin,POST,?,$0.000800,?,https://coinmarketcap.com/currencies/postcoin/
548,HitCoin,HTC,?,$0.000778,?,https://coinmarketcap.com/currencies/hitcoin/
549,SafeCoin,SFE,?,$0.000773,?,https://coinmarketcap.com/currencies/safecoin-old/
550,CHNCoin,CNC,?,$0.000747,?,https://coinmarketcap.com/currencies/chncoin/
551,Kcoin,KC,?,$0.000668,?,https://coinmarketcap.com/currencies/kcoin/
552,Cthulhu Offerings,OFF,?,$0.000535,?,https://coinmarketcap.com/currencies/cthulhu-offerings/
553,GSMcoin,GSM,?,$0.000532,?,https://coinmarketcap.com/currencies/gsmcoin/
554,FriendshipCoin 2,FSC2,?,$0.000497,?,https://coinmarketcap.com/currencies/friendshipcoin2/
555,Local Family Owned,LFO,?,$0.000454,?,https://coinmarketcap.com/currencies/local-family-owned/
556,Incrementum,INC,?,$0.000439,?,https://coinmarketcap.com/currencies/incrementum/
557,c0fferC0in,C0C0,?,$0.000417,?,https://coinmarketcap.com/currencies/c0fferc0in/
558,Dubstep,DUB,?,$0.000376,?,https://coinmarketcap.com/currencies/dubstep/
559,Supreme,SPM,?,$0.000369,?,https://coinmarketcap.com/currencies/supreme/
560,Bithire,HIRE,?,$0.000325,?,https://coinmarketcap.com/currencies/bithire/
561,IrishCoin,IRL,?,$0.000325,?,https://coinmarketcap.com/currencies/irishcoin/
562,UPcoin,XUP,?,$0.000235,?,https://coinmarketcap.com/currencies/upcoin/
563,DigiEuro,DEUR,?,$0.000233,?,https://coinmarketcap.com/currencies/digieuro/
564,Psilocybin,PSY,?,$0.000228,?,https://coinmarketcap.com/currencies/psilocybin/
565,Pentacoin,PTA,?,$0.000202,?,https://coinmarketcap.com/currencies/pentacoin/
566,DarkEther,DETH,?,$0.000189,?,https://coinmarketcap.com/currencies/darkether/
567,Opescoin,OPES,?,$0.000183,?,https://coinmarketcap.com/currencies/opescoin/
568,DarkLisk,DISK,?,$0.000145,?,https://coinmarketcap.com/currencies/darklisk/
569,GridPay,GRID,?,$0.000132,?,https://coinmarketcap.com/currencies/gridpay/
570,RubleBit,RUBIT,?,$0.000111,?,https://coinmarketcap.com/currencies/rublebit/
571,Motocoin,MOTO,?,$0.000105,?,https://coinmarketcap.com/currencies/motocoin/
572,Dotcoin,DOT,?,$0.000083,?,https://coinmarketcap.com/currencies/dotcoin/
573,Murraycoin,MRY,?,$0.000075,?,https://coinmarketcap.com/currencies/murraycoin/
574,Bitcoin Fast,BCF,?,$0.000070,?,https://coinmarketcap.com/currencies/bitcoinfast/
575,Braincoin,BRAIN,?,$0.000070,?,https://coinmarketcap.com/currencies/braincoin/
576,Diggits,DIGS,?,$0.000066,?,https://coinmarketcap.com/currencies/diggits/
577,AvatarCoin,AV,?,$0.000053,?,https://coinmarketcap.com/currencies/avatarcoin/
578,LiteStarCoin,LTS,?,$0.000044,?,https://coinmarketcap.com/currencies/litestarcoin/
579,Operand,OP,?,$0.000039,?,https://coinmarketcap.com/currencies/operand/
580,WorldPay,WOP,?,$0.000026,?,https://coinmarketcap.com/currencies/worldpay/
581,TheCreed,TCR,?,$0.000026,?,https://coinmarketcap.com/currencies/thecreed/
582,AsicCoin,ASC,?,$0.000026,?,https://coinmarketcap.com/currencies/asiccoin/
583,Flaxscript,FLAX,?,$0.000022,?,https://coinmarketcap.com/currencies/flaxscript/
584,iBits,IBITS,?,$0.000022,?,https://coinmarketcap.com/currencies/ibits/
585,2BACCO,2BACCO,?,$0.000013,?,https://coinmarketcap.com/currencies/2bacco/
586,PurePOS,PURE,?,$0.000009,?,https://coinmarketcap.com/currencies/purepos/
587,Trinity,TTY,?,$0.000009,?,https://coinmarketcap.com/currencies/trinity/
588,PayPeer,PAYP,?,$0.000009,?,https://coinmarketcap.com/currencies/paypeer/
589,X2,X2,?,$0.000004,?,https://coinmarketcap.com/currencies/x2/
590,Moneta,MONETA,?,$0.000004,?,https://coinmarketcap.com/currencies/moneta2/
591,SuperTurboStake,STRB,?,$0.000004,?,https://coinmarketcap.com/currencies/superturbostake/
592,FireFlyCoin,FFC,?,$0.000004,?,https://coinmarketcap.com/currencies/fireflycoin/
593,Espers,ESP,?,$0.000004,?,https://coinmarketcap.com/currencies/espers/
594,SoulCoin,SOUL,?,$0.000004,?,https://coinmarketcap.com/currencies/soulcoin/
595,Biebercoin,BRC,?,$0.000004,?,https://coinmarketcap.com/currencies/biebercoin/
596,The Cypherfunks,FUNK,?,$5.5e-07,?,https://coinmarketcap.com/currencies/the-cypherfunks/
597,Valorbit,VAL,?,$4e-08,?,https://coinmarketcap.com/currencies/valorbit/
598,PACcoin,$PAC,?,$9e-09,?,https://coinmarketcap.com/currencies/paccoin/
