1,Bitcoin,BTC,$6467437080,$430.01,15040150,https://coinmarketcap.com/currencies/bitcoin/
2,XRP,XRP,$201799631,$0.006017,33537439933,https://coinmarketcap.com/currencies/ripple/
3,Litecoin,LTC,$152873521,$3.48,43890464,https://coinmarketcap.com/currencies/litecoin/
4,Ethereum,ETH,$73843278,$0.971905,75977890,https://coinmarketcap.com/currencies/ethereum/
5,Dash,DASH,$19794713,$3.24,6109219,https://coinmarketcap.com/currencies/dash/
6,Dogecoin,DOGE,$14940681,$0.000146,102502370532,https://coinmarketcap.com/currencies/dogecoin/
7,Peercoin,PPC,$9756959,$0.426281,22888585,https://coinmarketcap.com/currencies/peercoin/
8,BitShares,BTS,$8591688,$0.003386,2537097300,https://coinmarketcap.com/currencies/bitshares/
9,Stellar,XLM,$8436465,$0.001744,4837356606,https://coinmarketcap.com/currencies/stellar/
10,Nxt,NXT,$6863998,$0.006864,999997096,https://coinmarketcap.com/currencies/nxt/
11,MaidSafeCoin,MAID,$6789470,$0.015003,452552412,https://coinmarketcap.com/currencies/maidsafecoin/
12,Namecoin,NMC,$6073338,$0.456936,13291450,https://coinmarketcap.com/currencies/namecoin/
13,Factom,FCT,$5646935,$0.645078,8753873,https://coinmarketcap.com/currencies/factom/
14,Bytecoin,BCN,$5582979,$0.000031,178318882394,https://coinmarketcap.com/currencies/bytecoin-bcn/
15,Monero,XMR,$5295952,$0.500312,10585303,https://coinmarketcap.com/currencies/monero/
16,Rubycoin,RBY,$2763547,$0.122474,22564306,https://coinmarketcap.com/currencies/rubycoin/
17,Emercoin,EMC,$2729184,$0.074146,36808130,https://coinmarketcap.com/currencies/emercoin/
18,Clams,CLAM,$2199047,$1.44,1524996,https://coinmarketcap.com/currencies/clams/
19,BlackCoin,BLK,$2000105,$0.026603,75183721,https://coinmarketcap.com/currencies/blackcoin/
20,YbCoin,YBC,$1903017,$0.633091,3005916,https://coinmarketcap.com/currencies/ybcoin/
21,MonaCoin,MONA,$1627740,$0.060258,27012900,https://coinmarketcap.com/currencies/monacoin/
22,NEM,XEM,$1573830,$0.000175,8999999999,https://coinmarketcap.com/currencies/nem/
23,Startcoin,START,$1561435,$0.043375,35998551,https://coinmarketcap.com/currencies/startcoin/
24,Counterparty,XCP,$1436651,$0.546483,2628902,https://coinmarketcap.com/currencies/counterparty/
25,Global Currency Reserve,GCR,$1387263,$0.013838,100253176,https://coinmarketcap.com/currencies/global-currency-reserve/
26,Novacoin,NVC,$1162587,$0.922916,1259689,https://coinmarketcap.com/currencies/novacoin/
27,Ixcoin,IXC,$1119610,$0.053315,20999906,https://coinmarketcap.com/currencies/ixcoin/
28,NeuCoin,NEU,$1016007,$0.006004,169221669,https://coinmarketcap.com/currencies/neucoin/
29,CasinoCoin,CSC,$965002,$0.027878,34614811,https://coinmarketcap.com/currencies/casinocoin/
30,Tether,USDT,$951600,$1.00,951600,https://coinmarketcap.com/currencies/tether/
31,Primecoin,XPM,$900600,$0.069961,12872829,https://coinmarketcap.com/currencies/primecoin/
32,NuBits,USNBT,$849743,$1.01,840878,https://coinmarketcap.com/currencies/nubits/
33,VeriCoin,VRC,$796319,$0.029063,27399333,https://coinmarketcap.com/currencies/vericoin/
34,DigiByte,DGB,$740007,$0.000131,5665275519,https://coinmarketcap.com/currencies/digibyte/
35,DNotes,NOTE,$711592,$0.006625,107402881,https://coinmarketcap.com/currencies/dnotes/
36,Storjcoin X,SJCX,$687999,$0.015434,44575870,https://coinmarketcap.com/currencies/storjcoin-x/
37,GameCredits,GAME,$666554,$0.012936,51528842,https://coinmarketcap.com/currencies/gamecredits/
38,MintCoin,MINT,$661925,$0.000029,22571235943,https://coinmarketcap.com/currencies/mintcoin/
39,Quark,QRK,$647684,$0.002594,249664587,https://coinmarketcap.com/currencies/quark/
40,EarthCoin,EAC,$630252,$0.000068,9226833572,https://coinmarketcap.com/currencies/earthcoin/
41,VPNCoin,VASH,$615646,$0.001538,400339746,https://coinmarketcap.com/currencies/vpncoin/
42,WorldCoin,WDC,$581449,$0.006088,95505020,https://coinmarketcap.com/currencies/worldcoin/
43,PayCoin,XPY,$581404,$0.035225,16505474,https://coinmarketcap.com/currencies/paycoin2/
44,ReddCoin,RDD,$577185,$0.000021,27925375141,https://coinmarketcap.com/currencies/reddcoin/
45,Vcash,XVC,$524062,$0.041144,12737157,https://coinmarketcap.com/currencies/vcash/
46,BoostCoin,BOST,$522544,$0.044349,11782458,https://coinmarketcap.com/currencies/boostcoin/
47,Megacoin,MEC,$516795,$0.016350,31609150,https://coinmarketcap.com/currencies/megacoin/
48,Vertcoin,VTC,$485829,$0.022520,21573700,https://coinmarketcap.com/currencies/vertcoin/
49,Diamond,DMD,$484841,$0.330848,1465452,https://coinmarketcap.com/currencies/diamond/
50,Infinitecoin,IFC,$471593,$0.000005,90596274910,https://coinmarketcap.com/currencies/infinitecoin/
51,DigitalNote,XDN,$447057,$0.000065,6852716551,https://coinmarketcap.com/currencies/digitalnote/
52,Feathercoin,FTC,$421107,$0.003933,107063000,https://coinmarketcap.com/currencies/feathercoin/
53,Unobtanium,UNO,$380637,$1.94,196556,https://coinmarketcap.com/currencies/unobtanium/
54,FedoraCoin,TIPS,$334965,$0.000001,280846322360,https://coinmarketcap.com/currencies/fedoracoin/
55,UnionCoin,UNC,$208958,$0.024910,8388608,https://coinmarketcap.com/currencies/unioncoin/
56,CannabisCoin,CANN,$185167,$0.002398,77204926,https://coinmarketcap.com/currencies/cannabiscoin/
57,Syscoin,SYS,$184200,$0.000430,428751485,https://coinmarketcap.com/currencies/syscoin/
58,HyperStake,HYP,$173539,$0.000450,385796097,https://coinmarketcap.com/currencies/hyperstake/
59,EuropeCoin,ERC,$145626,$0.001535,94895417,https://coinmarketcap.com/currencies/europecoin/
60,PotCoin,POT,$142733,$0.000673,212049231,https://coinmarketcap.com/currencies/potcoin/
61,TagCoin,TAG,$138068,$0.035899,3846050,https://coinmarketcap.com/currencies/tagcoin/
62,Bytecent,BYC,$104722,$0.124671,839990,https://coinmarketcap.com/currencies/bytecent/
63,StabilityShares,XSI,$101990,$0.011071,9212309,https://coinmarketcap.com/currencies/stabilityshares/
64,Mooncoin,MOON,$96812,$4.6e-07,209274368191,https://coinmarketcap.com/currencies/mooncoin/
65,Ubiq,UBQ,$89140,$0.025465,3500500,https://coinmarketcap.com/currencies/ubiq/
66,Viacoin,VIA,$83621,$0.004282,19527730,https://coinmarketcap.com/currencies/viacoin/
67,Burst,BURST,$81475,$0.000073,1114878762,https://coinmarketcap.com/currencies/burst/
68,WhiteCoin,XWC,$70092,$0.000229,306584146,https://coinmarketcap.com/currencies/whitecoin/
69,SecureCoin,SRC,$55952,$0.024663,2268625,https://coinmarketcap.com/currencies/securecoin/
70,Wild Beast Block,WBB,$54789,$0.050896,1076500,https://coinmarketcap.com/currencies/wild-beast-block/
71,Floz,FLOZ,$41929,$0.012058,3477387,https://coinmarketcap.com/currencies/floz/
72,Expanse,EXP,$41736,$0.037999,1098352,https://coinmarketcap.com/currencies/expanse/
73,OKCash,OK,$39874,$0.000647,61645506,https://coinmarketcap.com/currencies/okcash/
74,Sonic,SSD,$32340,$0.001449,22323669,https://coinmarketcap.com/currencies/sonicscrewdriver/
75,Synergy,SNRG,$31628,$0.034375,920071,https://coinmarketcap.com/currencies/synergy/
76,Capricoin,CPC,$27313,$0.101177,269948,https://coinmarketcap.com/currencies/capricoin/
77,Adzcoin,ADZ,$26659,$0.030144,884400,https://coinmarketcap.com/currencies/adzcoin/
78,Xiaomicoin,MI,$19116,$0.000047,404143902,https://coinmarketcap.com/currencies/xiaomicoin/
79,MetalCoin,METAL,$15212,$0.000198,76925527,https://coinmarketcap.com/currencies/metalcoin/
80,KhanCoin,KNC,$6074,$0.086002,70631,https://coinmarketcap.com/currencies/khancoin/
81,Droidz,DRZ,$6013,$0.001163,5168418,https://coinmarketcap.com/currencies/droidz/
82,Bantam,BNT,$4576,$0.006786,674355,https://coinmarketcap.com/currencies/bantam/
83,CrackCoin,CRACK,$3097,$0.000516,6004132,https://coinmarketcap.com/currencies/crackcoin/
84,IvugeoCoin,IEC,$2610,$0.002348,1111710,https://coinmarketcap.com/currencies/ivugeocoin/
85,TAGRcoin,TAGR,$1995,$0.000052,38669634,https://coinmarketcap.com/currencies/tagrcoin/
86,GridCoin,GRC,$3206756,$0.008629,371606449,https://coinmarketcap.com/currencies/gridcoin/
87,NuShares,NSR,$3176456,$0.003811,833544019,https://coinmarketcap.com/currencies/nushares/
88,HyperSpace,AMP,$2225049,$0.012040,184800000,https://coinmarketcap.com/currencies/synereo/
89,BitcoinDark,BTCD,$1349593,$1.08,1245860,https://coinmarketcap.com/currencies/bitcoindark/
90,SounDAC,XSD,$1310408,$0.000968,1354392410,https://coinmarketcap.com/currencies/bitshares-music/
91,BitCrystals,BCY,$1224827,$0.028352,43200003,https://coinmarketcap.com/currencies/bitcrystals/
92,Omni,OMNI,$1205912,$2.19,550044,https://coinmarketcap.com/currencies/omni/
93,GetGems,GEMZ,$1131149,$0.012834,88135217,https://coinmarketcap.com/currencies/gems/
94,SolarFarm,CELL,$1059346,$0.003645,290646350,https://coinmarketcap.com/currencies/solarfarm/
95,AmberCoin,AMBER,$889859,$0.020659,43074180,https://coinmarketcap.com/currencies/ambercoin/
96,ShadowCash,SDC,$722035,$0.110982,6505884,https://coinmarketcap.com/currencies/shadowcash/
97,I0Coin,I0C,$697337,$0.033372,20896146,https://coinmarketcap.com/currencies/i0coin/
98,SuperNET,UNITY,$688979,$0.844274,816061,https://coinmarketcap.com/currencies/supernet-unity/
99,SolarCoin,SLR,$522662,$0.015274,34219851,https://coinmarketcap.com/currencies/solarcoin/
100,FuelCoin,FC2,$520493,$0.005194,100206032,https://coinmarketcap.com/currencies/fuelcoin/
101,Scotcoin,SCOT,$494362,$0.000494,1000000000,https://coinmarketcap.com/currencies/scotcoin/
102,NautilusCoin,NAUT,$493749,$0.084806,5822099,https://coinmarketcap.com/currencies/nautiluscoin/
103,Gulden,NLG,$421651,$0.001457,289342429,https://coinmarketcap.com/currencies/gulden/
104,ARCHcoin,ARCH,$417243,$0.025325,16475703,https://coinmarketcap.com/currencies/archcoin/
105,InstantDEX,DEX,$377521,$0.377521,1000000,https://coinmarketcap.com/currencies/instantdex/
106,e-Gulden,EFL,$361403,$0.026101,13846329,https://coinmarketcap.com/currencies/e-gulden/
107,Crypti,XCR,$343509,$0.003435,100000000,https://coinmarketcap.com/currencies/crypti/
108,Applecoin,APC,$335825,$0.015069,22286048,https://coinmarketcap.com/currencies/applecoin/
109,AsiaCoin,AC,$333990,$0.000917,364086129,https://coinmarketcap.com/currencies/asiacoin/
110,Rimbit,RBT,$330286,$0.002908,113572026,https://coinmarketcap.com/currencies/rimbit/
111,Blocknet,BLOCK,$312057,$0.079823,3909353,https://coinmarketcap.com/currencies/blocknet/
112,I/O Coin,IOC,$310983,$0.019174,16219281,https://coinmarketcap.com/currencies/iocoin/
113,BilShares,BILS,$292151,$0.000292,1000000000,https://coinmarketcap.com/currencies/bilshares/
114,Digitalcoin,DGC,$288515,$0.009872,29226373,https://coinmarketcap.com/currencies/digitalcoin/
115,Zetacoin,ZET,$286973,$0.001755,163507200,https://coinmarketcap.com/currencies/zetacoin/
116,Flycoin,FLY,$285613,$1.60,178548,https://coinmarketcap.com/currencies/flycoin/
117,NetCoin,NET,$270649,$0.000453,597008895,https://coinmarketcap.com/currencies/netcoin/
118,Auroracoin,AUR,$263377,$0.034743,7580637,https://coinmarketcap.com/currencies/auroracoin/
119,Anoncoin,ANC,$263290,$0.133321,1974859,https://coinmarketcap.com/currencies/anoncoin/
120,FairCoin,FAIR,$247002,$0.004729,52234833,https://coinmarketcap.com/currencies/faircoin/
121,OBITS,OBITS,$245401,$0.067390,3641511,https://coinmarketcap.com/currencies/obits/
122,TEKcoin,TEK,$243600,$0.002650,91919587,https://coinmarketcap.com/currencies/tekcoin/
123,Maxcoin,MAX,$228099,$0.005502,41459435,https://coinmarketcap.com/currencies/maxcoin/
124,Curecoin,CURE,$219569,$0.008320,26392089,https://coinmarketcap.com/currencies/curecoin/
125,CloakCoin,CLOAK,$201995,$0.043902,4601060,https://coinmarketcap.com/currencies/cloakcoin/
126,Bullion,CBX,$201266,$0.207738,968845,https://coinmarketcap.com/currencies/bullion/
127,Virtacoin,VTA,$198103,$0.000017,11595241095,https://coinmarketcap.com/currencies/virtacoin/
128,Riecoin,RIC,$176884,$0.009075,19492180,https://coinmarketcap.com/currencies/riecoin/
129,Devcoin,DVC,$174546,$0.000017,10257360000,https://coinmarketcap.com/currencies/devcoin/
130,SpreadCoin,SPR,$174083,$0.038221,4554688,https://coinmarketcap.com/currencies/spreadcoin/
131,LIQUID,LQD,$166034,$0.485923,341688,https://coinmarketcap.com/currencies/liquid/
132,SkyNET,SKYNET,$165725,$0.185329,894223,https://coinmarketcap.com/currencies/skynet-asset/
133,Horizon,HZ,$155938,$0.000157,995734029,https://coinmarketcap.com/currencies/next-horizon/
134,TileCoin,XTC,$147511,$0.001475,100000000,https://coinmarketcap.com/currencies/tilecoin/
135,BitBay,BAY,$141822,$0.000141,1002770674,https://coinmarketcap.com/currencies/bitbay/
136,ZcCoin,ZCC,$141667,$0.008164,17352849,https://coinmarketcap.com/currencies/zccoin/
137,Aeon,AEON,$137088,$0.013799,9934609,https://coinmarketcap.com/currencies/aeon/
138,AudioCoin,ADC,$129387,$0.000172,752229614,https://coinmarketcap.com/currencies/audiocoin/
139,Qora,QORA,$128964,$0.000013,10000000000,https://coinmarketcap.com/currencies/qora/
140,Xaurum,XAUR,$125760,$123.78,1016,https://coinmarketcap.com/currencies/xaurum/
141,Orbitcoin,ORB,$122492,$0.051702,2369179,https://coinmarketcap.com/currencies/orbitcoin/
142,NavCoin,NAV,$121805,$0.002045,59548399,https://coinmarketcap.com/currencies/nav-coin/
143,jl777hodl,JLH,$120807,$0.012081,10000000,https://coinmarketcap.com/currencies/jl777hodl/
144,Pangea Poker,PANGEA,$117982,$0.118058,999352,https://coinmarketcap.com/currencies/pangea-poker/
145,Dimecoin,DIME,$114798,$3.8e-07,299580260352,https://coinmarketcap.com/currencies/dimecoin/
146,Zeitcoin,ZEIT,$114379,$0.000003,33394068779,https://coinmarketcap.com/currencies/zeitcoin/
147,bitUSD,BITUSD,$113389,$0.992916,114198,https://coinmarketcap.com/currencies/bitusd/
148,HoboNickels,HBN,$110168,$0.006243,17645609,https://coinmarketcap.com/currencies/hobonickels/
149,Verge,XVG,$109968,$0.000012,9339800000,https://coinmarketcap.com/currencies/verge/
150,SmileyCoin,SMLY,$108300,$0.000004,25192970000,https://coinmarketcap.com/currencies/smileycoin/
151,TrustPlus,TRUST,$107313,$0.003344,32086595,https://coinmarketcap.com/currencies/trustplus/
152,NXTventure,NXTV,$107079,$0.107079,1000000,https://coinmarketcap.com/currencies/nxtventure/
153,Swarm,SWARM,$104516,$0.001046,99945431,https://coinmarketcap.com/currencies/swarm/
154,GoldCoin,GLC,$102816,$0.002834,36284653,https://coinmarketcap.com/currencies/goldcoin/
155,XCurrency,XC,$100214,$0.017759,5642932,https://coinmarketcap.com/currencies/xcurrency/
156,CORE,CORE,$96096,$0.219649,437498,https://coinmarketcap.com/currencies/core/
157,Silkcoin,SILK,$93809,$0.002145,43731775,https://coinmarketcap.com/currencies/silkcoin/
158,CannaCoin,CCN,$87952,$0.018875,4659794,https://coinmarketcap.com/currencies/cannacoin/
159,Colossuscoin V2,CV2,$87301,$0.000004,20308322925,https://coinmarketcap.com/currencies/colossuscoin-v2/
160,Tickets,TIX,$83761,$0.000001,66876281414,https://coinmarketcap.com/currencies/tickets/
161,Stealth,XST,$83520,$0.003669,22762622,https://coinmarketcap.com/currencies/stealth/
162,Coinomat,CNMT,$81337,$0.027112,3000000,https://coinmarketcap.com/currencies/coinomat/
163,OrangeCoin,OC,$80370,$0.001347,59658364,https://coinmarketcap.com/currencies/orangecoin/
164,The Viral Exchange,TVE,$77187,$0.157872,488918,https://coinmarketcap.com/currencies/the-viral-exchange/
165,MMNXT,MMNXT,$75470,$0.007547,10000000,https://coinmarketcap.com/currencies/mmnxt/
166,MAZA,MAZA,$74798,$0.000086,865886100,https://coinmarketcap.com/currencies/mazacoin/
167,Energycoin,ENRG,$71445,$0.000602,118711815,https://coinmarketcap.com/currencies/energycoin/
168,BitStone,BST,$68335,$0.151364,451460,https://coinmarketcap.com/currencies/bitstone/
169,FLO,FLO,$67677,$0.000666,101569400,https://coinmarketcap.com/currencies/flo/
170,Cryptofund,FUND,$67260,$0.067260,1000000,https://coinmarketcap.com/currencies/cryptofund/
171,Groestlcoin,GRS,$64961,$0.001053,61679588,https://coinmarketcap.com/currencies/groestlcoin/
172,Bottlecaps,CAP,$62254,$0.001690,36838104,https://coinmarketcap.com/currencies/bottlecaps/
173,Bitstar,BITS,$62056,$0.003297,18820916,https://coinmarketcap.com/currencies/bitstar/
174,Librexcoin,LXC,$61367,$0.006276,9777681,https://coinmarketcap.com/currencies/librexcoin/
175,Canada eCoin,CDN,$61081,$0.000684,89303370,https://coinmarketcap.com/currencies/canada-ecoin/
176,BitShares PTS,PTS,$59840,$0.000060,999999386,https://coinmarketcap.com/currencies/bitshares-pts/
177,Boolberry,BBR,$59723,$0.009801,6093683,https://coinmarketcap.com/currencies/boolberry/
178,VootCoin,VOOT,$59456,$0.000858,69280656,https://coinmarketcap.com/currencies/vootcoin/
179,GeoCoin,GEO,$58554,$0.025109,2331945,https://coinmarketcap.com/currencies/geocoin/
180,Nxttycoin,NXTTY,$58344,$0.000058,1000000000,https://coinmarketcap.com/currencies/nxttycoin/
181,Sync,SYNC,$58182,$49.44,1177,https://coinmarketcap.com/currencies/sync/
182,NobleCoin,NOBL,$56271,$0.000025,2252507440,https://coinmarketcap.com/currencies/noblecoin/
183,Deutsche eMark,DEM,$56146,$0.003170,17711892,https://coinmarketcap.com/currencies/deutsche-emark/
184,PinkCoin,PINK,$54871,$0.000150,364694764,https://coinmarketcap.com/currencies/pinkcoin/
185,Bean Cash,BITB,$53056,$0.000047,1122625000,https://coinmarketcap.com/currencies/bean-cash/
186,Memorycoin,MMC,$51903,$0.005153,10073034,https://coinmarketcap.com/currencies/memorycoin/
187,Qibuck,QBK,$51775,$0.100184,516798,https://coinmarketcap.com/currencies/qibuck/
188,Quatloo,QTL,$50279,$0.009933,5062002,https://coinmarketcap.com/currencies/quatloo/
189,Sexcoin,SXC,$50120,$0.000461,108616576,https://coinmarketcap.com/currencies/sexcoin/
190,Hyper,HYPER,$49953,$0.009371,5330399,https://coinmarketcap.com/currencies/hyper/
191,bitCNY,BITCNY,$48723,$0.104251,467359,https://coinmarketcap.com/currencies/bitcny/
192,Nexus,NXS,$48321,$0.001543,31310567,https://coinmarketcap.com/currencies/nexus/
193,CoinoIndex,INDEX,$47488,$140.33,338,https://coinmarketcap.com/currencies/coinoindex/
194,ArtByte,ABY,$46557,$0.000077,601682450,https://coinmarketcap.com/currencies/artbyte/
195,Dogeparty,XDP,$46414,$0.017331,2678155,https://coinmarketcap.com/currencies/dogeparty/
196,ZiftrCOIN,ZRC,$44801,$0.003507,12773630,https://coinmarketcap.com/currencies/ziftrcoin/
197,Pandacoin,PND,$44641,$0.000001,32514916898,https://coinmarketcap.com/currencies/pandacoin-pnd/
198,Privatebet,Privatebet,$43930,$0.109824,400000,https://coinmarketcap.com/currencies/privatebet/
199,Joincoin,J,$43649,$0.019216,2271518,https://coinmarketcap.com/currencies/joincoin/
200,LiteDoge,LDOGE,$42925,$0.000004,9982940139,https://coinmarketcap.com/currencies/litedoge/
201,Terracoin,TRC,$42352,$0.003114,13601360,https://coinmarketcap.com/currencies/terracoin/
202,Colossuscoin,COL,$41105,$1.3e-07,312889440517,https://coinmarketcap.com/currencies/colossuscoin/
203,MMBTCD,MMBTCD,$40635,$0.101587,400000,https://coinmarketcap.com/currencies/mmbtcd/
204,Bitmark,BTM,$40542,$0.036534,1109700,https://coinmarketcap.com/currencies/bitmark/
205,42-coin,42,$40147,$713.63,56.258146,https://coinmarketcap.com/currencies/42-coin/
206,Myriad,XMY,$39779,$0.000036,1111495000,https://coinmarketcap.com/currencies/myriad/
207,USDe,USDE,$38791,$0.000034,1127966311,https://coinmarketcap.com/currencies/usde/
208,Karmacoin,KARMA,$38560,$5.5e-07,69753184065,https://coinmarketcap.com/currencies/karmacoin/
209,MediterraneanCoin,MED,$37519,$0.000928,40431897,https://coinmarketcap.com/currencies/mediterraneancoin/
210,Buongiorno Caffe,BGCAFFE,$37510,$0.343201,109295,https://coinmarketcap.com/currencies/buongiorno-caffe/
211,TransferCoin,TX,$37092,$0.007055,5257248,https://coinmarketcap.com/currencies/transfercoin/
212,BitBar,BTB,$36432,$1.62,22544,https://coinmarketcap.com/currencies/bitbar/
213,Freicoin,FRC,$35504,$0.000772,45962594,https://coinmarketcap.com/currencies/freicoin/
214,Woodshares,WS,$34365,$0.003366,10208382,https://coinmarketcap.com/currencies/woodshares/
215,Cryptonite,XCN,$33935,$0.000195,174248585,https://coinmarketcap.com/currencies/cryptonite/
216,LTBcoin,LTBC,$33581,$0.000080,418368187,https://coinmarketcap.com/currencies/ltbcoin/
217,Opal,OPAL,$32979,$0.002194,15028788,https://coinmarketcap.com/currencies/opal/
218,Magi,XMG,$32810,$0.009047,3626573,https://coinmarketcap.com/currencies/magi/
219,Truckcoin,TRK,$32802,$0.000692,47394561,https://coinmarketcap.com/currencies/truckcoin/
220,Ratecoin,XRA,$32672,$0.000399,81853376,https://coinmarketcap.com/currencies/ratecoin/
221,Circuits of Value,COVAL,$32059,$0.000080,400000000,https://coinmarketcap.com/currencies/circuits-of-value/
222,RedCoin,RED,$31888,$0.000433,73645518,https://coinmarketcap.com/currencies/redcoin/
223,UltraCoin,UTC,$31851,$0.000987,32255290,https://coinmarketcap.com/currencies/ultracoin/
224,Viral,VIRAL,$31697,$0.005913,5360910,https://coinmarketcap.com/currencies/viral/
225,CryptoBuck,BUK,$31586,$0.017251,1830958,https://coinmarketcap.com/currencies/cryptobuck/
226,Diem,DIEM,$30895,$0.000001,21739971929,https://coinmarketcap.com/currencies/diem/
227,SIBCoin,SIB,$30394,$0.003655,8315399,https://coinmarketcap.com/currencies/sibcoin/
228,GenesysCoin,GSY,$30381,$0.017888,1698352,https://coinmarketcap.com/currencies/genesyscoin/
229,FlutterCoin,FLT,$29236,$0.000103,284727980,https://coinmarketcap.com/currencies/fluttercoin/
230,OpenBTC,OPENBTC,$28908,$412.98,70.0,https://coinmarketcap.com/currencies/openbtc/
231,Blitzcash,BLITZ,$28876,$0.007368,3919034,https://coinmarketcap.com/currencies/blitzcash/
232,Coin2.1,C2,$27936,$0.000279,99976323,https://coinmarketcap.com/currencies/coin2-1/
233,Kobocoin,KOBO,$27149,$0.001118,24290004,https://coinmarketcap.com/currencies/kobocoin/
234,HTML5COIN,HTML5,$26600,$6.5e-07,40659020000,https://coinmarketcap.com/currencies/htmlcoin5/
235,Sprouts,SPRTS,$25115,$0.000096,261838049,https://coinmarketcap.com/currencies/sprouts/
236,Titcoin,TIT,$25095,$0.000631,39739574,https://coinmarketcap.com/currencies/titcoin/
237,LitecoinDark,LTCD,$24868,$0.000315,78894060,https://coinmarketcap.com/currencies/litecoindark/
238,RabbitCoin,RBBT,$24556,$2.4e-07,100715606023,https://coinmarketcap.com/currencies/rabbitcoin/
239,FlappyCoin,FLAP,$24338,$3.5e-07,69864678452,https://coinmarketcap.com/currencies/flappycoin/
240,NXTInspect,NXTI,$24099,$0.035650,675996,https://coinmarketcap.com/currencies/nxtinspect/
241,ClearingHouse,XCH,$24097,$0.000232,103807697,https://coinmarketcap.com/currencies/clearinghouse/
242,LottoCoin,LOT,$23727,$0.000002,14491014421,https://coinmarketcap.com/currencies/lottocoin/
243,Woodcoin,LOG,$23636,$0.002967,7966040,https://coinmarketcap.com/currencies/woodcoin/
244,MGW,MGW,$23475,$0.023475,1000000,https://coinmarketcap.com/currencies/mgw/
245,SecretCoin,SCRT,$23057,$0.005492,4198213,https://coinmarketcap.com/currencies/secretcoin/
246,ApexCoin,APEX,$22855,$0.003726,6133914,https://coinmarketcap.com/currencies/apexcoin/
247,MaryJane,MARYJ,$21790,$0.001416,15384269,https://coinmarketcap.com/currencies/maryjane/
248,Philosopher Stones,PHS,$21648,$0.008911,2429219,https://coinmarketcap.com/currencies/philosopher-stones/
249,Steps,STEPS,$21518,$0.001946,11059837,https://coinmarketcap.com/currencies/steps/
250,BBQCoin,BQC,$21411,$0.000476,44947678,https://coinmarketcap.com/currencies/bbqcoin/
251,Pesetacoin,PTC,$20944,$0.000129,162404217,https://coinmarketcap.com/currencies/pesetacoin/
252,NeoDICE,DICE,$20592,$0.020592,1000000,https://coinmarketcap.com/currencies/neodice/
253,Yacoin,YAC,$20426,$0.000258,79153976,https://coinmarketcap.com/currencies/yacoin/
254,bitBTC,BITBTC,$20335,$426.55,47.672807,https://coinmarketcap.com/currencies/bitbtc/
255,Fibre,FIBRE,$20219,$0.031732,637189,https://coinmarketcap.com/currencies/fibre/
256,Sembro Token,SMBR,$20210,$0.008086,2499361,https://coinmarketcap.com/currencies/sembro-token/
257,DigiCube,CUBE,$19937,$0.086112,231528,https://coinmarketcap.com/currencies/digicube/
258,Uniform Fiscal Object,UFO,$19896,$0.000009,2314151262,https://coinmarketcap.com/currencies/uniform-fiscal-object/
259,Trollcoin,TROLL,$19601,$0.000039,503379380,https://coinmarketcap.com/currencies/trollcoin/
260,BattleCoin,BCX,$19523,$0.000322,60552166,https://coinmarketcap.com/currencies/battlecoin/
261,TeslaCoin,TES,$19251,$0.000292,65857249,https://coinmarketcap.com/currencies/teslacoin/
262,Nyancoin,NYAN,$18956,$0.000074,257174785,https://coinmarketcap.com/currencies/nyancoin/
263,CryptoEscudo,CESC,$18676,$0.000130,144105100,https://coinmarketcap.com/currencies/cryptoescudo/
264,microCoin,MRC,$18511,$0.000001,18399552040,https://coinmarketcap.com/currencies/microcoin/
265,NoirShares,NRS,$18105,$0.007308,2477481,https://coinmarketcap.com/currencies/noirshares/
266,CryptCoin,CRYPT,$17792,$0.002952,6027496,https://coinmarketcap.com/currencies/cryptcoin/
267,Fastcoin,FST,$17542,$0.000138,126764507,https://coinmarketcap.com/currencies/fastcoin/
268,Bitcredits,BCR,$17357,$0.000731,23743779,https://coinmarketcap.com/currencies/bitcredits/
269,Extremecoin,EXC,$17160,$0.004664,3679581,https://coinmarketcap.com/currencies/extremecoin/
270,Dashcoin,DSH,$16915,$0.001403,12058917,https://coinmarketcap.com/currencies/dashcoin/
271,Aricoin,ARI,$16883,$0.000120,140262505,https://coinmarketcap.com/currencies/aricoin/
272,ECC,ECC,$16700,$8.7e-07,19272311596,https://coinmarketcap.com/currencies/eccoin/
273,BitcoinTX,BTX,$15576,$0.000215,72445187,https://coinmarketcap.com/currencies/bitcointx/
274,Sling,SLING,$15544,$0.014797,1050486,https://coinmarketcap.com/currencies/sling/
275,ContinuumCoin,CTM,$15422,$1.7e-07,88538349156,https://coinmarketcap.com/currencies/continuumcoin/
276,DopeCoin,DOPE,$15082,$0.000107,140336458,https://coinmarketcap.com/currencies/dopecoin/
277,Emerald Crypto,EMD,$14960,$0.000907,16493400,https://coinmarketcap.com/currencies/emerald/
278,BlueCoin,BLU,$14805,$0.000026,570211131,https://coinmarketcap.com/currencies/bluecoin/
279,SOILcoin,SOIL,$14461,$0.004283,3376352,https://coinmarketcap.com/currencies/soilcoin/
280,GlobalCoin,GLC,$14433,$0.000224,64567872,https://coinmarketcap.com/currencies/globalcoin/
281,KeyCoin,KEY,$14425,$0.015192,949484,https://coinmarketcap.com/currencies/keycoin/
282,Piggycoin,PIGGY,$14384,$0.000030,477996848,https://coinmarketcap.com/currencies/piggycoin/
283,CommunityCoin,COMM,$14257,$0.000013,1057344896,https://coinmarketcap.com/currencies/communitycoin/
284,Triangles,TRI,$13988,$0.224354,62347,https://coinmarketcap.com/currencies/triangles/
285,Jay,JAY,$13911,$0.014045,990440,https://coinmarketcap.com/currencies/jay/
286,Uro,URO,$13781,$0.012319,1118684,https://coinmarketcap.com/currencies/uro/
287,PopularCoin,POP,$13671,$0.000004,3179659221,https://coinmarketcap.com/currencies/popularcoin/
288,AmsterdamCoin,AMS,$13420,$0.001397,9603707,https://coinmarketcap.com/currencies/amsterdamcoin/
289,IncaKoin,NKA,$13285,$0.000004,3115116572,https://coinmarketcap.com/currencies/incakoin/
290,SmartCoin,SMC,$13138,$0.000636,20649334,https://coinmarketcap.com/currencies/smartcoin/
291,Franko,FRK,$13129,$0.022662,579346,https://coinmarketcap.com/currencies/franko/
292,FoldingCoin,FLDC,$13117,$0.000052,250500000,https://coinmarketcap.com/currencies/foldingcoin/
293,SuperCoin,SUPER,$12954,$0.000366,35415920,https://coinmarketcap.com/currencies/supercoin/
294,LiteBar,LTB,$12916,$0.073080,176737,https://coinmarketcap.com/currencies/litebar/
295,Ringo,RIN,$12809,$0.000125,102421489,https://coinmarketcap.com/currencies/ringo/
296,Helleniccoin,HNC,$12488,$0.002163,5773500,https://coinmarketcap.com/currencies/helleniccoin/
297,Sphere,SPHR,$11911,$0.003870,3077715,https://coinmarketcap.com/currencies/sphere/
298,UnbreakableCoin,UNB,$11747,$0.005159,2277250,https://coinmarketcap.com/currencies/unbreakablecoin/
299,Marscoin,MARS,$11596,$0.000615,18863731,https://coinmarketcap.com/currencies/marscoin/
300,HunterCoin,HUC,$11435,$0.002743,4168170,https://coinmarketcap.com/currencies/huntercoin/
301,Sterlingcoin,SLG,$11211,$0.002889,3881156,https://coinmarketcap.com/currencies/sterlingcoin/
302,ExclusiveCoin,EXCL,$11200,$0.000875,12806827,https://coinmarketcap.com/currencies/exclusivecoin/
303,PLNcoin,PLNC,$11020,$0.000645,17089600,https://coinmarketcap.com/currencies/plncoin/
304,HamRadioCoin,HAM,$10921,$0.002303,4742712,https://coinmarketcap.com/currencies/hamradiocoin/
305,Bata,BTA,$10881,$0.002836,3836189,https://coinmarketcap.com/currencies/bata/
306,Kittehcoin,MEOW,$10826,$4.5e-07,23905669976,https://coinmarketcap.com/currencies/kittehcoin/
307,TittieCoin,TIT,$10749,$0.000009,1250202112,https://coinmarketcap.com/currencies/tittiecoin/
308,Bitcoin Plus,XBC,$10540,$0.133263,79094,https://coinmarketcap.com/currencies/bitcoin-plus/
309,GrandCoin,GDC,$10486,$0.000026,406548474,https://coinmarketcap.com/currencies/grandcoin/
310,PayCon,CON,$10467,$0.000647,16186965,https://coinmarketcap.com/currencies/paycon/
311,CoolCoin,COOL,$10287,$0.000099,104047705,https://coinmarketcap.com/currencies/coolcoin/
312,Murraycoin,MRY,$10248,$0.000344,29798338,https://coinmarketcap.com/currencies/murraycoin/
313,ReturnCoin,RNC,$9675,$0.000039,250000516,https://coinmarketcap.com/currencies/returncoin/
314,Argentum,ARG,$9567,$0.001982,4827748,https://coinmarketcap.com/currencies/argentum/
315,Blakecoin,BLC,$9328,$0.001036,9003782,https://coinmarketcap.com/currencies/blakecoin/
316,Pakcoin,PAK,$9319,$0.000402,23209100,https://coinmarketcap.com/currencies/pakcoin/
317,Influxcoin,INFX,$9224,$0.008425,1094827,https://coinmarketcap.com/currencies/influxcoin/
318,MangoCoinz,MCZ,$9159,$0.006863,1334637,https://coinmarketcap.com/currencies/mangocoinz/
319,G3N,G3N,$8959,$0.002417,3706348,https://coinmarketcap.com/currencies/genstake/
320,Fractalcoin,FRAC,$8939,$0.008907,1003590,https://coinmarketcap.com/currencies/fractalcoin/
321,Fantomcoin,FCN,$8927,$0.002579,3460975,https://coinmarketcap.com/currencies/fantomcoin/
322,Prime-XI,PXI,$8889,$0.001965,4524561,https://coinmarketcap.com/currencies/prime-xi/
323,Manna,MANNA,$8873,$0.000245,36198903,https://coinmarketcap.com/currencies/manna/
324,Einsteinium,EMC2,$8683,$0.000049,176005451,https://coinmarketcap.com/currencies/einsteinium/
325,MonetaryUnit,MUE,$8615,$0.000108,79493840,https://coinmarketcap.com/currencies/monetaryunit/
326,LeafCoin,LEAF,$8547,$5.6e-07,15322977853,https://coinmarketcap.com/currencies/leafcoin/
327,QuazarCoin,QCN,$8536,$0.002579,3309356,https://coinmarketcap.com/currencies/quazarcoin-old/
328,MasterTraderCoin,MTR,$8442,$0.034541,244401,https://coinmarketcap.com/currencies/mastertradercoin/
329,GlobalBoost-Y,BSTY,$8362,$0.001030,8116891,https://coinmarketcap.com/currencies/globalboost-y/
330,NewYorkCoin,NYC,$8305,$1.4e-07,59719935819,https://coinmarketcap.com/currencies/newyorkcoin/
331,BitSend,BSD,$8268,$0.000915,9036950,https://coinmarketcap.com/currencies/bitsend/
332,HempCoin,THC,$7923,$0.000047,167558889,https://coinmarketcap.com/currencies/hempcoin/
333,SPEC,SPEC,$7883,$0.000009,916620000,https://coinmarketcap.com/currencies/spec/
334,Sapience AIFX,XAI,$7850,$0.011469,684468,https://coinmarketcap.com/currencies/sapience-aifx/
335,NeosCoin,NEOS,$7817,$0.000930,8407825,https://coinmarketcap.com/currencies/neoscoin/
336,BunnyCoin,BUN,$7487,$7.6e-08,98776368350,https://coinmarketcap.com/currencies/bunnycoin/
337,GCN Coin,GCN,$7478,$8.4e-08,88621910000,https://coinmarketcap.com/currencies/gcn-coin/
338,DayTraderCoin,DTC,$7419,$0.006599,1124327,https://coinmarketcap.com/currencies/daytradercoin/
339,XxXcoin,XXX,$7415,$0.000202,36699030,https://coinmarketcap.com/currencies/xxxcoin/
340,AsicCoin,ASC,$7310,$0.000014,538053251,https://coinmarketcap.com/currencies/asiccoin/
341,bitGold,BITGOLD,$7208,$1048.27,6.876019,https://coinmarketcap.com/currencies/bitgold/
342,SaffronCoin,SFR,$7186,$0.000353,20386026,https://coinmarketcap.com/currencies/saffroncoin/
343,Axiom,AXIOM,$6967,$0.004228,1647964,https://coinmarketcap.com/currencies/axiom/
344,Lightspeed,LSD,$6899,$0.008984,767911,https://coinmarketcap.com/currencies/lightspeed/
345,Elacoin,ELC,$6786,$0.012896,526193,https://coinmarketcap.com/currencies/elacoin/
346,Crave,CRAVE,$6705,$0.008321,805799,https://coinmarketcap.com/currencies/crave/
347,Heavycoin,HVC,$6452,$0.000073,88290328,https://coinmarketcap.com/currencies/heavycoin/
348,IcebergCoin,ICB,$6058,$0.001337,4531318,https://coinmarketcap.com/currencies/icebergcoin/
349,ParallelCoin,DUO,$5919,$0.026774,221092,https://coinmarketcap.com/currencies/parallelcoin/
350,Electron,ELT,$5858,$0.000430,13627697,https://coinmarketcap.com/currencies/electron/
351,FujiCoin,FJC,$5850,$0.000013,454098406,https://coinmarketcap.com/currencies/fujicoin/
352,X-Coin,XCO,$5726,$0.000486,11784296,https://coinmarketcap.com/currencies/x-coin/
353,Neutron,NTRN,$5648,$0.000489,11540242,https://coinmarketcap.com/currencies/neutron/
354,Crown,CRW,$5634,$0.000855,6586140,https://coinmarketcap.com/currencies/crown/
355,Tigercoin,TGC,$5615,$0.000129,43536792,https://coinmarketcap.com/currencies/tigercoin/
356,PrimeChain,PRIME,$5592,$0.001565,3572724,https://coinmarketcap.com/currencies/primechain/
357,GoldPieces,GP,$5502,$0.004509,1220161,https://coinmarketcap.com/currencies/goldpieces/
358,TurboStake,TRBO,$5460,$0.000172,31743767,https://coinmarketcap.com/currencies/turbostake/
359,020LondonCoin,020,$5151,$3.5e-08,147883030248,https://coinmarketcap.com/currencies/o2olondoncoin/
360,AntiBitcoin,ANTI,$5012,$0.000433,11569519,https://coinmarketcap.com/currencies/antibitcoin/
361,Phoenixcoin,PXC,$4914,$0.000115,42660000,https://coinmarketcap.com/currencies/phoenixcoin/
362,8Bit,8BIT,$4913,$0.015825,310437,https://coinmarketcap.com/currencies/8bit/
363,Luckycoin,LKY,$4902,$0.000254,19326319,https://coinmarketcap.com/currencies/luckycoin/
364,SpainCoin,SPA,$4843,$0.000193,25034211,https://coinmarketcap.com/currencies/spaincoin/
365,Quotient,XQN,$4741,$0.000378,12531614,https://coinmarketcap.com/currencies/quotient/
366,SHACoin,SHA,$4727,$0.000013,365515033,https://coinmarketcap.com/currencies/shacoin/
367,Bitgem,BTG,$4688,$0.137579,34075,https://coinmarketcap.com/currencies/bitgem/
368,Joulecoin,XJO,$4636,$0.000189,24507632,https://coinmarketcap.com/currencies/joulecoin/
369,Bitz,BITZ,$4583,$0.002322,1973562,https://coinmarketcap.com/currencies/bitz/
370,Nakamoto Dark,NKT,$4575,$0.000052,88694771,https://coinmarketcap.com/currencies/nakamotodark/
371,CorgiCoin,CORG,$4571,$5.1e-08,90191202249,https://coinmarketcap.com/currencies/corgicoin/
372,Bitzeny,ZNY,$4552,$0.000060,75614500,https://coinmarketcap.com/currencies/bitzeny/
373,Krugercoin,KGC,$4315,$0.000030,143349362,https://coinmarketcap.com/currencies/krugercoin/
374,Razor,RZR,$4084,$0.002042,1999895,https://coinmarketcap.com/currencies/razor/
375,Viorcoin,VIOR,$3908,$0.000789,4955679,https://coinmarketcap.com/currencies/viorcoin/
376,Libertycoin,XLB,$3904,$0.000236,16512528,https://coinmarketcap.com/currencies/libertycoin/
377,Halcyon,HAL,$3827,$0.001328,2880758,https://coinmarketcap.com/currencies/halcyon/
378,Saturn2Coin,SAT2,$3822,$0.000486,7867810,https://coinmarketcap.com/currencies/saturn2coin/
379,GiveCoin,GIVE,$3796,$0.000017,220740000,https://coinmarketcap.com/currencies/givecoin/
380,DarkCash,DRKC,$3686,$0.000855,4308300,https://coinmarketcap.com/currencies/darkcash/
381,TorCoin,TOR,$3679,$0.002416,1522979,https://coinmarketcap.com/currencies/torcoin/
382,Vcoin,VCN,$3657,$0.000370,9888667,https://coinmarketcap.com/currencies/vcoin/
383,Spots,SPT,$3636,$0.000219,16584317,https://coinmarketcap.com/currencies/spots/
384,CageCoin,CAGE,$3575,$3.6e-08,100033498395,https://coinmarketcap.com/currencies/cagecoin/
385,Bitcoin Scrypt,BTCS,$3575,$0.000279,12792950,https://coinmarketcap.com/currencies/bitcoin-scrypt/
386,Copperlark,CLR,$3528,$0.000271,12996149,https://coinmarketcap.com/currencies/copperlark/
387,MonetaVerde,MCN,$3489,$0.000189,18446258,https://coinmarketcap.com/currencies/monetaverde/
388,Aiden,ADN,$3461,$0.000236,14639403,https://coinmarketcap.com/currencies/aiden/
389,GreenBacks,GB,$3457,$0.000159,21737165,https://coinmarketcap.com/currencies/greenbacks/
390,ChipCoin,CHIP,$3424,$0.000331,10341384,https://coinmarketcap.com/currencies/chipcoin/
391,Cerium,XCE,$3410,$0.001458,2339399,https://coinmarketcap.com/currencies/cerium/
392,CraigsCoin,CRAIG,$3357,$0.000112,30033947,https://coinmarketcap.com/currencies/craigscoin/
393,Lycancoin,LYC,$3325,$0.000013,257833791,https://coinmarketcap.com/currencies/lycancoin/
394,RosCoin,ROS,$3258,$0.000043,75787226,https://coinmarketcap.com/currencies/roscoin/
395,Positron,TRON,$3243,$0.001976,1641096,https://coinmarketcap.com/currencies/positron/
396,Swing,SWING,$3229,$0.005310,608181,https://coinmarketcap.com/currencies/swing/
397,Mincoin,MNC,$3182,$0.001848,1721350,https://coinmarketcap.com/currencies/mincoin/
398,StableCoin,SBC,$3159,$0.000133,23722757,https://coinmarketcap.com/currencies/stablecoin/
399,BREAKcoin,BRE,$3145,$0.003750,838833,https://coinmarketcap.com/currencies/breakcoin/
400,SongCoin,SONG,$3098,$0.000172,18013800,https://coinmarketcap.com/currencies/songcoin/
401,CryptoCircuits,CIRC,$3083,$0.001136,2714460,https://coinmarketcap.com/currencies/cryptocircuits/
402,BetaCoin,BET,$2972,$0.000138,21607302,https://coinmarketcap.com/currencies/betacoin/
403,RonPaulCoin,RPC,$2963,$0.012037,246148,https://coinmarketcap.com/currencies/ronpaulcoin/
404,IslaCoin,ISL,$2871,$0.001896,1513704,https://coinmarketcap.com/currencies/islacoin/
405,Guerillacoin,GUE,$2868,$0.000636,4508409,https://coinmarketcap.com/currencies/guerillacoin/
406,Cypher,CYP,$2858,$0.000449,6365285,https://coinmarketcap.com/currencies/cypher/
407,Catcoin,CAT,$2853,$0.000984,2897900,https://coinmarketcap.com/currencies/catcoin/
408,KlondikeCoin,KDC,$2832,$0.000387,7320629,https://coinmarketcap.com/currencies/klondikecoin/
409,Glyph,GLYPH,$2812,$0.001225,2295268,https://coinmarketcap.com/currencies/glyph/
410,StrongHands,SHND,$2806,$0.000043,65264162,https://coinmarketcap.com/currencies/stronghands/
411,Pura,PURA,$2796,$0.000017,162535390,https://coinmarketcap.com/currencies/pura/
412,FireFlyCoin,FFC,$2790,$0.000030,92727600,https://coinmarketcap.com/currencies/fireflycoin/
413,Judgecoin,JUDGE,$2779,$0.000236,11753005,https://coinmarketcap.com/currencies/judgecoin/
414,Acoin,ACOIN,$2759,$0.002356,1171049,https://coinmarketcap.com/currencies/acoin/
415,LimitedCoin,LTD,$2752,$43.00,63.999997,https://coinmarketcap.com/currencies/limitedcoin/
416,Zedcoin,ZED,$2711,$0.000241,11262360,https://coinmarketcap.com/currencies/zedcoin/
417,Datacoin,DTC,$2687,$0.001568,1713492,https://coinmarketcap.com/currencies/datacoin/
418,Cryptographic Anomaly,CGA,$2609,$0.012346,211282,https://coinmarketcap.com/currencies/cryptographic-anomaly/
419,MapCoin,MAPC,$2528,$0.000841,3003797,https://coinmarketcap.com/currencies/mapcoin/
420,Execoin,EXE,$2460,$0.000138,17881067,https://coinmarketcap.com/currencies/execoin/
421,Doubloons,DBL,$2448,$0.000505,4845824,https://coinmarketcap.com/currencies/doubloons/
422,CacheCoin,CACH,$2384,$0.000967,2465238,https://coinmarketcap.com/currencies/cachecoin/
423,ShieldCoin,SHLD,$2350,$0.002145,1095475,https://coinmarketcap.com/currencies/shield/
424,Greencoin,GRE,$2316,$0.000004,541313025,https://coinmarketcap.com/currencies/greencoin/
425,Guncoin,GUN,$2306,$0.000035,66699828,https://coinmarketcap.com/currencies/guncoin/
426,PetroDollar,XPD,$2186,$0.000034,63397866,https://coinmarketcap.com/currencies/petrodollar/
427,Checkcoin,CKC,$2126,$0.000112,19023025,https://coinmarketcap.com/currencies/checkcoin/
428,Cashcoin,CASH,$2055,$0.000451,4551861,https://coinmarketcap.com/currencies/cashcoin/
429,DarkShibe,DSB,$2044,$0.001625,1257908,https://coinmarketcap.com/currencies/darkshibe/
430,Bela,BELA,$1920,$0.000314,6118900,https://coinmarketcap.com/currencies/belacoin/
431,Conspiracycoin,CYC,$1761,$0.000138,12801722,https://coinmarketcap.com/currencies/conspiracycoin/
432,Unitus,UIS,$1736,$0.000163,10625832,https://coinmarketcap.com/currencies/unitus/
433,Aliencoin,ALN,$1701,$0.000069,24726090,https://coinmarketcap.com/currencies/aliencoin/
434,BeaverCoin,BVC,$1697,$0.000606,2799696,https://coinmarketcap.com/currencies/beavercoin/
435,Gapcoin,GAP,$1666,$0.000774,2152468,https://coinmarketcap.com/currencies/gapcoin/
436,Lyrabar,LYB,$1620,$0.001673,968269,https://coinmarketcap.com/currencies/lyrabar/
437,BatCoin,BAT,$1580,$2.4e-07,6481010000,https://coinmarketcap.com/currencies/batcoin/
438,Money,$$$,$1579,$0.000034,45887218,https://coinmarketcap.com/currencies/money/
439,Benjamins,BEN,$1565,$0.000645,2427600,https://coinmarketcap.com/currencies/benjamins/
440,Universal Currency,UNIT,$1467,$0.000133,11005321,https://coinmarketcap.com/currencies/universal-currency/
441,SydPak,SDP,$1466,$0.009469,154792,https://coinmarketcap.com/currencies/sydpak/
442,Dobbscoin,BOB,$1427,$0.000348,4097680,https://coinmarketcap.com/currencies/dobbscoin/
443,Granite,GRN,$1398,$0.000052,27097800,https://coinmarketcap.com/currencies/granitecoin/
444,SoonCoin,SOON,$1393,$0.000112,12462620,https://coinmarketcap.com/currencies/sooncoin/
445,Junkcoin,JKC,$1320,$0.000095,13961400,https://coinmarketcap.com/currencies/junkcoin/
446,ConcealCoin,CNL,$1293,$0.000129,10026047,https://coinmarketcap.com/currencies/concealcoin/
447,UtilityCoin,UTIL,$1287,$0.000344,3741361,https://coinmarketcap.com/currencies/utilitycoin/
448,UCoin,U,$1273,$0.000474,2683984,https://coinmarketcap.com/currencies/ucoin/
449,Paycoin,PYC,$1187,$0.000636,1866105,https://coinmarketcap.com/currencies/paycoin/
450,TopCoin,TOP,$1187,$0.000039,30672988,https://coinmarketcap.com/currencies/topcoin/
451,Bloodcoin,BOD,$1184,$0.000004,275319713,https://coinmarketcap.com/currencies/bloodcoin/
452,Umbrella-LTC,ULTC,$1176,$0.001732,678880,https://coinmarketcap.com/currencies/umbrella-ltc/
453,ShadeCoin,SHADE,$1173,$0.000692,1694985,https://coinmarketcap.com/currencies/shadecoin/
454,Hirocoin,HIRO,$1152,$0.000013,89328800,https://coinmarketcap.com/currencies/hirocoin/
455,Axron,AXR,$1129,$0.001049,1075900,https://coinmarketcap.com/currencies/axron/
456,OpenSourcecoin,OSC,$1121,$0.000236,4740162,https://coinmarketcap.com/currencies/opensourcecoin/
457,Dibbits,DIBS,$1070,$0.002128,502939,https://coinmarketcap.com/currencies/dibbits/
458,BitCrystal,BTCRY,$1053,$0.000004,244830116,https://coinmarketcap.com/currencies/bitcrystal/
459,BitQuark,BTQ,$1024,$0.000224,4581578,https://coinmarketcap.com/currencies/bitquark/
460,CAIx,CAIx,$1022,$0.000632,1618027,https://coinmarketcap.com/currencies/caix/
461,FreedomCoin,FRDC,$1016,$0.002538,400285,https://coinmarketcap.com/currencies/freedomcoin/
462,Heisenberg,HEX,$1000,$8e-08,12473553843,https://coinmarketcap.com/currencies/heisenberg/
463,XCash,XCASH,$982,$0.000400,2457532,https://coinmarketcap.com/currencies/xcash/
464,007Coin,007,$936,$0.001247,750203,https://coinmarketcap.com/currencies/007coin/
465,GamerholicCoin,GHC,$922,$0.001182,780330,https://coinmarketcap.com/currencies/gamerholiccoin/
466,Photon,PHO,$916,$1e-07,8762016619,https://coinmarketcap.com/currencies/photon/
467,AnarchistsPrime,ACP,$905,$0.000406,2227766,https://coinmarketcap.com/currencies/anarchistsprime/
468,Solecoin,SOLE,$886,$0.000692,1279983,https://coinmarketcap.com/currencies/solecoin/
469,Alexium,AUM,$873,$0.000043,20297336,https://coinmarketcap.com/currencies/alexium/
470,Coinaid,CAID,$866,$0.000009,100643070,https://coinmarketcap.com/currencies/coinaid/
471,Metal Music Coin,MTLMC3,$854,$0.000013,66236341,https://coinmarketcap.com/currencies/metal-music-coin/
472,Guarany,GUA,$843,$0.003099,272107,https://coinmarketcap.com/currencies/guarany/
473,Elektron,EKN,$839,$0.000318,2635107,https://coinmarketcap.com/currencies/elektron/
474,RipoffCoin,RIPO,$821,$0.000095,8678475,https://coinmarketcap.com/currencies/ripoffcoin/
475,Dirac,XDQ,$779,$0.001724,451885,https://coinmarketcap.com/currencies/dirac/
476,ARbit,ARB,$775,$0.000286,2709390,https://coinmarketcap.com/currencies/arbit/
477,Munne,MNE,$770,$0.000159,4840558,https://coinmarketcap.com/currencies/munne/
478,bitEUR,BITEUR,$764,$1.08,709,https://coinmarketcap.com/currencies/biteur/
479,TakCoin,TAK,$731,$0.000004,169950240,https://coinmarketcap.com/currencies/takcoin/
480,Noirbits,NRB,$716,$0.000318,2251240,https://coinmarketcap.com/currencies/noirbits/
481,CRTCoin,CRT,$682,$0.008598,79270,https://coinmarketcap.com/currencies/crtcoin/
482,BitStake,XBS,$657,$0.000503,1305326,https://coinmarketcap.com/currencies/bitstake/
483,UniCoin,UNIC,$611,$0.000245,2492985,https://coinmarketcap.com/currencies/unicoin/
484,Nimbus,NMB,$607,$0.000043,14119948,https://coinmarketcap.com/currencies/nimbus/
485,BowsCoin,BSC,$596,$0.000116,5136800,https://coinmarketcap.com/currencies/bowscoin/
486,Digital Credits,DGCS,$572,$0.000434,1317560,https://coinmarketcap.com/currencies/digital-credits/
487,Phalanx,PXL,$551,$0.000305,1804501,https://coinmarketcap.com/currencies/phalanx/
488,VegasCoin,VGC,$507,$0.000017,29487180,https://coinmarketcap.com/currencies/vegascoin/
489,CryptBit,CBIT,$477,$0.000273,1742730,https://coinmarketcap.com/currencies/cryptbit/
490,Vidio,VDO,$456,$0.000021,21200446,https://coinmarketcap.com/currencies/vidio/
491,Neocoin,NEC,$449,$0.000073,6150310,https://coinmarketcap.com/currencies/neocoin/
492,Save and Gain,SANDG,$448,$0.000146,3064800,https://coinmarketcap.com/currencies/save-and-gain/
493,GuccioneCoin,GCC,$407,$0.000037,10976264,https://coinmarketcap.com/currencies/guccionecoin/
494,Full Integrity Coin,FIC,$383,$0.000001,353222050,https://coinmarketcap.com/currencies/full-integrity-coin/
495,Eurocoin,EUC,$374,$0.000116,3220632,https://coinmarketcap.com/currencies/eurocoin/
496,HeelCoin,HEEL,$337,$0.000065,5231494,https://coinmarketcap.com/currencies/heelcoin/
497,Elite,1337,$241,$0.000013,18645996,https://coinmarketcap.com/currencies/1337coin/
498,Evotion,EVO,$219,$0.000280,784243,https://coinmarketcap.com/currencies/evotion/
499,ChainCoin,CHC,$209,$0.000022,9701424,https://coinmarketcap.com/currencies/chaincoin/
500,DigitalPrice,DP,$188,$0.000052,3633880,https://coinmarketcap.com/currencies/digitalprice/
501,SpaceCoin,SPACE,$174,$0.000090,1927643,https://coinmarketcap.com/currencies/spacecoin/
502,Quedos,QDOS,$171,$0.000004,39792900,https://coinmarketcap.com/currencies/quedos/
503,Crypto,CTO,$156,$0.000047,3337209,https://coinmarketcap.com/currencies/crypto/
504,HazMatCoin,HZT,$118,$0.000112,1051090,https://coinmarketcap.com/currencies/hazmatcoin/
505,Hundredcoin,HUN,$115,$0.000005,21872700,https://coinmarketcap.com/currencies/hundredcoin/
506,Fantom,FNX,$75,$0.000056,1344660,https://coinmarketcap.com/currencies/fantom-old/
507,Donationcoin,DON,$59,$0.000013,4607050,https://coinmarketcap.com/currencies/donationcoin/
508,OsmiumCoin,OS76,$46,$0.000650,70425,https://coinmarketcap.com/currencies/osmiumcoin/
509,Californium,CF,$12,$0.000108,111110,https://coinmarketcap.com/currencies/californium/
510,23 Skidoo,CHAO,?,$1505.04,?,https://coinmarketcap.com/currencies/23-skidoo/
511,Forevercoin,XFC,?,$14.80,?,https://coinmarketcap.com/currencies/forevercoin/
512,GBCGoldCoin,GBC,?,$3.30,?,https://coinmarketcap.com/currencies/gbcgoldcoin/
513,Banx,BANX,?,$2.32,?,https://coinmarketcap.com/currencies/banx/
514,Augur,REP,?,$2.06,?,https://coinmarketcap.com/currencies/augur/
515,ClubCoin,CLUB,?,$0.185765,?,https://coinmarketcap.com/currencies/clubcoin/
516,LEOcoin,LEO,?,$0.163351,?,https://coinmarketcap.com/currencies/leocoin/
517,TRMB,TRMB,?,$0.153764,?,https://coinmarketcap.com/currencies/trmb/
518,Agoras Tokens,AGRS,?,$0.130412,?,https://coinmarketcap.com/currencies/agoras-tokens/
519,Sharkcoin,SAK,?,$0.128977,?,https://coinmarketcap.com/currencies/sharkcoin/
520,UNCoin,UNC,?,$0.094121,?,https://coinmarketcap.com/currencies/uncoin/
521,KolschCoin,TP1,?,$0.090315,?,https://coinmarketcap.com/currencies/kolschcoin/
522,Faucetcoin,DROP,?,$0.034272,?,https://coinmarketcap.com/currencies/faucetcoin/
523,ShellPay,SHELL,?,$0.028754,?,https://coinmarketcap.com/currencies/shellpay/
524,FutCoin,FUTC,?,$0.019355,?,https://coinmarketcap.com/currencies/futcoin/
525,DigiEuro,DEUR,?,$0.006540,?,https://coinmarketcap.com/currencies/digieuro/
526,Nocturna,NOC,?,$0.004272,?,https://coinmarketcap.com/currencies/nocturna/
527,BitSeeds,XSEED,?,$0.002812,?,https://coinmarketcap.com/currencies/bitseeds/
528,SmartChips,CHIPS,?,$0.002580,?,https://coinmarketcap.com/currencies/smartchips/
529,Shift,SHIFT,?,$0.002020,?,https://coinmarketcap.com/currencies/shift/
530,Coinworkscoin,LAB,?,$0.001720,?,https://coinmarketcap.com/currencies/coinworkscoin/
531,Advanced Internet Blocks,AIB,?,$0.001475,?,https://coinmarketcap.com/currencies/advanced-internet-blocks/
532,Bytecoin,BTE,?,$0.001376,?,https://coinmarketcap.com/currencies/bytecoin-bte/
533,CraftCoin,CRC,?,$0.000671,?,https://coinmarketcap.com/currencies/craftcoin/
534,PLAY,PLS,?,$0.000620,?,https://coinmarketcap.com/currencies/play/
535,Bitcoin Fast,BCF,?,$0.000537,?,https://coinmarketcap.com/currencies/bitcoinfast/
536,Local Family Owned,LFO,?,$0.000499,?,https://coinmarketcap.com/currencies/local-family-owned/
537,IrishCoin,IRL,?,$0.000489,?,https://coinmarketcap.com/currencies/irishcoin/
538,CHNCoin,CNC,?,$0.000387,?,https://coinmarketcap.com/currencies/chncoin/
539,DarkToken,DT,?,$0.000353,?,https://coinmarketcap.com/currencies/darktoken/
540,FriendshipCoin 2,FSC2,?,$0.000327,?,https://coinmarketcap.com/currencies/friendshipcoin2/
541,Nibble,NBL,?,$0.000310,?,https://coinmarketcap.com/currencies/nibble/
542,Aegis,AGS,?,$0.000275,?,https://coinmarketcap.com/currencies/aegis/
543,Bolivarcoin,BOLI,?,$0.000215,?,https://coinmarketcap.com/currencies/bolivarcoin/
544,Cthulhu Offerings,OFF,?,$0.000195,?,https://coinmarketcap.com/currencies/cthulhu-offerings/
545,Flaxscript,FLAX,?,$0.000185,?,https://coinmarketcap.com/currencies/flaxscript/
546,PlanetCoin,PLANET,?,$0.000140,?,https://coinmarketcap.com/currencies/planetcoin/
547,SSVCoin,SSV,?,$0.000120,?,https://coinmarketcap.com/currencies/ssvcoin/
548,AlphaCoin,ALF,?,$0.000112,?,https://coinmarketcap.com/currencies/alphacoin/
549,DarkCypher,DCYP,?,$0.000108,?,https://coinmarketcap.com/currencies/darkcypher/
550,EZCoin,EZC,?,$0.000101,?,https://coinmarketcap.com/currencies/ezcoin/
551,RubleBit,RUBIT,?,$0.000099,?,https://coinmarketcap.com/currencies/rublebit/
552,AmericanCoin,AMC,?,$0.000073,?,https://coinmarketcap.com/currencies/americancoin/
553,Skeincoin,SKC,?,$0.000073,?,https://coinmarketcap.com/currencies/skeincoin/
554,Dotcoin,DOT,?,$0.000060,?,https://coinmarketcap.com/currencies/dotcoin/
555,NanoToken,NAN,?,$0.000060,?,https://coinmarketcap.com/currencies/nanotoken/
556,Dubstep,DUB,?,$0.000043,?,https://coinmarketcap.com/currencies/dubstep/
557,ElephantCoin,ELP,?,$0.000035,?,https://coinmarketcap.com/currencies/elephantcoin/
558,StarCoin,STR,?,$0.000026,?,https://coinmarketcap.com/currencies/starcoin/
559,Memecoin,MEM,?,$0.000021,?,https://coinmarketcap.com/currencies/memecoin/
560,X2,X2,?,$0.000017,?,https://coinmarketcap.com/currencies/x2/
561,Coin(O),CNO,?,$0.000017,?,https://coinmarketcap.com/currencies/coin/
562,Trinity,TTY,?,$0.000013,?,https://coinmarketcap.com/currencies/trinity/
563,QuitDough,QUIT,?,$0.000009,?,https://coinmarketcap.com/currencies/quitdough/
564,Moneta,MONETA,?,$0.000009,?,https://coinmarketcap.com/currencies/moneta2/
565,Cashme,CME,?,$0.000009,?,https://coinmarketcap.com/currencies/cashme/
566,GameCoin,GME,?,$0.000007,?,https://coinmarketcap.com/currencies/gamecoin/
567,iBits,IBITS,?,$0.000004,?,https://coinmarketcap.com/currencies/ibits/
568,Biebercoin,BRC,?,$0.000003,?,https://coinmarketcap.com/currencies/biebercoin/
569,XenCoin,XNC,?,$0.000002,?,https://coinmarketcap.com/currencies/xencoin/
570,The Cypherfunks,FUNK,?,$5.9e-07,?,https://coinmarketcap.com/currencies/the-cypherfunks/
571,PACcoin,$PAC,?,$6.1e-09,?,https://coinmarketcap.com/currencies/paccoin/
572,Pennies,CENT,?,$2e-09,?,https://coinmarketcap.com/currencies/pennies/
