1,Bitcoin,BTC,$61082049549,$3682.84,16585562,https://coinmarketcap.com/currencies/bitcoin/
2,Ethereum,ETH,$26780648760,$282.48,94804328,https://coinmarketcap.com/currencies/ethereum/
3,Bitcoin Cash,BCH,$6994246279,$421.03,16612238,https://coinmarketcap.com/currencies/bitcoin-cash/
4,XRP,XRP,$6740350718,$0.175787,38343841883,https://coinmarketcap.com/currencies/ripple/
5,Litecoin,LTC,$2527744023,$47.62,53083507,https://coinmarketcap.com/currencies/litecoin/
6,Dash,DASH,$2514577588,$331.85,7577532,https://coinmarketcap.com/currencies/dash/
7,NEM,XEM,$1945387020,$0.216154,8999999999,https://coinmarketcap.com/currencies/nem/
8,IOTA,MIOTA,$1449189531,$0.521379,2779530283,https://coinmarketcap.com/currencies/iota/
9,Monero,XMR,$1354029616,$89.50,15128949,https://coinmarketcap.com/currencies/monero/
10,Ethereum Classic,ETC,$1000440154,$10.44,95834617,https://coinmarketcap.com/currencies/ethereum-classic/
11,NEO,NEO,$989351368,$19.79,50000000,https://coinmarketcap.com/currencies/neo/
12,OmiseGO,OMG,$851296231,$8.66,98312024,https://coinmarketcap.com/currencies/omisego/
13,BitConnect,BCC,$745907906,$110.11,6773956,https://coinmarketcap.com/currencies/bitconnect/
14,Lisk,LSK,$648344630,$5.75,112679385,https://coinmarketcap.com/currencies/lisk/
15,Qtum,QTUM,$474497232,$8.04,59000000,https://coinmarketcap.com/currencies/qtum/
16,Zcash,ZEC,$463917367,$205.63,2256131,https://coinmarketcap.com/currencies/zcash/
17,Tether,USDT,$443779468,$1.00,442481237,https://coinmarketcap.com/currencies/tether/
18,Waves,WAVES,$396756268,$3.97,100000000,https://coinmarketcap.com/currencies/waves/
19,Stratis,STRAT,$391591842,$3.97,98556217,https://coinmarketcap.com/currencies/stratis/
20,Ark,ARK,$295827607,$3.03,97772000,https://coinmarketcap.com/currencies/ark/
21,Steem,STEEM,$260679444,$1.07,242607830,https://coinmarketcap.com/currencies/steem/
22,Kyber Network,KNC,$254817978,$1.85,137995600,https://coinmarketcap.com/currencies/kyber-network/
23,Bytecoin,BCN,$223330991,$0.001219,183253534612,https://coinmarketcap.com/currencies/bytecoin-bcn/
24,TenX,PAY,$215594308,$2.06,104661310,https://coinmarketcap.com/currencies/tenx/
25,MaidSafeCoin,MAID,$215255940,$0.475649,452552412,https://coinmarketcap.com/currencies/maidsafecoin/
26,Golem,GNT,$206456257,$0.247837,833032000,https://coinmarketcap.com/currencies/golem-network-tokens/
27,EOS,EOS,$199881757,$0.546274,365900299,https://coinmarketcap.com/currencies/eos/
28,Basic Attention Token,BAT,$198249191,$0.198249,1000000000,https://coinmarketcap.com/currencies/basic-attention-token/
29,Decred,DCR,$196349845,$33.72,5822195,https://coinmarketcap.com/currencies/decred/
30,Augur,REP,$196196404,$17.84,11000000,https://coinmarketcap.com/currencies/augur/
31,Stellar,XLM,$191799560,$0.011563,16587221471,https://coinmarketcap.com/currencies/stellar/
32,BitShares,BTS,$180789572,$0.069554,2599260000,https://coinmarketcap.com/currencies/bitshares/
33,Komodo,KMD,$180166444,$1.78,100945510,https://coinmarketcap.com/currencies/komodo/
34,HyperCash,HC,$173412540,$5.16,33600000,https://coinmarketcap.com/currencies/hypercash/
35,Veritaseum,VERI,$157583167,$78.36,2011134,https://coinmarketcap.com/currencies/veritaseum/
36,PIVX,PIVX,$153704837,$2.83,54355641,https://coinmarketcap.com/currencies/pivx/
37,Metal,MTL,$149489095,$7.75,19300994,https://coinmarketcap.com/currencies/metal/
38,Iconomi,ICN,$146712228,$1.47,99900350,https://coinmarketcap.com/currencies/iconomi/
39,Factom,FCT,$144564949,$16.53,8745102,https://coinmarketcap.com/currencies/factom/
40,Siacoin,SC,$142493878,$0.004814,29601341222,https://coinmarketcap.com/currencies/siacoin/
41,DigixDAO,DGD,$136711319,$68.36,2000000,https://coinmarketcap.com/currencies/digixdao/
42,Gas,GAS,$128709562,$15.24,8448255,https://coinmarketcap.com/currencies/gas/
43,Obyte,GBYTE,$124814041,$213.76,583896,https://coinmarketcap.com/currencies/obyte/
44,MCAP,MCAP,$120146769,$3.14,38295641,https://coinmarketcap.com/currencies/mcap/
45,DigiByte,DGB,$118067561,$0.013505,8742253657,https://coinmarketcap.com/currencies/digibyte/
46,Civic,CVC,$117024264,$0.344088,340100000,https://coinmarketcap.com/currencies/civic/
47,Ardor,ARDR,$115566072,$0.115682,998999495,https://coinmarketcap.com/currencies/ardor/
48,Nexus,NXS,$107236992,$2.04,52640735,https://coinmarketcap.com/currencies/nexus/
49,BitcoinDark,BTCD,$106562634,$82.68,1288862,https://coinmarketcap.com/currencies/bitcoindark/
50,Bytom,BTM,$106157346,$0.107556,987000000,https://coinmarketcap.com/currencies/bytom/
51,GameCredits,GAME,$103224405,$1.61,64276908,https://coinmarketcap.com/currencies/gamecredits/
52,Populous,PPT,$101380207,$2.46,41252246,https://coinmarketcap.com/currencies/populous/
53,SingularDTV,SNGLS,$100606602,$0.167678,600000000,https://coinmarketcap.com/currencies/singulardtv/
54,Gnosis,GNO,$100366537,$90.86,1104590,https://coinmarketcap.com/currencies/gnosis-gno/
55,Dogecoin,DOGE,$99150868,$0.000892,111214090643,https://coinmarketcap.com/currencies/dogecoin/
56,Lykke,LKK,$88932357,$0.331671,268134619,https://coinmarketcap.com/currencies/lykke/
57,0x,ZRX,$88689864,$0.177380,500000000,https://coinmarketcap.com/currencies/0x/
58,Blocknet,BLOCK,$86249964,$20.40,4227450,https://coinmarketcap.com/currencies/blocknet/
59,GXChain,GXC,$82939276,$2.05,40510000,https://coinmarketcap.com/currencies/gxchain/
60,Binance Coin,BNB,$78326845,$0.783268,100000000,https://coinmarketcap.com/currencies/binance-coin/
61,Verge,XVG,$77394687,$0.005772,13409472280,https://coinmarketcap.com/currencies/verge/
62,Crypto.com,MCO,$76699300,$7.81,9814875,https://coinmarketcap.com/currencies/crypto-com/
63,Status,SNT,$75964105,$0.021889,3470483788,https://coinmarketcap.com/currencies/status/
64,FunFair,FUN,$75734265,$0.019725,3839463249,https://coinmarketcap.com/currencies/funfair/
65,Syscoin,SYS,$73564802,$0.139399,527727856,https://coinmarketcap.com/currencies/syscoin/
66,Edgeless,EDG,$73551797,$0.896467,82046288,https://coinmarketcap.com/currencies/edgeless/
67,Aeternity,AE,$72631200,$0.311695,233020472,https://coinmarketcap.com/currencies/aeternity/
68,Dentacoin,DCN,$63368773,$0.000209,303095254787,https://coinmarketcap.com/currencies/dentacoin/
69,Bancor,BNT,$63052314,$2.11,29931066,https://coinmarketcap.com/currencies/bancor/
70,Bitdeal,BDL,$60305432,$0.503063,119876595,https://coinmarketcap.com/currencies/bitdeal/
71,Chainlink,LINK,$59597284,$0.170278,350000000,https://coinmarketcap.com/currencies/chainlink/
72,Nxt,NXT,$59546287,$0.059606,998999942,https://coinmarketcap.com/currencies/nxt/
73,I/O Coin,IOC,$58695736,$3.59,16368222,https://coinmarketcap.com/currencies/iocoin/
74,Ubiq,UBQ,$57908487,$1.52,38040190,https://coinmarketcap.com/currencies/ubiq/
75,Aragon,ANT,$57863653,$1.76,32941128,https://coinmarketcap.com/currencies/aragon/
76,Particl,PART,$54848190,$7.11,7714947,https://coinmarketcap.com/currencies/particl/
77,Ethos,ETHOS,$54436241,$0.763632,71285927,https://coinmarketcap.com/currencies/ethos/
78,Wings,WINGS,$50675455,$0.564891,89708333,https://coinmarketcap.com/currencies/wings/
79,Rise,RISE,$49058240,$0.433610,113139200,https://coinmarketcap.com/currencies/rise/
80,Storj,STORJ,$47653575,$0.484563,98343473,https://coinmarketcap.com/currencies/storj/
81,NavCoin,NAV,$47043333,$0.761072,61811907,https://coinmarketcap.com/currencies/nav-coin/
82,Waltonchain,WTC,$45040193,$1.81,24898178,https://coinmarketcap.com/currencies/waltonchain/
83,MobileGo,MGO,$44838664,$0.457403,98028887,https://coinmarketcap.com/currencies/mobilego/
84,Cofound.it,CFI,$41288043,$0.127040,325000000,https://coinmarketcap.com/currencies/cofound-it/
85,Loopring,LRC,$41196754,$0.059060,697538027,https://coinmarketcap.com/currencies/loopring/
86,iExec RLC,RLC,$39997849,$0.505849,79070793,https://coinmarketcap.com/currencies/rlc/
87,Vertcoin,VTC,$39458947,$0.992858,39742800,https://coinmarketcap.com/currencies/vertcoin/
88,Pillar,PLR,$39320914,$0.070216,560000000,https://coinmarketcap.com/currencies/pillar/
89,XEL,XEL,$38830307,$0.448116,86652367,https://coinmarketcap.com/currencies/xel/
90,Gulden,NLG,$38578265,$0.109203,353269945,https://coinmarketcap.com/currencies/gulden/
91,Tierion,TNT,$37816407,$0.089503,422513667,https://coinmarketcap.com/currencies/tierion/
92,FairCoin,FAIR,$37421555,$0.703494,53193831,https://coinmarketcap.com/currencies/faircoin/
93,NoLimitCoin,NLC2,$36206678,$0.177745,203700549,https://coinmarketcap.com/currencies/nolimitcoin/
94,Aidos Kuneen,ADK,$35246396,$3.46,10200000,https://coinmarketcap.com/currencies/aidos-kuneen/
95,CloakCoin,CLOAK,$35223810,$6.90,5101212,https://coinmarketcap.com/currencies/cloakcoin/
96,Triggers,TRIG,$35113064,$1.09,32105578,https://coinmarketcap.com/currencies/triggers/
97,Melon,MLN,$35059097,$58.49,599400,https://coinmarketcap.com/currencies/melon/
98,Zcoin,XZC,$34185924,$11.15,3065114,https://coinmarketcap.com/currencies/zcoin/
99,ReddCoin,RDD,$33666078,$0.001176,28621316118,https://coinmarketcap.com/currencies/reddcoin/
100,AdEx,ADX,$33032171,$0.620278,53253776,https://coinmarketcap.com/currencies/adx-net/
101,TokenCard,TKN,$31890306,$1.35,23644056,https://coinmarketcap.com/currencies/tokencard/
102,Metaverse ETP,ETP,$31442781,$1.39,22600000,https://coinmarketcap.com/currencies/metaverse/
103,Peercoin,PPC,$30286336,$1.24,24352774,https://coinmarketcap.com/currencies/peercoin/
104,Quantum Resistant Ledger,QRL,$30043919,$0.577768,52000000,https://coinmarketcap.com/currencies/quantum-resistant-ledger/
105,WeTrust,TRST,$29742902,$0.322775,92147500,https://coinmarketcap.com/currencies/trust/
106,Nexium,NXC,$27440148,$0.412500,66521586,https://coinmarketcap.com/currencies/nexium/
107,Rialto,XRL,$27303093,$0.321213,85000000,https://coinmarketcap.com/currencies/rialto/
108,Patientory,PTOY,$27092653,$0.387038,70000000,https://coinmarketcap.com/currencies/patientory/
109,TaaS,TAAS,$26360980,$3.24,8146001,https://coinmarketcap.com/currencies/taas/
110,Counterparty,XCP,$26013481,$9.94,2617783,https://coinmarketcap.com/currencies/counterparty/
111,Etheroll,DICE,$25682346,$3.67,7001623,https://coinmarketcap.com/currencies/etheroll/
112,DECENT,DCT,$25399790,$0.495064,51306089,https://coinmarketcap.com/currencies/decent/
113,FirstBlood,1ST,$25160926,$0.294079,85558371,https://coinmarketcap.com/currencies/firstblood/
114,Monetha,MTH,$25043596,$0.115534,216763374,https://coinmarketcap.com/currencies/monetha/
115,MonaCoin,MONA,$24500637,$0.452316,54167100,https://coinmarketcap.com/currencies/monacoin/
116,SONM,SNM,$24465151,$0.073833,331360000,https://coinmarketcap.com/currencies/sonm/
117,Viacoin,VIA,$24412087,$1.07,22834442,https://coinmarketcap.com/currencies/viacoin/
118,Agrello,DLT,$24003694,$0.279181,85978873,https://coinmarketcap.com/currencies/agrello-delta/
119,Emercoin,EMC,$23984279,$0.588074,40784452,https://coinmarketcap.com/currencies/emercoin/
120,OKCash,OK,$23495111,$0.323399,72650649,https://coinmarketcap.com/currencies/okcash/
121,LEOcoin,LEO,$23192194,$0.255813,90660712,https://coinmarketcap.com/currencies/leocoin/
122,Blackmoon,BMC,$22779545,$0.758074,30049251,https://coinmarketcap.com/currencies/blackmoon/
123,Xaurum,XAUR,$22590892,$0.177728,127109714,https://coinmarketcap.com/currencies/xaurum/
124,Crown,CRW,$22491051,$1.46,15363189,https://coinmarketcap.com/currencies/crown/
125,Mothership,MSP,$22441756,$0.160298,140000000,https://coinmarketcap.com/currencies/mothership/
126,The ChampCoin,TCC,$22129315,$0.134177,164925727,https://coinmarketcap.com/currencies/the-champcoin/
127,Safe Exchange Coin,SAFEX,$21399500,$0.009965,2147483647,https://coinmarketcap.com/currencies/safe-exchange-coin/
128,adToken,ADT,$21064516,$0.035108,600000000,https://coinmarketcap.com/currencies/adtoken/
129,Clams,CLAM,$21029376,$7.99,2631549,https://coinmarketcap.com/currencies/clams/
130,ION,ION,$20782455,$1.26,16448664,https://coinmarketcap.com/currencies/ion/
131,district0x,DNT,$20501820,$0.034170,600000000,https://coinmarketcap.com/currencies/district0x/
132,BitBay,BAY,$20451165,$0.020294,1007744719,https://coinmarketcap.com/currencies/bitbay/
133,Namecoin,NMC,$20405111,$1.38,14736400,https://coinmarketcap.com/currencies/namecoin/
134,Diamond,DMD,$19918846,$8.17,2437978,https://coinmarketcap.com/currencies/diamond/
135,Humaniq,HMQ,$19755262,$0.121303,162858880,https://coinmarketcap.com/currencies/humaniq/
136,Numeraire,NMR,$19414106,$15.53,1249875,https://coinmarketcap.com/currencies/numeraire/
137,Asch,XAS,$19268100,$0.256908,75000000,https://coinmarketcap.com/currencies/asch/
138,Unobtanium,UNO,$18846888,$95.27,197818,https://coinmarketcap.com/currencies/unobtanium/
139,Santiment Network Token,SAN,$18749769,$0.332854,56330269,https://coinmarketcap.com/currencies/santiment/
140,Polybius,PLBT,$17912676,$4.70,3807454,https://coinmarketcap.com/currencies/polybius/
141,Skycoin,SKY,$17901635,$3.05,5874530,https://coinmarketcap.com/currencies/skycoin/
142,Lunyr,LUN,$17643313,$7.68,2297853,https://coinmarketcap.com/currencies/lunyr/
143,Blox,CDT,$17334481,$0.031339,553129914,https://coinmarketcap.com/currencies/blox/
144,Round,ROUND,$17225275,$0.020265,850000000,https://coinmarketcap.com/currencies/round/
145,MonetaryUnit,MUE,$17175758,$0.132487,129641420,https://coinmarketcap.com/currencies/monetaryunit/
146,SIBCoin,SIB,$17161449,$1.11,15497775,https://coinmarketcap.com/currencies/sibcoin/
147,vSlice,VSL,$16871371,$0.505275,33390496,https://coinmarketcap.com/currencies/vslice/
148,Expanse,EXP,$16846356,$2.13,7906397,https://coinmarketcap.com/currencies/expanse/
149,Mysterium,MYST,$16820716,$0.865752,19429024,https://coinmarketcap.com/currencies/mysterium/
150,SpreadCoin,SPR,$15195060,$1.73,8807561,https://coinmarketcap.com/currencies/spreadcoin/
151,Stox,STX,$15166729,$0.512389,29600000,https://coinmarketcap.com/currencies/stox/
152,Horizen,ZEN,$15111408,$6.98,2163639,https://coinmarketcap.com/currencies/zencash/
153,Credo,CREDO,$15032653,$0.027337,549891703,https://coinmarketcap.com/currencies/credo/
154,Omni,OMNI,$14806833,$26.45,559800,https://coinmarketcap.com/currencies/omni/
155,PotCoin,POT,$14749307,$0.067641,218052365,https://coinmarketcap.com/currencies/potcoin/
156,Agoras Tokens,AGRS,$14570349,$0.346913,42000000,https://coinmarketcap.com/currencies/agoras-tokens/
157,DigitalNote,XDN,$14465347,$0.002101,6885695758,https://coinmarketcap.com/currencies/digitalnote/
158,Compcoin,CMP,$14458764,$3.39,4266322,https://coinmarketcap.com/currencies/compcoin/
159,Po.et,POE,$14302514,$0.006695,2136283004,https://coinmarketcap.com/currencies/poet/
160,Burst,BURST,$14057411,$0.007808,1800339818,https://coinmarketcap.com/currencies/burst/
161,Shift,SHIFT,$14020980,$1.25,11222426,https://coinmarketcap.com/currencies/shift/
162,Radium,RADS,$13971314,$4.17,3352644,https://coinmarketcap.com/currencies/radium/
163,LBRY Credits,LBC,$13827096,$0.201783,68524524,https://coinmarketcap.com/currencies/library-credit/
164,Mooncoin,MOON,$13738805,$0.000062,222294614409,https://coinmarketcap.com/currencies/mooncoin/
165,Quantum,QAU,$13713013,$0.170298,80523807,https://coinmarketcap.com/currencies/quantum/
166,Rubycoin,RBY,$13675213,$0.551425,24799786,https://coinmarketcap.com/currencies/rubycoin/
167,Einsteinium,EMC2,$13381070,$0.062497,214107284,https://coinmarketcap.com/currencies/einsteinium/
168,SaluS,SLS,$13151260,$13.10,1004205,https://coinmarketcap.com/currencies/salus/
169,BlackCoin,BLK,$13133788,$0.171929,76390594,https://coinmarketcap.com/currencies/blackcoin/
170,Energycoin,ENRG,$12810499,$0.105655,121248708,https://coinmarketcap.com/currencies/energycoin/
171,Aeon,AEON,$12675377,$0.865146,14651140,https://coinmarketcap.com/currencies/aeon/
172,Gambit,GAM,$12670733,$10.62,1193649,https://coinmarketcap.com/currencies/gambit/
173,Neblio,NEBL,$12563593,$1.01,12404746,https://coinmarketcap.com/currencies/neblio/
174,XCurrency,XC,$12473786,$2.13,5850172,https://coinmarketcap.com/currencies/xcurrency/
175,Matchpool,GUP,$12314438,$0.164193,75000000,https://coinmarketcap.com/currencies/guppy/
176,ATC Coin,ATCC,$12231175,$1.16,10525960,https://coinmarketcap.com/currencies/atc-coin/
177,Swarm City,SWT,$12127533,$1.59,7646320,https://coinmarketcap.com/currencies/swarm-city/
178,E-coin,ECN,$12017618,$2.98,4030589,https://coinmarketcap.com/currencies/e-coin/
179,Chronobank,TIME,$12013311,$16.92,710113,https://coinmarketcap.com/currencies/chronobank/
180,Golos,GOLOS,$11966929,$0.096105,124518891,https://coinmarketcap.com/currencies/golos/
181,Wagerr,WGR,$11962331,$0.065368,183000000,https://coinmarketcap.com/currencies/wagerr/
182,GridCoin,GRC,$11948399,$0.030612,390312753,https://coinmarketcap.com/currencies/gridcoin/
183,MarteXcoin,MXT,$11865455,$4.31,2752385,https://coinmarketcap.com/currencies/martexcoin/
184,Databits,DTB,$11652043,$0.512227,22747809,https://coinmarketcap.com/currencies/databits/
185,LoMoCoin,LMC,$11570870,$0.053564,216020102,https://coinmarketcap.com/currencies/lomocoin/
186,HyperSpace,AMP,$11548226,$0.140393,82256324,https://coinmarketcap.com/currencies/synereo/
187,Moeda Loyalty Points,MDA,$11300803,$2.26,5000000,https://coinmarketcap.com/currencies/moeda-loyalty-points/
188,IXT,IXT,$11059717,$0.309113,35778844,https://coinmarketcap.com/currencies/ixledger/
189,InvestFeed,IFT,$10920142,$0.057060,191381257,https://coinmarketcap.com/currencies/investfeed/
190,Kore,KORE,$10745441,$5.44,1975520,https://coinmarketcap.com/currencies/korecoin/
191,Groestlcoin,GRS,$10736175,$0.156839,68453363,https://coinmarketcap.com/currencies/groestlcoin/
192,Primas,PST,$10696903,$0.208924,51200000,https://coinmarketcap.com/currencies/primas/
193,Waves Community Token,WCT,$10447755,$1.05,9994840,https://coinmarketcap.com/currencies/waves-community-token/
194,SmartCash,SMART,$10222309,$0.019844,515121219,https://coinmarketcap.com/currencies/smartcash/
195,E-Dinar Coin,EDR,$9894646,$0.011165,886211988,https://coinmarketcap.com/currencies/e-dinar-coin/
196,BCAP,BCAP,$9871261,$0.987126,10000000,https://coinmarketcap.com/currencies/bcap/
197,Aventus,AVT,$9764356,$1.63,6000000,https://coinmarketcap.com/currencies/aventus/
198,VeriCoin,VRC,$9720070,$0.319923,30382552,https://coinmarketcap.com/currencies/vericoin/
199,Soarcoin,SOAR,$9718153,$0.012756,761846626,https://coinmarketcap.com/currencies/soarcoin/
200,FLO,FLO,$9711826,$0.070515,137726232,https://coinmarketcap.com/currencies/flo/
201,OAX,OAX,$9456682,$0.378127,25009250,https://coinmarketcap.com/currencies/oax/
202,Peerplays,PPY,$9380440,$2.48,3775609,https://coinmarketcap.com/currencies/peerplays-ppy/
203,NeosCoin,NEOS,$9334207,$2.67,3498881,https://coinmarketcap.com/currencies/neoscoin/
204,RevolutionVR,RVR,$9332630,$0.044441,210000000,https://coinmarketcap.com/currencies/revolutionvr/
205,Nimiq Exchange Token,NET,$9133577,$0.869865,10500000,https://coinmarketcap.com/currencies/nimiq-exchange-token/
206,Nano,NANO,$8752766,$0.075093,116558296,https://coinmarketcap.com/currencies/nano/
207,Propy,PRO,$8655162,$0.615710,14057212,https://coinmarketcap.com/currencies/propy/
208,Ecobit,ECOB,$8641581,$0.019444,444444444,https://coinmarketcap.com/currencies/ecobit/
209,Novacoin,NVC,$8202757,$4.43,1849665,https://coinmarketcap.com/currencies/novacoin/
210,BitCrystals,BCY,$8199105,$0.352799,23240139,https://coinmarketcap.com/currencies/bitcrystals/
211,OBITS,OBITS,$8163507,$0.514986,15851900,https://coinmarketcap.com/currencies/obits/
212,PRIZM,PZM,$8023951,$0.911569,8802354,https://coinmarketcap.com/currencies/prizm/
213,bitCNY,BITCNY,$7942844,$0.160869,49374500,https://coinmarketcap.com/currencies/bitcny/
214,Hiveterminal Token,HVN,$7913685,$0.021103,375000000,https://coinmarketcap.com/currencies/hiveterminal-token/
215,Spectrecoin,XSPEC,$7894897,$0.386126,20446404,https://coinmarketcap.com/currencies/spectrecoin/
216,Incent,INCNT,$7479729,$0.162544,46016625,https://coinmarketcap.com/currencies/incent/
217,ToaCoin,TOA,$7431174,$0.004357,1705533244,https://coinmarketcap.com/currencies/toacoin/
218,Internet of People,IOP,$7248731,$3.99,1816107,https://coinmarketcap.com/currencies/internet-of-people/
219,PinkCoin,PINK,$7214085,$0.019981,361040600,https://coinmarketcap.com/currencies/pinkcoin/
220,Pluton,PLU,$7168419,$8.43,850000,https://coinmarketcap.com/currencies/pluton/
221,Musicoin,MUSIC,$7153040,$0.020489,349120272,https://coinmarketcap.com/currencies/musicoin/
222,SolarCoin,SLR,$7049288,$0.192490,36621588,https://coinmarketcap.com/currencies/solarcoin/
223,Feathercoin,FTC,$7005678,$0.039729,176338440,https://coinmarketcap.com/currencies/feathercoin/
224,Sprouts,SPRTS,$6960952,$0.000012,600402620913,https://coinmarketcap.com/currencies/sprouts/
225,Sphere,SPHR,$6944406,$2.25,3082940,https://coinmarketcap.com/currencies/sphere/
226,DAO.Casino,BET,$6811829,$0.061958,109942758,https://coinmarketcap.com/currencies/dao-casino/
227,Creditbit,CRB,$6746927,$0.567979,11878842,https://coinmarketcap.com/currencies/creditbit/
228,Vcash,XVC,$6581657,$0.431458,15254447,https://coinmarketcap.com/currencies/vcash/
229,Unity Ingot,UNY,$6484615,$0.032102,202000000,https://coinmarketcap.com/currencies/unity-ingot/
230,ECC,ECC,$6433166,$0.000257,25000000000,https://coinmarketcap.com/currencies/eccoin/
231,BitSend,BSD,$6385191,$0.385306,16571750,https://coinmarketcap.com/currencies/bitsend/
232,Project Decorum,PDC,$6328397,$0.126568,50000000,https://coinmarketcap.com/currencies/project-decorum/
233,BlockCAT,CAT,$6213050,$0.844150,7360121,https://coinmarketcap.com/currencies/blockcat/
234,Sequence,SEQ,$6126630,$0.136126,45007126,https://coinmarketcap.com/currencies/sequence/
235,WhiteCoin,XWC,$6125950,$0.024667,248350045,https://coinmarketcap.com/currencies/whitecoin/
236,DNotes,NOTE,$6035475,$0.047375,127397297,https://coinmarketcap.com/currencies/dnotes/
237,Bitcoin Plus,XBC,$5862761,$58.08,100943,https://coinmarketcap.com/currencies/bitcoin-plus/
238,Stealth,XST,$5849977,$0.216773,26986683,https://coinmarketcap.com/currencies/stealth/
239,APX,APX,$5799224,$7.46,777394,https://coinmarketcap.com/currencies/apx/
240,MyBit,MYB,$5763285,$2.30,2507616,https://coinmarketcap.com/currencies/mybit/
241,Bean Cash,BITB,$5727732,$0.002680,2137158000,https://coinmarketcap.com/currencies/bean-cash/
242,XTRABYTES,XBY,$5700197,$0.013412,425000000,https://coinmarketcap.com/currencies/xtrabytes/
243,ArtByte,ABY,$5620347,$0.007092,792537250,https://coinmarketcap.com/currencies/artbyte/
244,Bela,BELA,$5543866,$0.147042,37702475,https://coinmarketcap.com/currencies/belacoin/
245,Qwark,QWARK,$5521858,$0.155131,35594761,https://coinmarketcap.com/currencies/qwark/
246,Dent,DENT,$5347673,$0.000504,10614760960,https://coinmarketcap.com/currencies/dent/
247,Pepe Cash,PEPECASH,$5343837,$0.007614,701884009,https://coinmarketcap.com/currencies/pepe-cash/
248,Blitzcash,BLITZ,$5274490,$1.29,4089869,https://coinmarketcap.com/currencies/blitzcash/
249,Jinn,JINN,$5213737,$88.82,58703,https://coinmarketcap.com/currencies/jinn/
250,ExclusiveCoin,EXCL,$5204127,$1.22,4251744,https://coinmarketcap.com/currencies/exclusivecoin/
251,HEAT,HEAT,$5141548,$0.177330,28994304,https://coinmarketcap.com/currencies/heat-ledger/
252,Auroracoin,AUR,$5008740,$0.578501,8658139,https://coinmarketcap.com/currencies/auroracoin/
253,EuropeCoin,ERC,$4943404,$0.498295,9920644,https://coinmarketcap.com/currencies/europecoin/
254,Pascal Coin,PASC,$4933519,$0.362463,13611100,https://coinmarketcap.com/currencies/pascal-coin/
255,Condensate,RAIN,$4915256,$0.079057,62173747,https://coinmarketcap.com/currencies/condensate/
256,Bitcore,BTX,$4910601,$5.22,940444,https://coinmarketcap.com/currencies/bitcore/
257,Curecoin,CURE,$4863559,$0.204597,23771379,https://coinmarketcap.com/currencies/curecoin/
258,Circuits of Value,COVAL,$4778923,$0.004779,1000000000,https://coinmarketcap.com/currencies/circuits-of-value/
259,NVO,NVST,$4765960,$0.317731,15000000,https://coinmarketcap.com/currencies/nvo/
260,GoldCoin,GLC,$4704912,$0.116123,40516560,https://coinmarketcap.com/currencies/goldcoin/
261,Darcrus,DAR,$4686696,$0.344009,13623762,https://coinmarketcap.com/currencies/darcrus/
262,Synergy,SNRG,$4629207,$1.51,3062583,https://coinmarketcap.com/currencies/synergy/
263,FoldingCoin,FLDC,$4623811,$0.008813,524682737,https://coinmarketcap.com/currencies/foldingcoin/
264,EmberCoin,EMB,$4607890,$0.000110,41790503010,https://coinmarketcap.com/currencies/embercoin/
265,Syndicate,SYNX,$4542483,$0.297037,15292670,https://coinmarketcap.com/currencies/syndicate/
266,DubaiCoin,DBIX,$4342473,$3.63,1196771,https://coinmarketcap.com/currencies/dubaicoin-dbix/
267,EquiTrader,EQT,$4308983,$0.459634,9374809,https://coinmarketcap.com/currencies/equitrader/
268,Bitswift,BITS,$4254511,$1.05,4066140,https://coinmarketcap.com/currencies/bitswift/
269,NEVERDIE,NDC,$4228334,$0.103120,41004100,https://coinmarketcap.com/currencies/neverdie/
270,Pesetacoin,PTC,$4161069,$0.031819,130773464,https://coinmarketcap.com/currencies/pesetacoin/
271,DaxxCoin,DAXX,$4038266,$0.008278,487813900,https://coinmarketcap.com/currencies/daxxcoin/
272,Signatum,SIGT,$4015614,$0.037191,107972766,https://coinmarketcap.com/currencies/signatum/
273,CVCoin,CVN,$3994160,$0.489621,8157653,https://coinmarketcap.com/currencies/cvcoin/
274,Global Currency Reserve,GCR,$3975703,$0.038526,103196576,https://coinmarketcap.com/currencies/global-currency-reserve/
275,EncryptoTel [WAVES],ETT,$3942878,$0.063461,62131190,https://coinmarketcap.com/currencies/encryptotel/
276,Neutron,NTRN,$3934037,$0.126848,31013738,https://coinmarketcap.com/currencies/neutron/
277,PutinCoin,PUT,$3902449,$0.019448,200656464,https://coinmarketcap.com/currencies/putincoin/
278,PoSW Coin,POSW,$3901935,$0.088479,44100000,https://coinmarketcap.com/currencies/posw-coin/
279,HTML5COIN,HTML5,$3886067,$0.000096,40659020000,https://coinmarketcap.com/currencies/htmlcoin5/
280,Dimecoin,DIME,$3864089,$0.000007,534489870160,https://coinmarketcap.com/currencies/dimecoin/
281,Hush,HUSH,$3801383,$1.70,2242500,https://coinmarketcap.com/currencies/hush/
282,OracleChain,OCT,$3711865,$0.123729,30000000,https://coinmarketcap.com/currencies/oraclechain/
283,DopeCoin,DOPE,$3705074,$0.033353,111085648,https://coinmarketcap.com/currencies/dopecoin/
284,ZrCoin,ZRC,$3623629,$0.977500,3707038,https://coinmarketcap.com/currencies/zrcoin/
285,Dynamic,DYN,$3607999,$2.00,1806741,https://coinmarketcap.com/currencies/dynamic/
286,TrueFlip,TFL,$3574209,$0.572124,6247267,https://coinmarketcap.com/currencies/trueflip/
287,NuShares,NSR,$3573753,$0.001287,2777600756,https://coinmarketcap.com/currencies/nushares/
288,SunContract,SNC,$3489740,$0.033327,104712011,https://coinmarketcap.com/currencies/suncontract/
289,Steem Dollars,SBD,$3405917,$0.973920,3497123,https://coinmarketcap.com/currencies/steem-dollars/
290,Myriad,XMY,$3398420,$0.002243,1515450000,https://coinmarketcap.com/currencies/myriad/
291,Colossuscoin V2,CV2,$3293895,$0.000146,22606871906,https://coinmarketcap.com/currencies/colossuscoin-v2/
292,Bata,BTA,$3282935,$0.659727,4976205,https://coinmarketcap.com/currencies/bata/
293,Happycoin,HPC,$3282250,$0.270404,12138300,https://coinmarketcap.com/currencies/happycoin/
294,GeoCoin,GEO,$3261283,$1.01,3223607,https://coinmarketcap.com/currencies/geocoin/
295,Oceanlab,OCL,$3249809,$0.069888,46500000,https://coinmarketcap.com/currencies/oceanlab/
296,B3Coin,KB3,$3237163,$0.260409,12431072,https://coinmarketcap.com/currencies/b3coin/
297,bitUSD,BITUSD,$3226966,$1.01,3186030,https://coinmarketcap.com/currencies/bitusd/
298,ZClassic,ZCL,$3217006,$1.78,1809800,https://coinmarketcap.com/currencies/zclassic/
299,Crave,CRAVE,$3101169,$2.25,1378596,https://coinmarketcap.com/currencies/crave/
300,Primalbase Token,PBT,$3096842,$3096.84,1000,https://coinmarketcap.com/currencies/primalbase/
301,Startcoin,START,$3075837,$0.068231,45079785,https://coinmarketcap.com/currencies/startcoin/
302,Breakout Stake,BRX,$3036126,$0.484379,6268082,https://coinmarketcap.com/currencies/breakout-stake/
303,Terracoin,TRC,$2892950,$0.135605,21333580,https://coinmarketcap.com/currencies/terracoin/
304,Embers,MBRS,$2864376,$0.057288,50000000,https://coinmarketcap.com/currencies/embers/
305,HempCoin,THC,$2846247,$0.012535,227055230,https://coinmarketcap.com/currencies/hempcoin/
306,ChainCoin,CHC,$2825319,$0.181112,15599878,https://coinmarketcap.com/currencies/chaincoin/
307,TransferCoin,TX,$2815088,$0.459100,6131748,https://coinmarketcap.com/currencies/transfercoin/
308,Visio,VISIO,$2801979,$0.055203,50757337,https://coinmarketcap.com/currencies/visio/
309,2GIVE,2GIVE,$2772013,$0.005367,516480557,https://coinmarketcap.com/currencies/2give/
310,VeriumReserve,VRM,$2643675,$2.05,1289854,https://coinmarketcap.com/currencies/veriumreserve/
311,Breakout,BRK,$2601879,$0.143417,18142083,https://coinmarketcap.com/currencies/breakout/
312,Wild Beast Block,WBB,$2601678,$1.08,2418031,https://coinmarketcap.com/currencies/wild-beast-block/
313,Bitmark,BTM,$2582634,$0.378355,6825960,https://coinmarketcap.com/currencies/bitmark/
314,Atmos,ATMOS,$2575459,$0.025698,100220746,https://coinmarketcap.com/currencies/atmos/
315,Tokes,TKS,$2567371,$2.67,960309,https://coinmarketcap.com/currencies/tokes/
316,Primecoin,XPM,$2561130,$0.123647,20713219,https://coinmarketcap.com/currencies/primecoin/
317,EverGreenCoin,EGC,$2520506,$0.189209,13321301,https://coinmarketcap.com/currencies/evergreencoin/
318,Tao,XTO,$2495467,$0.081810,30503273,https://coinmarketcap.com/currencies/tao/
319,Stakecoin,STCN,$2483900,$0.827967,3000000,https://coinmarketcap.com/currencies/stakecoin-stcn/
320,DeepOnion,ONION,$2479812,$0.733810,3379367,https://coinmarketcap.com/currencies/deeponion/
321,Opus,OPT,$2445259,$0.017456,140080549,https://coinmarketcap.com/currencies/opus/
322,Centurion,CNT,$2423467,$0.091219,26567684,https://coinmarketcap.com/currencies/centurion/
323,Bitland,CADASTRAL,$2368582,$0.078953,30000000,https://coinmarketcap.com/currencies/bitland/
324,CasinoCoin,CSC,$2325100,$0.060234,38601187,https://coinmarketcap.com/currencies/casinocoin/
325,Espers,ESP,$2275258,$0.000110,20601871687,https://coinmarketcap.com/currencies/espers/
326,vTorrent,VTR,$2244481,$0.207516,10815966,https://coinmarketcap.com/currencies/vtorrent/
327,BlueCoin,BLU,$2237824,$0.003894,574683675,https://coinmarketcap.com/currencies/bluecoin/
328,Memetic / PepeCoin,MEME,$2205013,$0.133972,16458796,https://coinmarketcap.com/currencies/memetic/
329,TrustPlus,TRUST,$2190394,$0.068265,32086595,https://coinmarketcap.com/currencies/trustplus/
330,CannabisCoin,CANN,$2166277,$0.028049,77231176,https://coinmarketcap.com/currencies/cannabiscoin/
331,ICO OpenLedger,ICOO,$2120112,$4.55,465755,https://coinmarketcap.com/currencies/ico-openledger/
332,Starta,STA,$2097529,$0.415219,5051619,https://coinmarketcap.com/currencies/starta/
333,MintCoin,MINT,$2095201,$0.000084,24880974988,https://coinmarketcap.com/currencies/mintcoin/
334,CREA,CREA,$2074179,$0.166391,12465688,https://coinmarketcap.com/currencies/crea/
335,Monoeci,XMCC,$2042089,$0.947592,2155029,https://coinmarketcap.com/currencies/monacocoin/
336,Giga Watt Token,WTT,$2033944,$2.26,900000,https://coinmarketcap.com/currencies/giga-watt-token/
337,Linda,LINDA,$2027891,$0.000338,6003429666,https://coinmarketcap.com/currencies/linda/
338,NautilusCoin,NAUT,$2012777,$0.124399,16180000,https://coinmarketcap.com/currencies/nautiluscoin/
339,Adelphoi,ADL,$2003560,$0.085359,23472224,https://coinmarketcap.com/currencies/adelphoi/
340,More Coin,MORE,$1978374,$0.989187,2000000,https://coinmarketcap.com/currencies/more-coin/
341,Adzcoin,ADZ,$1828112,$0.040322,45338305,https://coinmarketcap.com/currencies/adzcoin/
342,imbrex,REX,$1823774,$0.210579,8660756,https://coinmarketcap.com/currencies/imbrex/
343,VOISE,VSM,$1823755,$2.21,825574,https://coinmarketcap.com/currencies/voise/
344,Zennies,ZENI,$1802820,$0.001801,1000812836,https://coinmarketcap.com/currencies/zennies/
345,HunterCoin,HUC,$1777822,$0.091939,19336950,https://coinmarketcap.com/currencies/huntercoin/
346,YbCoin,YBC,$1777629,$0.588516,3020525,https://coinmarketcap.com/currencies/ybcoin/
347,CryptoPing,PING,$1751873,$0.176031,9952089,https://coinmarketcap.com/currencies/cryptoping/
348,ParkByte,PKB,$1750058,$0.367349,4764026,https://coinmarketcap.com/currencies/parkbyte/
349,Link Platform,LNK,$1744680,$36.73,47503,https://coinmarketcap.com/currencies/link-platform/
350,Magi,XMG,$1744640,$0.235247,7416188,https://coinmarketcap.com/currencies/magi/
351,SkinCoin,SKIN,$1684760,$0.019105,88183483,https://coinmarketcap.com/currencies/skincoin/
352,Riecoin,RIC,$1662460,$0.044370,37467725,https://coinmarketcap.com/currencies/riecoin/
353,Adshares,ADS,$1638300,$0.132186,12393883,https://coinmarketcap.com/currencies/adshares/
354,Minereum,MNE,$1543948,$1.43,1082194,https://coinmarketcap.com/currencies/minereum/
355,e-Gulden,EFL,$1535892,$0.099261,15473319,https://coinmarketcap.com/currencies/e-gulden/
356,FundYourselfNow,FYN,$1478386,$1.74,850000,https://coinmarketcap.com/currencies/fundyourselfnow/
357,SmileyCoin,SMLY,$1478256,$0.000057,25960250000,https://coinmarketcap.com/currencies/smileycoin/
358,HyperStake,HYP,$1469059,$0.001465,1002763726,https://coinmarketcap.com/currencies/hyperstake/
359,Bullion,CBX,$1392971,$1.39,1001759,https://coinmarketcap.com/currencies/bullion/
360,Mercury,MER,$1350348,$0.013503,100000000,https://coinmarketcap.com/currencies/mercury/
361,LuckChain,BASH,$1326270,$0.001873,708241791,https://coinmarketcap.com/currencies/luckchain/
362,Advanced Technology Coin,ARC,$1319801,$0.054112,24390218,https://coinmarketcap.com/currencies/arcticcoin/
363,CryptoCarbon,CCRB,$1310916,$0.368016,3562111,https://coinmarketcap.com/currencies/cryptocarbon/
364,Quark,QRK,$1309363,$0.005203,251667712,https://coinmarketcap.com/currencies/quark/
365,FuckToken,FUCK,$1298040,$0.025257,51393282,https://coinmarketcap.com/currencies/fucktoken/
366,InPay,INPAY,$1280384,$0.128038,10000000,https://coinmarketcap.com/currencies/inpay/
367,VIVO,VIVO,$1265173,$4.23,299264,https://coinmarketcap.com/currencies/vivo/
368,PIECoin,PIE,$1257030,$0.016641,75538292,https://coinmarketcap.com/currencies/piecoin/
369,I0Coin,I0C,$1225148,$0.058390,20981977,https://coinmarketcap.com/currencies/i0coin/
370,808Coin,808,$1170843,$0.001286,910624824,https://coinmarketcap.com/currencies/808coin/
371,Capricoin,CPC,$1164994,$0.585411,1990045,https://coinmarketcap.com/currencies/capricoin/
372,Elite,1337,$1154995,$0.000050,23271965570,https://coinmarketcap.com/currencies/1337coin/
373,Growers International,GRWI,$1149471,$1.12,1024576,https://coinmarketcap.com/currencies/growers-international/
374,Zoin,ZOI,$1106382,$0.080241,13788200,https://coinmarketcap.com/currencies/zoin/
375,VPNCoin,VASH,$1092862,$0.002730,400339746,https://coinmarketcap.com/currencies/vpncoin/
376,DT Token,DRACO,$1032508,$0.011616,88888888,https://coinmarketcap.com/currencies/dt-token/
377,IncaKoin,NKA,$1016605,$0.000103,9884588205,https://coinmarketcap.com/currencies/incakoin/
378,FinCoin,FNC,$1014093,$0.078742,12878667,https://coinmarketcap.com/currencies/fincoin/
379,Influxcoin,INFX,$1009527,$0.603285,1673383,https://coinmarketcap.com/currencies/influxcoin/
380,eBoost,EBST,$997322,$0.170828,5838159,https://coinmarketcap.com/currencies/eboostcoin/
381,Fujinto,NTO,$991906,$0.015074,65802448,https://coinmarketcap.com/currencies/fujinto/
382,Sexcoin,SXC,$968817,$0.007772,124657595,https://coinmarketcap.com/currencies/sexcoin/
383,Renos,RNS,$968699,$0.029041,33356077,https://coinmarketcap.com/currencies/renos/
384,Billionaire Token,XBL,$962578,$0.290338,3315372,https://coinmarketcap.com/currencies/billionaire-token/
385,Bytecent,BYC,$959926,$0.536673,1788660,https://coinmarketcap.com/currencies/bytecent/
386,NuBits,USNBT,$957858,$0.996810,960923,https://coinmarketcap.com/currencies/nubits/
387,Onix,ONX,$953994,$0.067273,14181030,https://coinmarketcap.com/currencies/onix/
388,Janus,JNS,$942525,$0.043484,21675398,https://coinmarketcap.com/currencies/janus/
389,FedoraCoin,TIPS,$938625,$0.000002,443168182458,https://coinmarketcap.com/currencies/fedoracoin/
390,DigitalPrice,DP,$923325,$0.056635,16303124,https://coinmarketcap.com/currencies/digitalprice/
391,StarCredits,STRC,$923067,$0.205126,4500000,https://coinmarketcap.com/currencies/starcredits/
392,InsaneCoin,INSN,$887581,$0.054295,16347390,https://coinmarketcap.com/currencies/insanecoin-insn/
393,Dotcoin,DOT,$854075,$0.003386,252238000,https://coinmarketcap.com/currencies/dotcoin/
394,Miners' Reward Token,MRT,$839377,$0.083938,10000000,https://coinmarketcap.com/currencies/miners-reward-token/
395,LiteDoge,LDOGE,$829557,$0.000056,14849887004,https://coinmarketcap.com/currencies/litedoge/
396,XPA,XPA,$809147,$0.014151,57177751,https://coinmarketcap.com/currencies/xpa/
397,HitCoin,HTC,$808470,$0.000074,10996318099,https://coinmarketcap.com/currencies/hitcoin/
398,DigitalDevelopersFund,DDF,$798190,$0.155948,5118307,https://coinmarketcap.com/currencies/digital-developers-fund/
399,WorldCoin,WDC,$794018,$0.006885,115320705,https://coinmarketcap.com/currencies/worldcoin/
400,Unify,UNIFY,$784469,$0.044279,17716670,https://coinmarketcap.com/currencies/unify/
401,Netko,NETKO,$769609,$0.198491,3877290,https://coinmarketcap.com/currencies/netko/
402,iTicoin,ITI,$759694,$23.74,32000,https://coinmarketcap.com/currencies/iticoin/
403,Woodcoin,LOG,$753813,$0.093814,8035193,https://coinmarketcap.com/currencies/woodcoin/
404,HiCoin,XHI,$745342,$0.003928,189729990,https://coinmarketcap.com/currencies/hicoin/
405,EOT,EOT,$744336,$0.297734,2500000,https://coinmarketcap.com/currencies/eot/
406,Vsync,VSX,$727374,$0.007350,98964274,https://coinmarketcap.com/currencies/vsync-vsx/
407,Remicoin,RMC,$713477,$1.49,479224,https://coinmarketcap.com/currencies/remicoin/
408,BlockPay,BLOCKPAY,$702919,$0.129491,5428300,https://coinmarketcap.com/currencies/blockpay/
409,KekCoin,KEK,$694326,$0.068412,10149165,https://coinmarketcap.com/currencies/kekcoin/
410,OldV,OLV,$687847,$0.006425,107061770,https://coinmarketcap.com/currencies/vsync/
411,MergeCoin,MGC,$677151,$0.007128,95000000,https://coinmarketcap.com/currencies/mergecoin/
412,Greencoin,GRE,$666355,$0.000197,3386420641,https://coinmarketcap.com/currencies/greencoin/
413,Bitradio,BRO,$663621,$0.116739,5684663,https://coinmarketcap.com/currencies/bitradio/
414,Sumokoin,SUMO,$659938,$0.411685,1603015,https://coinmarketcap.com/currencies/sumokoin/
415,InflationCoin,IFLT,$659191,$0.000037,17783575733,https://coinmarketcap.com/currencies/inflationcoin/
416,Sovereign Hero,HERO,$651431,$136.48,4773,https://coinmarketcap.com/currencies/sovereign-hero/
417,Linx,LINX,$647899,$0.085592,7569650,https://coinmarketcap.com/currencies/linx/
418,Fastcoin,FST,$644976,$0.005119,126000000,https://coinmarketcap.com/currencies/fastcoin/
419,FIMKrypto,FIMK,$636337,$0.001103,577004618,https://coinmarketcap.com/currencies/fimkrypto/
420,Eternity,ENT,$628755,$0.159712,3936807,https://coinmarketcap.com/currencies/eternity/
421,EMoneyPower,EMP,$625333,$0.067971,9200000,https://coinmarketcap.com/currencies/emoneypower/
422,Unitus,UIS,$622465,$0.013305,46785866,https://coinmarketcap.com/currencies/unitus/
423,Monster Byte,MBI,$620165,$0.036865,16822736,https://coinmarketcap.com/currencies/monster-byte/
424,Tychocoin,TYCHO,$607665,$0.120944,5024368,https://coinmarketcap.com/currencies/tychocoin/
425,Megacoin,MEC,$604060,$0.018368,32886450,https://coinmarketcap.com/currencies/megacoin/
426,UnbreakableCoin,UNB,$577770,$0.253614,2278150,https://coinmarketcap.com/currencies/unbreakablecoin/
427,Denarius,D,$572385,$0.368146,1554778,https://coinmarketcap.com/currencies/denarius-dnr/
428,Virtacoinplus,XVP,$563272,$0.061663,9134750,https://coinmarketcap.com/currencies/virtacoinplus/
429,ProCurrency,PROC,$547332,$0.042710,12815205,https://coinmarketcap.com/currencies/procurrency/
430,Moin,MOIN,$538964,$0.075297,7157872,https://coinmarketcap.com/currencies/moin/
431,Experience Points,XP,$528101,$0.000004,148216367012,https://coinmarketcap.com/currencies/experience-points/
432,Fantomcoin,FCN,$523381,$0.084550,6190179,https://coinmarketcap.com/currencies/fantomcoin/
433,Cream,CRM,$518202,$0.011696,44307084,https://coinmarketcap.com/currencies/cream/
434,FujiCoin,FJC,$426650,$0.000385,1109527546,https://coinmarketcap.com/currencies/fujicoin/
435,BitBar,BTB,$409356,$11.91,34370,https://coinmarketcap.com/currencies/bitbar/
436,DAS,DAS,$407762,$0.161986,2517266,https://coinmarketcap.com/currencies/das/
437,Krypstal,KRS,$399370,$0.015970,25008253,https://coinmarketcap.com/currencies/krypstal/
438,RouletteToken,RLT,$386709,$0.038231,10114950,https://coinmarketcap.com/currencies/roulettetoken/
439,Karbo,KRB,$381834,$0.086854,4396273,https://coinmarketcap.com/currencies/karbo/
440,Uniform Fiscal Object,UFO,$377264,$0.000110,3420872512,https://coinmarketcap.com/currencies/uniform-fiscal-object/
441,Dinastycoin,DCY,$374097,$0.000294,1270952432,https://coinmarketcap.com/currencies/dinastycoin/
442,NewYorkCoin,NYC,$370499,$0.000003,129032781759,https://coinmarketcap.com/currencies/newyorkcoin/
443,Falcoin,FAL,$346991,$1.76,196766,https://coinmarketcap.com/currencies/falcoin/
444,Smoke,SMOKE,$343871,$0.025700,13379987,https://coinmarketcap.com/currencies/smoke/
445,PostCoin,POST,$334599,$0.021086,15868233,https://coinmarketcap.com/currencies/postcoin/
446,CoinonatX,XCXT,$332609,$0.025584,13000747,https://coinmarketcap.com/currencies/coinonatx/
447,Rubies,RBIES,$330200,$0.031704,10415252,https://coinmarketcap.com/currencies/rubies/
448,WomenCoin,WOMEN,$322626,$0.013515,23870835,https://coinmarketcap.com/currencies/women/
449,HoboNickels,HBN,$318202,$0.005330,59696358,https://coinmarketcap.com/currencies/hobonickels/
450,ZcCoin,ZCC,$308575,$0.005005,61657044,https://coinmarketcap.com/currencies/zccoin/
451,42-coin,42,$308202,$7338.14,41.999999,https://coinmarketcap.com/currencies/42-coin/
452,Newbium,NEWB,$296011,$0.005920,50000000,https://coinmarketcap.com/currencies/newbium/
453,Zero,ZER,$290418,$0.185496,1565630,https://coinmarketcap.com/currencies/zero/
454,TrumpCoin,TRUMP,$278854,$0.042605,6545151,https://coinmarketcap.com/currencies/trumpcoin/
455,Atomic Coin,ATOM,$262042,$0.021730,12059210,https://coinmarketcap.com/currencies/atomic-coin/
456,SwagBucks,BUCKS,$260687,$0.941635,276845,https://coinmarketcap.com/currencies/swagbucks/
457,The Cypherfunks,FUNK,$239698,$0.000005,45696770000,https://coinmarketcap.com/currencies/the-cypherfunks/
458,FuturXe,FXE,$237128,$1.01,235421,https://coinmarketcap.com/currencies/futurexe/
459,Rupee,RUP,$231140,$0.010522,21967700,https://coinmarketcap.com/currencies/rupee/
460,Global Cryptocurrency,GCC,$224774,$0.011690,19227932,https://coinmarketcap.com/currencies/global-cryptocurrency/
461,Virta Unique Coin,VUC,$221885,$0.003640,60950475,https://coinmarketcap.com/currencies/virta-unique-coin/
462,Mao Zedong,MAO,$200859,$0.038599,5203745,https://coinmarketcap.com/currencies/mao-zedong/
463,Truckcoin,TRK,$200590,$0.001397,143592626,https://coinmarketcap.com/currencies/truckcoin/
464,Prototanium,PR,$195320,$0.999671,195384,https://coinmarketcap.com/currencies/prototanium/
465,Universal Currency,UNIT,$192310,$0.014740,13046431,https://coinmarketcap.com/currencies/universal-currency/
466,Joulecoin,XJO,$187932,$0.005550,33859584,https://coinmarketcap.com/currencies/joulecoin/
467,bitBTC,BITBTC,$187401,$3712.26,50.4816,https://coinmarketcap.com/currencies/bitbtc/
468,Solaris,XLR,$177045,$0.370308,478103,https://coinmarketcap.com/currencies/solaris/
469,OctoCoin,888,$168630,$0.003376,49943860,https://coinmarketcap.com/currencies/octocoin/
470,Scorecoin,SCORE,$167908,$0.005702,29447529,https://coinmarketcap.com/currencies/scorecoin/
471,Elcoin,EL,$166390,$0.014844,11208967,https://coinmarketcap.com/currencies/elcoin-el/
472,TEKcoin,TEK,$163268,$0.000115,1414054562,https://coinmarketcap.com/currencies/tekcoin/
473,bitSilver,BITSILVER,$160354,$18.18,8821,https://coinmarketcap.com/currencies/bitsilver/
474,Zurcoin,ZUR,$157503,$0.001875,84010122,https://coinmarketcap.com/currencies/zurcoin/
475,Dalecoin,DALC,$156028,$0.390070,400000,https://coinmarketcap.com/currencies/dalecoin/
476,Ratecoin,XRA,$151543,$0.001360,111415838,https://coinmarketcap.com/currencies/ratecoin/
477,bitGold,BITGOLD,$137179,$1524.72,89.9694,https://coinmarketcap.com/currencies/bitgold/
478,Yocoin,YOC,$136768,$0.001295,105618830,https://coinmarketcap.com/currencies/yocoin/
479,Pesobit,PSB,$134625,$0.004044,33292520,https://coinmarketcap.com/currencies/pesobit/
480,USDe,USDE,$125080,$0.000110,1134175385,https://coinmarketcap.com/currencies/usde/
481,Bit20,BTWTY,$119741,$117855,1.016,https://coinmarketcap.com/currencies/bit20/
482,EcoCoin,ECO,$111622,$0.107513,1038217,https://coinmarketcap.com/currencies/ecocoin/
483,ChessCoin,CHESS,$109957,$0.002035,54032769,https://coinmarketcap.com/currencies/chesscoin/
484,Tickets,TIX,$103451,$0.000002,66876281414,https://coinmarketcap.com/currencies/tickets/
485,Tristar Coin,TSTR,$101656,$0.020219,5027857,https://coinmarketcap.com/currencies/tristar-coin/
486,ParallelCoin,DUO,$101254,$0.338197,299394,https://coinmarketcap.com/currencies/parallelcoin/
487,ERA,ERA,$100758,$0.000401,250960432,https://coinmarketcap.com/currencies/blakestar/
488,HempCoin,HMP,$99743,$0.000074,1356645470,https://coinmarketcap.com/currencies/hempcoin-hmp/
489,Master Swiscoin,MSCN,$96097,$0.002223,43223170,https://coinmarketcap.com/currencies/master-swiscoin/
490,Comet,CMT,$95698,$0.109641,872830,https://coinmarketcap.com/currencies/comet/
491,Iconic,ICON,$87639,$0.147816,592894,https://coinmarketcap.com/currencies/iconic/
492,Debitcoin,DBTC,$87271,$0.004849,17999164,https://coinmarketcap.com/currencies/debitcoin/
493,bitEUR,BITEUR,$86878,$1.12,77575,https://coinmarketcap.com/currencies/biteur/
494,MustangCoin,MST,$86451,$0.137149,630343,https://coinmarketcap.com/currencies/mustangcoin/
495,Cryptojacks,CJ,$85402,$0.000210,406568581,https://coinmarketcap.com/currencies/cryptojacks/
496,TileCoin,XTC,$84981,$0.000850,100000000,https://coinmarketcap.com/currencies/tilecoin/
497,GlobalToken,GLT,$82075,$0.003389,24217800,https://coinmarketcap.com/currencies/globaltoken/
498,PRCoin,PRC,$78118,$0.005882,13281400,https://coinmarketcap.com/currencies/prcoin/
499,GoldBlocks,GB,$76460,$0.005062,15105876,https://coinmarketcap.com/currencies/goldblocks/
500,PLNcoin,PLNC,$72875,$0.004264,17089600,https://coinmarketcap.com/currencies/plncoin/
501,C-Bit,XCT,$68739,$0.000437,157223250,https://coinmarketcap.com/currencies/c-bit/
502,Litecoin Plus,LCP,$68357,$0.169100,404239,https://coinmarketcap.com/currencies/litecoin-plus/
503,CampusCoin,CC,$62605,$0.000435,144045026,https://coinmarketcap.com/currencies/campuscoin/
504,DROXNE,DRXNE,$57256,$0.000955,59976134,https://coinmarketcap.com/currencies/droxne/
505,DIBCOIN,DIBC,$54924,$0.010985,5000000,https://coinmarketcap.com/currencies/dibcoin/
506,AllSafe,SAFE,$52843,$0.006581,8030000,https://coinmarketcap.com/currencies/allsafe/
507,Asiadigicoin,ADCN,$48574,$0.001948,24931054,https://coinmarketcap.com/currencies/asiadigicoin/
508,Veros,VRS,$47255,$0.000097,486609040,https://coinmarketcap.com/currencies/veros/
509,BenjiRolls,BENJI,$46177,$0.002284,20216694,https://coinmarketcap.com/currencies/benjirolls/
510,HealthyWormCoin,WORM,$44052,$0.000404,108940142,https://coinmarketcap.com/currencies/healthywormcoin/
511,SixEleven,611,$43246,$0.102056,423742,https://coinmarketcap.com/currencies/sixeleven/
512,Money,$$$,$42978,$0.000937,45887218,https://coinmarketcap.com/currencies/money/
513,CrevaCoin,CREVA,$40049,$0.001101,36390750,https://coinmarketcap.com/currencies/crevacoin/
514,CHNCoin,CNC,$38171,$0.000959,39793271,https://coinmarketcap.com/currencies/chncoin/
515,Kronecoin,KRONE,$30091,$0.015582,1931150,https://coinmarketcap.com/currencies/kronecoin/
516,Project-X,NANOX,$26584,$339672,0.078264,https://coinmarketcap.com/currencies/project-x/
517,KingN Coin,KNC,$19991,$9.96,2007,https://coinmarketcap.com/currencies/kingn-coin/
518,AppleCoin,APW,$18379,$0.497596,36935,https://coinmarketcap.com/currencies/applecoin-apw/
519,Frazcoin,FRAZ,$17395,$0.002235,7781572,https://coinmarketcap.com/currencies/frazcoin/
520,Sojourn,SOJ,$17390,$0.035840,485214,https://coinmarketcap.com/currencies/sojourn/
521,Rupaya,RUPX,$16842,$0.003130,5381750,https://coinmarketcap.com/currencies/rupaya/
522,LiteCoin Ultra,LTCU,$14114,$0.025922,544501,https://coinmarketcap.com/currencies/litecoin-ultra/
523,LevoPlus,LVPS,$12340,$0.012763,966859,https://coinmarketcap.com/currencies/levoplus/
524,LiteBitcoin,LBTC,$7973,$0.002501,3188280,https://coinmarketcap.com/currencies/litebitcoin/
525,Ebittree Coin,EBT,$6084,$0.005183,1173771,https://coinmarketcap.com/currencies/ebittree-coin/
526,Ulatech,ULA,$3005,$0.031350,95851,https://coinmarketcap.com/currencies/ulatech/
527,HarmonyCoin,HMC,$2629,$0.007613,345323,https://coinmarketcap.com/currencies/harmonycoin-hmc/
528,Abncoin,ABN,$959,$0.014171,67700,https://coinmarketcap.com/currencies/abncoin/
529,ReeCoin,REE,$909,$0.000074,12367704,https://coinmarketcap.com/currencies/reecoin/
530,Bankcoin,B@,$11813723,$1.03,11513848,https://coinmarketcap.com/currencies/bankcoin/
531,Arcade Token,ARC,$7298871,$3.89,1876057,https://coinmarketcap.com/currencies/arcade-token/
532,Blocktix,TIX,$7295064,$0.182377,40000000,https://coinmarketcap.com/currencies/blocktix/
533,AsiaCoin,AC,$2542173,$0.002481,1024501945,https://coinmarketcap.com/currencies/asiacoin/
534,Zeitcoin,ZEIT,$2392514,$0.000065,36971141702,https://coinmarketcap.com/currencies/zeitcoin/
535,Bitpark Coin,BPC,$2172572,$0.028968,75000000,https://coinmarketcap.com/currencies/bitpark-coin/
536,Ethbits,ETBS,$1769201,$1.27,1391604,https://coinmarketcap.com/currencies/ethbits/
537,Bowhead,AHT,$1764525,$0.220566,8000000,https://coinmarketcap.com/currencies/bowhead/
538,YashCoin,YASH,$1602811,$0.160278,10000211,https://coinmarketcap.com/currencies/yashcoin/
539,Altcoin,ALT,$1465027,$11.99,122175,https://coinmarketcap.com/currencies/altcoin-alt/
540,Ixcoin,IXC,$1357582,$0.064650,20999088,https://coinmarketcap.com/currencies/ixcoin/
541,AudioCoin,ADC,$1156712,$0.001407,822210522,https://coinmarketcap.com/currencies/audiocoin/
542,Helleniccoin,HNC,$1047069,$0.018969,55200000,https://coinmarketcap.com/currencies/helleniccoin/
543,Infinitecoin,IFC,$983262,$0.000011,90596274910,https://coinmarketcap.com/currencies/infinitecoin/
544,CryptCoin,CRYPT,$899223,$0.148514,6054795,https://coinmarketcap.com/currencies/cryptcoin/
545,EarthCoin,EAC,$838634,$0.000074,11407641478,https://coinmarketcap.com/currencies/earthcoin/
546,LTBcoin,LTBC,$828292,$0.001677,493863915,https://coinmarketcap.com/currencies/ltbcoin/
547,Ultimate Secure Cash,USC,$779076,$0.075323,10343113,https://coinmarketcap.com/currencies/ultimate-secure-cash/
548,TeslaCoin,TES,$732708,$0.010036,73009922,https://coinmarketcap.com/currencies/teslacoin/
549,Maxcoin,MAX,$720873,$0.011947,60337693,https://coinmarketcap.com/currencies/maxcoin/
550,E4ROW,E4ROW,$704282,$0.168167,4188000,https://coinmarketcap.com/currencies/ether-for-the-rest-of-the-world/
551,Pandacoin,PND,$695503,$0.000021,32514916898,https://coinmarketcap.com/currencies/pandacoin-pnd/
552,Zetacoin,ZET,$668682,$0.004011,166708745,https://coinmarketcap.com/currencies/zetacoin/
553,BritCoin,BRIT,$624686,$0.029372,21268092,https://coinmarketcap.com/currencies/britcoin/
554,ShadowCash,SDC,$615791,$0.091976,6695133,https://coinmarketcap.com/currencies/shadowcash/
555,WavesGo,WGO,$592658,$0.059284,9997009,https://coinmarketcap.com/currencies/wavesgo/
556,CoEval,COE,$584513,$13.67,42770,https://coinmarketcap.com/currencies/coeval/
557,Rustbits,RUSTBITS,$578334,$0.016383,35300866,https://coinmarketcap.com/currencies/rustbits/
558,Bitz,BITZ,$573054,$0.287838,1990891,https://coinmarketcap.com/currencies/bitz/
559,Carboncoin,CARBON,$565824,$0.000037,15391996164,https://coinmarketcap.com/currencies/carboncoin/
560,SwapToken,TOKEN,$563199,$0.000037,15320585365,https://coinmarketcap.com/currencies/swaptoken/
561,Casino,CASINO,$539857,$0.539857,1000000,https://coinmarketcap.com/currencies/casino/
562,Cryptonite,XCN,$463103,$0.001287,359795040,https://coinmarketcap.com/currencies/cryptonite/
563,Shorty,SHORTY,$452461,$0.004525,100000000,https://coinmarketcap.com/currencies/shorty/
564,Canada eCoin,CDN,$446885,$0.004587,97415544,https://coinmarketcap.com/currencies/canada-ecoin/
565,Orbitcoin,ORB,$424426,$0.139663,3038930,https://coinmarketcap.com/currencies/orbitcoin/
566,DraftCoin,DFT,$388969,$0.220749,1762037,https://coinmarketcap.com/currencies/draftcoin/
567,Machinecoin,MAC,$384918,$0.019294,19950625,https://coinmarketcap.com/currencies/machinecoin/
568,Etheriya,RIYA,$382675,$0.241965,1581531,https://coinmarketcap.com/currencies/etheriya/
569,NetCoin,NET,$376741,$0.000479,787126712,https://coinmarketcap.com/currencies/netcoin/
570,iDice,ICE,$376360,$0.239565,1571013,https://coinmarketcap.com/currencies/idice/
571,Shadow Token,SHDW,$367977,$0.052568,7000000,https://coinmarketcap.com/currencies/shadow-token/
572,Devcoin,DVC,$365587,$0.000025,14738107500,https://coinmarketcap.com/currencies/devcoin/
573,Kobocoin,KOBO,$359570,$0.014557,24700248,https://coinmarketcap.com/currencies/kobocoin/
574,Trollcoin,TROLL,$355986,$0.000634,561602046,https://coinmarketcap.com/currencies/trollcoin/
575,NobleCoin,NOBL,$351423,$0.000152,2304848469,https://coinmarketcap.com/currencies/noblecoin/
576,GlobalCoin,GLC,$349779,$0.005367,65171010,https://coinmarketcap.com/currencies/globalcoin/
577,SmartCoin,SMC,$346741,$0.014854,23343006,https://coinmarketcap.com/currencies/smartcoin/
578,UltraCoin,UTC,$340129,$0.007720,44059272,https://coinmarketcap.com/currencies/ultracoin/
579,MAZA,MAZA,$337843,$0.000258,1310104518,https://coinmarketcap.com/currencies/mazacoin/
580,TagCoin,TAG,$324668,$0.056575,5738702,https://coinmarketcap.com/currencies/tagcoin/
581,FuelCoin,FC2,$317336,$0.003125,101557856,https://coinmarketcap.com/currencies/fuelcoin/
582,CageCoin,CAGE,$314139,$0.000003,101168328395,https://coinmarketcap.com/currencies/cagecoin/
583,BTSR,BTSR,$309030,$0.094066,3285250,https://coinmarketcap.com/currencies/btsr/
584,Dashcoin,DSH,$305171,$0.017364,17574970,https://coinmarketcap.com/currencies/dashcoin/
585,RussiaCoin,RC,$303749,$0.036968,8216446,https://coinmarketcap.com/currencies/russiacoin/
586,Malcoin,MALC,$303566,$5.87,51685,https://coinmarketcap.com/currencies/malcoin/
587,8Bit,8BIT,$299739,$0.257416,1164415,https://coinmarketcap.com/currencies/8bit/
588,Piggycoin,PIGGY,$292136,$0.000602,485091252,https://coinmarketcap.com/currencies/piggycoin/
589,BitAsean,BAS,$284427,$0.056885,5000000,https://coinmarketcap.com/currencies/bitasean/
590,AmberCoin,AMBER,$279520,$0.006396,43699481,https://coinmarketcap.com/currencies/ambercoin/
591,Veltor,VLT,$279439,$0.503625,554855,https://coinmarketcap.com/currencies/veltor/
592,CannaCoin,CCN,$270701,$0.057605,4699248,https://coinmarketcap.com/currencies/cannacoin/
593,CryptoForecast,CFT,$270561,$0.005882,46000000,https://coinmarketcap.com/currencies/cryptoforecast/
594,Pakcoin,PAK,$255745,$0.006170,41452700,https://coinmarketcap.com/currencies/pakcoin/
595,Anoncoin,ANC,$253057,$0.119914,2110317,https://coinmarketcap.com/currencies/anoncoin/
596,BTCtalkcoin,TALK,$247063,$0.003784,65290635,https://coinmarketcap.com/currencies/btctalkcoin/
597,Bitstar,BITS,$245124,$0.010621,23079737,https://coinmarketcap.com/currencies/bitstar/
598,FUNCoin,FUNC,$240678,$0.041152,5848581,https://coinmarketcap.com/currencies/funcoin/
599,UniCoin,UNIC,$237607,$0.080627,2946974,https://coinmarketcap.com/currencies/unicoin/
600,Deutsche eMark,DEM,$232556,$0.008367,27793416,https://coinmarketcap.com/currencies/deutsche-emark/
601,LiteBar,LTB,$232281,$0.311812,744941,https://coinmarketcap.com/currencies/litebar/
602,Phoenixcoin,PXC,$229012,$0.003775,60671499,https://coinmarketcap.com/currencies/phoenixcoin/
603,GCN Coin,GCN,$225107,$0.000002,144437060000,https://coinmarketcap.com/currencies/gcn-coin/
604,Version,V,$217827,$0.000476,457982576,https://coinmarketcap.com/currencies/version/
605,SuperCoin,SUPER,$215400,$0.004887,44080144,https://coinmarketcap.com/currencies/supercoin/
606,Mineum,MNM,$209529,$0.022204,9436367,https://coinmarketcap.com/currencies/mineum/
607,Goodomy,GOOD,$196029,$0.000444,441349000,https://coinmarketcap.com/currencies/goodomy/
608,Triangles,TRI,$194118,$2.66,72891,https://coinmarketcap.com/currencies/triangles/
609,FlutterCoin,FLT,$191352,$0.000594,322214524,https://coinmarketcap.com/currencies/fluttercoin/
610,Stress,STS,$186974,$0.000331,565134332,https://coinmarketcap.com/currencies/stress/
611,Titcoin,TIT,$184476,$0.003697,49898202,https://coinmarketcap.com/currencies/titcoin/
612,BunnyCoin,BUN,$183215,$0.000002,102041325874,https://coinmarketcap.com/currencies/bunnycoin/
613,Flycoin,FLY,$178546,$0.846972,210806,https://coinmarketcap.com/currencies/flycoin/
614,AurumCoin,AU,$176193,$0.594813,296216,https://coinmarketcap.com/currencies/aurumcoin/
615,PlatinumBAR,XPTX,$173304,$0.586728,295374,https://coinmarketcap.com/currencies/platinumbar/
616,PayCoin,XPY,$164855,$0.013969,11801347,https://coinmarketcap.com/currencies/paycoin2/
617,iCoin,ICN,$162119,$0.005588,29013719,https://coinmarketcap.com/currencies/icoin/
618,LottoCoin,LOT,$160495,$0.000011,14491014421,https://coinmarketcap.com/currencies/lottocoin/
619,Slimcoin,SLM,$157319,$0.010587,14859466,https://coinmarketcap.com/currencies/slimcoin/
620,PureVidz,VIDZ,$150029,$0.001198,125279775,https://coinmarketcap.com/currencies/purevidz/
621,Ripto Bux,RBX,$149970,$0.000393,381236123,https://coinmarketcap.com/currencies/ripto-bux/
622,MTMGaming,MTM,$147755,$0.049252,3000000,https://coinmarketcap.com/currencies/mtmgaming/
623,Eurocoin,EUC,$146796,$0.012300,11934828,https://coinmarketcap.com/currencies/eurocoin/
624,Darsek,KED,$144379,$0.011276,12803651,https://coinmarketcap.com/currencies/darsek/
625,Francs,FRN,$142584,$0.036871,3867080,https://coinmarketcap.com/currencies/francs/
626,Valorbit,VAL,$141978,$0.000037,3862198942,https://coinmarketcap.com/currencies/valorbit/
627,Sterlingcoin,SLG,$140359,$0.033542,4184622,https://coinmarketcap.com/currencies/sterlingcoin/
628,Bottlecaps,CAP,$137899,$0.000772,178655184,https://coinmarketcap.com/currencies/bottlecaps/
629,Bitcoin Scrypt,BTCS,$136971,$0.008381,16342075,https://coinmarketcap.com/currencies/bitcoin-scrypt/
630,LanaCoin,LANA,$133441,$0.000165,810187076,https://coinmarketcap.com/currencies/lanacoin/
631,Emerald Crypto,EMD,$131886,$0.006899,19117129,https://coinmarketcap.com/currencies/emerald/
632,Acoin,ACOIN,$130673,$0.107102,1220085,https://coinmarketcap.com/currencies/acoin/
633,Honey,HONEY,$129009,$0.528423,244140,https://coinmarketcap.com/currencies/honey/
634,QubitCoin,Q2C,$127648,$0.000515,248027652,https://coinmarketcap.com/currencies/qubitcoin/
635,WayGuide,WAY,$126409,$0.001264,100040708,https://coinmarketcap.com/currencies/wayguide/
636,HOdlcoin,HODL,$125688,$0.000956,131502920,https://coinmarketcap.com/currencies/hodlcoin/
637,Universe,UNI,$123923,$0.016616,7458082,https://coinmarketcap.com/currencies/universe/
638,KiloCoin,KLC,$122674,$0.000625,196297971,https://coinmarketcap.com/currencies/kilocoin/
639,Crypto,CTO,$121773,$0.010773,11303242,https://coinmarketcap.com/currencies/crypto/
640,Swing,SWING,$120079,$0.046523,2581051,https://coinmarketcap.com/currencies/swing/
641,Yacoin,YAC,$117798,$0.000993,118682415,https://coinmarketcap.com/currencies/yacoin/
642,Blakecoin,BLC,$115545,$0.007641,15122697,https://coinmarketcap.com/currencies/blakecoin/
643,Flaxscript,FLAX,$115223,$0.020677,5572419,https://coinmarketcap.com/currencies/flaxscript/
644,Bitcurrency,BTCR,$112218,$0.000662,169598616,https://coinmarketcap.com/currencies/bitcurrency/
645,Putin Classic,PUTIC,$111962,$0.003272,34221004,https://coinmarketcap.com/currencies/putin-classic/
646,Nyancoin,NYAN,$109203,$0.000367,297891209,https://coinmarketcap.com/currencies/nyancoin/
647,GameUnits,UNITS,$108137,$0.031137,3472983,https://coinmarketcap.com/currencies/gameunits/
648,KibiCoin,KIC,$106331,$0.007233,14701000,https://coinmarketcap.com/currencies/kibicoin/
649,Freicoin,FRC,$106215,$0.003676,28893570,https://coinmarketcap.com/currencies/freicoin/
650,SproutsExtreme,SPEX,$105379,$0.000037,2866607586,https://coinmarketcap.com/currencies/sproutsextreme/
651,Manna,MANNA,$103492,$0.002440,42416038,https://coinmarketcap.com/currencies/manna/
652,BitTokens,BXT,$102543,$0.183768,558000,https://coinmarketcap.com/currencies/bittokens/
653,BigUp,BIGUP,$101520,$0.000049,2088894680,https://coinmarketcap.com/currencies/bigup/
654,OHM,OHM,$101244,$0.003492,28990839,https://coinmarketcap.com/currencies/ohm-wallet/
655,Bolivarcoin,BOLI,$100434,$0.013007,7721750,https://coinmarketcap.com/currencies/bolivarcoin/
656,RevolverCoin,XRE,$99184,$0.004485,22115523,https://coinmarketcap.com/currencies/revolvercoin/
657,Coin2.1,C2,$99048,$0.000991,99976323,https://coinmarketcap.com/currencies/coin2-1/
658,TittieCoin,TIT,$97840,$0.000078,1259816434,https://coinmarketcap.com/currencies/tittiecoin/
659,GlobalBoost-Y,BSTY,$93519,$0.007343,12735317,https://coinmarketcap.com/currencies/globalboost-y/
660,KushCoin,KUSH,$93027,$0.017083,5445421,https://coinmarketcap.com/currencies/kushcoin/
661,MojoCoin,MOJO,$91311,$0.007543,12104868,https://coinmarketcap.com/currencies/mojocoin/
662,SACoin,SAC,$90467,$0.039334,2299955,https://coinmarketcap.com/currencies/sacoin/
663,PetroDollar,XPD,$90142,$0.001409,63993275,https://coinmarketcap.com/currencies/petrodollar/
664,DigiCube,CUBE,$89297,$0.000037,2429126009,https://coinmarketcap.com/currencies/digicube/
665,QuazarCoin,QCN,$88887,$0.014704,6044911,https://coinmarketcap.com/currencies/quazarcoin-old/
666,Pascal Lite,PASL,$88647,$0.025990,3410800,https://coinmarketcap.com/currencies/pascal-lite/
667,Cannation,CNNC,$88179,$0.035601,2476893,https://coinmarketcap.com/currencies/cannation/
668,Tigercoin,TGC,$88025,$0.002022,43536800,https://coinmarketcap.com/currencies/tigercoin/
669,BiblePay,BBP,$87313,$0.000515,169654448,https://coinmarketcap.com/currencies/biblepay/
670,GoldReserve,XGR,$87111,$0.005073,17171382,https://coinmarketcap.com/currencies/goldreserve/
671,020LondonCoin,020,$77912,$5e-07,156385920248,https://coinmarketcap.com/currencies/o2olondoncoin/
672,Prime-XI,PXI,$77674,$0.004663,16656550,https://coinmarketcap.com/currencies/prime-xi/
673,BERNcash,BERN,$77531,$0.001088,71234301,https://coinmarketcap.com/currencies/berncash/
674,Guncoin,GUN,$77219,$0.000403,191624128,https://coinmarketcap.com/currencies/guncoin/
675,Kurrent,KURT,$76815,$0.007744,9919485,https://coinmarketcap.com/currencies/kurrent/
676,Digitalcoin,DGC,$76792,$0.002872,26741200,https://coinmarketcap.com/currencies/digitalcoin/
677,ChanCoin,CHAN,$75747,$0.011435,6624020,https://coinmarketcap.com/currencies/chancoin/
678,SatoshiMadness,MAD,$73547,$0.000037,2000683485,https://coinmarketcap.com/currencies/satoshimadness/
679,Evil Coin,EVIL,$71078,$0.003381,21020383,https://coinmarketcap.com/currencies/evil-coin/
680,Dollarcoin,DLC,$67624,$0.007426,9106714,https://coinmarketcap.com/currencies/dollarcoin/
681,X-Coin,XCO,$67248,$0.005430,12384976,https://coinmarketcap.com/currencies/x-coin/
682,ICOBID,ICOB,$67203,$0.000635,105806076,https://coinmarketcap.com/currencies/icobid/
683,Halcyon,HAL,$66967,$0.013271,5046192,https://coinmarketcap.com/currencies/halcyon/
684,WMCoin,WMC,$66954,$0.005808,11527489,https://coinmarketcap.com/currencies/wmcoin/
685,Hacker Gold,HKG,$66924,$0.004154,16110893,https://coinmarketcap.com/currencies/hacker-gold/
686,Sling,SLING,$66769,$0.062163,1074095,https://coinmarketcap.com/currencies/sling/
687,Sativacoin,STV,$66221,$0.009348,7083902,https://coinmarketcap.com/currencies/sativacoin/
688,Chronos,CRX,$66214,$0.000898,73729962,https://coinmarketcap.com/currencies/chronos/
689,Catcoin,CAT,$65906,$0.011028,5976100,https://coinmarketcap.com/currencies/catcoin/
690,GuccioneCoin,GCC,$65623,$0.003235,20285537,https://coinmarketcap.com/currencies/guccionecoin/
691,SecureCoin,SRC,$65610,$0.008087,8112621,https://coinmarketcap.com/currencies/securecoin/
692,SpaceCoin,SPACE,$65154,$0.003313,19664845,https://coinmarketcap.com/currencies/spacecoin/
693,Independent Money System,IMS,$64935,$0.012095,5368934,https://coinmarketcap.com/currencies/independent-money-system/
694,Unrealcoin,URC,$63781,$0.009080,7024402,https://coinmarketcap.com/currencies/unrealcoin/
695,SOILcoin,SOIL,$63415,$0.011122,5702048,https://coinmarketcap.com/currencies/soilcoin/
696,IslaCoin,ISL,$62490,$0.041283,1513704,https://coinmarketcap.com/currencies/islacoin/
697,PayCon,CON,$61579,$0.002672,23042604,https://coinmarketcap.com/currencies/paycon/
698,Bitcoin Planet,BTPL,$61217,$0.011751,5209368,https://coinmarketcap.com/currencies/bitcoin-planet/
699,Bitzeny,ZNY,$61153,$0.000809,75614500,https://coinmarketcap.com/currencies/bitzeny/
700,CacheCoin,CACH,$60114,$0.014330,4195132,https://coinmarketcap.com/currencies/cachecoin/
701,AquariusCoin,ARCO,$59317,$0.042727,1388270,https://coinmarketcap.com/currencies/aquariuscoin/
702,MACRON,MCRN,$59101,$0.000147,401421401,https://coinmarketcap.com/currencies/macron/
703,CorgiCoin,CORG,$58567,$0.000047,1251855418,https://coinmarketcap.com/currencies/corgicoin/
704,Wyvern,WYV,$57140,$0.036761,1554362,https://coinmarketcap.com/currencies/wyvern/
705,BipCoin,BIP,$56750,$0.034875,1627261,https://coinmarketcap.com/currencies/bipcoin/
706,Joincoin,J,$56569,$0.023104,2448402,https://coinmarketcap.com/currencies/joincoin/
707,Marscoin,MARS,$56105,$0.001984,28279074,https://coinmarketcap.com/currencies/marscoin/
708,Aricoin,ARI,$55774,$0.000398,140262505,https://coinmarketcap.com/currencies/aricoin/
709,Nullex,NLX,$55640,$0.001375,40477042,https://coinmarketcap.com/currencies/nullex/
710,BumbaCoin,BUMBA,$54838,$0.002463,22265050,https://coinmarketcap.com/currencies/bumbacoin/
711,Elementrem,ELE,$54513,$0.002132,25567493,https://coinmarketcap.com/currencies/elementrem/
712,Spots,SPT,$54362,$0.002426,22406021,https://coinmarketcap.com/currencies/spots/
713,AntiBitcoin,ANTI,$53289,$0.003051,17465159,https://coinmarketcap.com/currencies/antibitcoin/
714,Franko,FRK,$52309,$0.082124,636950,https://coinmarketcap.com/currencies/franko/
715,Useless Ethereum Token,UET,$51538,$0.012996,3965716,https://coinmarketcap.com/currencies/useless-ethereum-token/
716,BriaCoin,BRIA,$51482,$0.195400,263471,https://coinmarketcap.com/currencies/briacoin/
717,Electra,ECA,$50760,$0.000002,20476187313,https://coinmarketcap.com/currencies/electra/
718,Theresa May Coin,MAY,$50654,$0.002545,19905000,https://coinmarketcap.com/currencies/theresa-may-coin/
719,AgrolifeCoin,AGLC,$50482,$0.007830,6447170,https://coinmarketcap.com/currencies/agrolifecoin/
720,RedCoin,RED,$49037,$0.000662,74107896,https://coinmarketcap.com/currencies/redcoin/
721,Firecoin,FIRE,$48134,$0.489104,98412,https://coinmarketcap.com/currencies/firecoin/
722,300 Token,300,$47424,$158.08,300,https://coinmarketcap.com/currencies/300-token/
723,Rimbit,RBT,$47051,$0.000407,115499623,https://coinmarketcap.com/currencies/rimbit/
724,Coin(O),CNO,$46887,$0.000446,105134912,https://coinmarketcap.com/currencies/coin/
725,BoostCoin,BOST,$46633,$0.003933,11855487,https://coinmarketcap.com/currencies/boostcoin/
726,Bitcoin Fast,BCF,$46571,$0.011356,4100887,https://coinmarketcap.com/currencies/bitcoinfast/
727,Gapcoin,GAP,$46076,$0.003970,11605683,https://coinmarketcap.com/currencies/gapcoin/
728,Artex Coin,ATX,$45569,$0.002426,18781750,https://coinmarketcap.com/currencies/artex-coin/
729,Evotion,EVO,$45410,$0.018390,2469220,https://coinmarketcap.com/currencies/evotion/
730,Kittehcoin,MEOW,$45340,$0.000002,23905669976,https://coinmarketcap.com/currencies/kittehcoin/
731,Argentum,ARG,$45288,$0.005551,8158696,https://coinmarketcap.com/currencies/argentum/
732,Coinonat,CXT,$45198,$0.005241,8623200,https://coinmarketcap.com/currencies/coinonat/
733,Allion,ALL,$44167,$0.007124,6199359,https://coinmarketcap.com/currencies/allion/
734,PonziCoin,PONZI,$43779,$0.050840,861099,https://coinmarketcap.com/currencies/ponzicoin/
735,Tattoocoin (Standard Edition),TSE,$43214,$0.000478,90421856,https://coinmarketcap.com/currencies/tattoocoin/
736,Jewels,JWL,$42288,$0.002095,20181636,https://coinmarketcap.com/currencies/jewels/
737,BillaryCoin,BLRY,$41310,$0.004595,8990019,https://coinmarketcap.com/currencies/billarycoin/
738,Bitcoin 21,XBTC21,$41255,$0.052017,793108,https://coinmarketcap.com/currencies/bitcoin-21/
739,CompuCoin,CPN,$41100,$0.002095,19615019,https://coinmarketcap.com/currencies/compucoin/
740,BOAT,BOAT,$40886,$0.002204,18547845,https://coinmarketcap.com/currencies/doubloon/
741,Gold Pressed Latinum,GPL,$40168,$0.170821,235146,https://coinmarketcap.com/currencies/gold-pressed-latinum/
742,Eryllium,ERY,$39684,$0.008310,4775657,https://coinmarketcap.com/currencies/eryllium/
743,Marijuanacoin,MAR,$39374,$0.031585,1246602,https://coinmarketcap.com/currencies/marijuanacoin/
744,UniBURST,UNIBURST,$39120,$0.039120,999999,https://coinmarketcap.com/currencies/uniburst/
745,Quatloo,QTL,$38684,$0.005050,7660815,https://coinmarketcap.com/currencies/quatloo/
746,Uro,URO,$37769,$0.031284,1207310,https://coinmarketcap.com/currencies/uro/
747,Beatcoin,XBTS,$37696,$0.024724,1524686,https://coinmarketcap.com/currencies/beatcoin/
748,Digital Rupees,DRS,$37555,$0.000074,510802961,https://coinmarketcap.com/currencies/digital-rupees/
749,PopularCoin,POP,$37310,$0.000011,3372875244,https://coinmarketcap.com/currencies/popularcoin/
750,Photon,PHO,$37122,$0.000002,19442355432,https://coinmarketcap.com/currencies/photon/
751,BeaverCoin,BVC,$36872,$0.011836,3115258,https://coinmarketcap.com/currencies/beavercoin/
752,VIP Tokens,VIP,$36813,$0.000441,83450403,https://coinmarketcap.com/currencies/vip-tokens/
753,Metal Music Coin,MTLMC3,$36174,$0.000454,79719140,https://coinmarketcap.com/currencies/metal-music-coin/
754,Philosopher Stones,PHS,$36077,$0.014851,2429219,https://coinmarketcap.com/currencies/philosopher-stones/
755,Neuro,NRO,$35550,$0.001397,25449082,https://coinmarketcap.com/currencies/neuro/
756,GoldPieces,GP,$34776,$0.028501,1220161,https://coinmarketcap.com/currencies/goldpieces/
757,ARbit,ARB,$34128,$0.004669,7310145,https://coinmarketcap.com/currencies/arbit/
758,FlavorCoin,FLVR,$33034,$0.001581,20898106,https://coinmarketcap.com/currencies/flavorcoin/
759,LeaCoin,LEA,$32813,$0.000110,297008690,https://coinmarketcap.com/currencies/leacoin/
760,MindCoin,MND,$31825,$0.002537,12546625,https://coinmarketcap.com/currencies/mindcoin/
761,Global Tour Coin,GTC,$31172,$0.001066,29239979,https://coinmarketcap.com/currencies/global-tour-coin/
762,GravityCoin,GXX,$30872,$0.021387,1443488,https://coinmarketcap.com/currencies/gravitycoin/
763,Zayedcoin,ZYD,$30757,$0.004926,6243840,https://coinmarketcap.com/currencies/zayedcoin/
764,Creatio,XCRE,$30539,$0.001488,20520514,https://coinmarketcap.com/currencies/creatio/
765,PX,PX,$30363,$0.000339,89665568,https://coinmarketcap.com/currencies/px/
766,WARP,WARP,$30357,$0.027718,1095224,https://coinmarketcap.com/currencies/warp/
767,Virtacoin,VTA,$29793,$0.000006,5201310113,https://coinmarketcap.com/currencies/virtacoin/
768,Ride My Car,RIDE,$29784,$0.000294,101276976,https://coinmarketcap.com/currencies/ride-my-car/
769,RonPaulCoin,RPC,$29536,$0.033943,870178,https://coinmarketcap.com/currencies/ronpaulcoin/
770,GBCGoldCoin,GBC,$29200,$0.002570,11361817,https://coinmarketcap.com/currencies/gbcgoldcoin/
771,Cthulhu Offerings,OFF,$28516,$0.010875,2622052,https://coinmarketcap.com/currencies/cthulhu-offerings/
772,G3N,G3N,$28004,$0.003703,7561891,https://coinmarketcap.com/currencies/genstake/
773,BiosCrypto,BIOS,$27555,$0.001323,20821709,https://coinmarketcap.com/currencies/bios-crypto/
774,Tradecoin,TRADE,$26993,$0.004448,6068400,https://coinmarketcap.com/currencies/tradecoin-v2/
775,TajCoin,TAJ,$26740,$0.003708,7210860,https://coinmarketcap.com/currencies/tajcoin/
776,Steps,STEPS,$26702,$0.001434,18625017,https://coinmarketcap.com/currencies/steps/
777,GameBet Coin,GBT,$26576,$0.001250,21262780,https://coinmarketcap.com/currencies/gamebet-coin/
778,CryptoEscudo,CESC,$26487,$0.000184,144105100,https://coinmarketcap.com/currencies/cryptoescudo/
779,NevaCoin,NEVA,$25662,$0.011465,2238310,https://coinmarketcap.com/currencies/nevacoin/
780,Cabbage,CAB,$25089,$0.002389,10499996,https://coinmarketcap.com/currencies/cabbage/
781,TAGRcoin,TAGR,$24255,$0.000627,38669634,https://coinmarketcap.com/currencies/tagrcoin/
782,CryptoWorldX Token,CWXT,$23205,$0.000404,57385690,https://coinmarketcap.com/currencies/cryptoworldx-token/
783,Blackstar,BSTAR,$23189,$0.000037,630795971,https://coinmarketcap.com/currencies/blackstar/
784,MiloCoin,MILO,$23006,$0.002132,10789954,https://coinmarketcap.com/currencies/milocoin/
785,ZetaMicron,ZMC,$22069,$0.000037,600344291,https://coinmarketcap.com/currencies/zetamicron/
786,BitQuark,BTQ,$21570,$0.003014,7155671,https://coinmarketcap.com/currencies/bitquark/
787,Orlycoin,ORLY,$21556,$0.000588,36646779,https://coinmarketcap.com/currencies/orlycoin/
788,OsmiumCoin,OS76,$20146,$0.022534,894026,https://coinmarketcap.com/currencies/osmiumcoin/
789,Ammo Reloaded,AMMO,$20097,$0.000258,77777777,https://coinmarketcap.com/currencies/ammo-reloaded/
790,BlazeCoin,BLZ,$20051,$0.000033,608557394,https://coinmarketcap.com/currencies/blazecoin/
791,Printerium,PRX,$19556,$0.001654,11821728,https://coinmarketcap.com/currencies/printerium/
792,BnrtxCoin,BNX,$18942,$0.000842,22483501,https://coinmarketcap.com/currencies/bnrtxcoin/
793,LetItRide,LIR,$18506,$0.000515,35957887,https://coinmarketcap.com/currencies/letitride/
794,Luna Coin,LUNA,$18292,$0.012328,1483826,https://coinmarketcap.com/currencies/luna-coin/
795,High Voltage,HVCO,$17906,$0.011984,1494171,https://coinmarketcap.com/currencies/high-voltage/
796,BitCoal,COAL,$17866,$0.003970,4500000,https://coinmarketcap.com/currencies/bitcoal/
797,Litecred,LTCR,$17787,$0.000588,30227750,https://coinmarketcap.com/currencies/litecred/
798,SongCoin,SONG,$17069,$0.000524,32565300,https://coinmarketcap.com/currencies/songcoin/
799,Impact,IMX,$16103,$0.000147,109508823,https://coinmarketcap.com/currencies/impact/
800,SocialCoin,SOCC,$15977,$0.011536,1384879,https://coinmarketcap.com/currencies/socialcoin-socc/
801,Wexcoin,WEX,$15271,$0.063817,239300,https://coinmarketcap.com/currencies/wexcoin/
802,Dollar Online,DOLLAR,$14963,$0.019851,753776,https://coinmarketcap.com/currencies/dollar-online/
803,Xonecoin,XOC,$14853,$0.035364,420000,https://coinmarketcap.com/currencies/xonecoin/
804,DPAY,DPAY,$14620,$0.000184,79541001,https://coinmarketcap.com/currencies/dpay/
805,Vault Coin,VLTC,$14373,$0.000478,30075790,https://coinmarketcap.com/currencies/vault-coin/
806,CRTCoin,CRT,$13987,$0.176453,79270,https://coinmarketcap.com/currencies/crtcoin/
807,AnarchistsPrime,ACP,$13894,$0.003161,4394874,https://coinmarketcap.com/currencies/anarchistsprime/
808,Shilling,SH,$13880,$0.003202,4334350,https://coinmarketcap.com/currencies/shilling/
809,Dix Asset,DIX,$13719,$1.4e-07,100000000000,https://coinmarketcap.com/currencies/dix-asset/
810,WalletBuildersCoin,WBC,$13710,$0.735476,18641,https://coinmarketcap.com/currencies/wallet-builders-coin/
811,FuzzBalls,FUZZ,$13639,$0.002824,4829945,https://coinmarketcap.com/currencies/fuzzballs/
812,BowsCoin,BSC,$13466,$0.002426,5550102,https://coinmarketcap.com/currencies/bowscoin/
813,ImpulseCoin,IMPS,$13380,$0.000661,20245510,https://coinmarketcap.com/currencies/impulsecoin/
814,CCMiner,CCM100,$13376,$0.003990,3352126,https://coinmarketcap.com/currencies/ccminer/
815,PosEx,PEX,$13347,$0.005441,2453240,https://coinmarketcap.com/currencies/posex/
816,RSGPcoin,RSGP,$13261,$7.69,1725,https://coinmarketcap.com/currencies/rsgpcoin/
817,BBQCoin,BQC,$13062,$0.000257,50765854,https://coinmarketcap.com/currencies/bbqcoin/
818,Coimatic 2.0,CTIC2,$12434,$0.001476,8422000,https://coinmarketcap.com/currencies/coimatic-2/
819,Cashcoin,CASH,$12021,$0.000441,27251500,https://coinmarketcap.com/currencies/cashcoin/
820,JobsCoin,JOBS,$11692,$0.000110,106019270,https://coinmarketcap.com/currencies/jobscoin/
821,Torcoin,TOR,$11600,$0.036687,316179,https://coinmarketcap.com/currencies/torcoin-tor/
822,BioBar,BIOB,$11429,$0.012903,885756,https://coinmarketcap.com/currencies/biobar/
823,Save and Gain,SANDG,$10478,$0.003419,3064800,https://coinmarketcap.com/currencies/save-and-gain/
824,Slevin,SLEVIN,$10293,$0.000147,70000000,https://coinmarketcap.com/currencies/slevin/
825,GeertCoin,GEERT,$9999,$0.001964,5091200,https://coinmarketcap.com/currencies/geertcoin/
826,iBank,IBANK,$9484,$0.002095,4526324,https://coinmarketcap.com/currencies/ibank/
827,Concoin,CONX,$9122,$0.012257,744266,https://coinmarketcap.com/currencies/concoin/
828,VapersCoin,VPRC,$8870,$0.000011,780124964,https://coinmarketcap.com/currencies/vaperscoin/
829,Solarflarecoin,SFC,$8200,$0.000582,14083450,https://coinmarketcap.com/currencies/solarflarecoin/
830,Antilitecoin,ALTC,$8129,$0.000258,31512613,https://coinmarketcap.com/currencies/antilitecoin/
831,SydPak,SDP,$7962,$0.049995,159252,https://coinmarketcap.com/currencies/sydpak/
832,Argus,ARGUS,$7758,$0.006756,1148324,https://coinmarketcap.com/currencies/argus/
833,MikeTheMug,MUG,$7740,$0.007746,999279,https://coinmarketcap.com/currencies/mikethemug/
834,1CRedit,1CR,$7491,$0.084918,88213,https://coinmarketcap.com/currencies/1credit/
835,SpeedCash,SCS,$7431,$0.028379,261831,https://coinmarketcap.com/currencies/speedcash/
836,Rawcoin,XRC,$6876,$0.009755,704882,https://coinmarketcap.com/currencies/rawcoin2/
837,Bitvolt,VOLT,$6111,$0.000404,15112554,https://coinmarketcap.com/currencies/bitvolt/
838,NodeCoin,NODC,$5430,$0.003235,1678439,https://coinmarketcap.com/currencies/nodecoin/
839,BurstOcean,OCEAN,$5270,$0.024880,211827,https://coinmarketcap.com/currencies/burstocean/
840,JIO Token,JIO,$5046,$0.002645,1908128,https://coinmarketcap.com/currencies/jio-token/
841,Enigma [XNG],XNG,$4593,$0.276222,16627,https://coinmarketcap.com/currencies/enigma-xng/
842,Lex4All,LEX,$4483,$0.004483,1000000,https://coinmarketcap.com/currencies/lex4all/
843,P7Coin,P7C,$3884,$0.000110,35220238,https://coinmarketcap.com/currencies/p7coin/
844,BTCDragon,DRAGON,$3155,$0.007824,403189,https://coinmarketcap.com/currencies/btcdragon/
845,Elysium,ELS,$2797,$0.000698,4005012,https://coinmarketcap.com/currencies/elysium/
846,PizzaCoin,PIZZA,$2026,$0.001470,1377917,https://coinmarketcap.com/currencies/pizzacoin/
847,Californium,CF,$1977,$0.017792,111110,https://coinmarketcap.com/currencies/californium/
848,PWR Coin,PWR,$1837,$0.000037,49983870,https://coinmarketcap.com/currencies/powercoin/
849,Xiaomicoin,MI,$1355,$0.000003,406141855,https://coinmarketcap.com/currencies/xiaomicoin/
850,Environ,ENV,$1140,$0.000009,132656584,https://coinmarketcap.com/currencies/environ/
851,Digital Credits,DGCS,$428,$0.000074,5826388,https://coinmarketcap.com/currencies/digital-credits/
852,Digital Money Bits,DMB,$303,$0.000719,421300,https://coinmarketcap.com/currencies/digital-money-bits/
853,Future Digital Currency,FDC,$99,$0.000036,2753201,https://coinmarketcap.com/currencies/future-digital-currency/
854,Xenixcoin,XEN,$87,$0.008639,10100,https://coinmarketcap.com/currencies/xenixcoin/
855,CaliphCoin,CALC,$67,$0.000774,87140,https://coinmarketcap.com/currencies/caliphcoin/
856,AMIS,AMIS,?,$1321.96,?,https://coinmarketcap.com/currencies/amis/
857,Internet of Things,XOT,?,$551.38,?,https://coinmarketcap.com/currencies/internet-of-things/
858,Bitcoin Unlimited (Futures),BTU,?,$381.11,?,https://coinmarketcap.com/currencies/bitcoin-unlimited/
859,Sync,SYNC,?,$150.82,?,https://coinmarketcap.com/currencies/sync/
860,TerraNova,TER,?,$13.23,?,https://coinmarketcap.com/currencies/terranova/
861,KexCoin,KEXCOIN,?,$9.19,?,https://coinmarketcap.com/currencies/kexcoin/
862,Alphabit,ABC,?,$8.78,?,https://coinmarketcap.com/currencies/alphabitcoinfund/
863,Fargocoin,FRGC,?,$7.52,?,https://coinmarketcap.com/currencies/fargocoin/
864,FirstCoin,FRST,?,$7.28,?,https://coinmarketcap.com/currencies/firstcoin/
865,Voyacoin,VOYA,?,$6.98,?,https://coinmarketcap.com/currencies/voyacoin/
866,Ergo,EFYT,?,$6.94,?,https://coinmarketcap.com/currencies/ergo/
867,Aureus,AURS,?,$4.12,?,https://coinmarketcap.com/currencies/aureus/
868,Suretly,SUR,?,$2.99,?,https://coinmarketcap.com/currencies/suretly/
869,Etherx,ETX,?,$1.71,?,https://coinmarketcap.com/currencies/etherx/
870,Blockchain Index,BLX,?,$1.41,?,https://coinmarketcap.com/currencies/blockchain-index/
871,ATBCoin,ATB,?,$1.26,?,https://coinmarketcap.com/currencies/atbcoin/
872,XDE II,XDE2,?,$1.24,?,https://coinmarketcap.com/currencies/xde-ii/
873,Centra,CTR,?,$1.19,?,https://coinmarketcap.com/currencies/centra/
874,DynamicCoin,DMC,?,$0.999974,?,https://coinmarketcap.com/currencies/dynamiccoin/
875,Magnetcoin,MAGN,?,$0.960894,?,https://coinmarketcap.com/currencies/magnetcoin/
876,Ethereum Movie Venture,EMV,?,$0.959962,?,https://coinmarketcap.com/currencies/ethereum-movie-venture/
877,NeuroDAO,NDAO,?,$0.816939,?,https://coinmarketcap.com/currencies/neurodao/
878,ATMCoin,ATMC,?,$0.735219,?,https://coinmarketcap.com/currencies/atmcoin/
879,TeslaCoilCoin,TESLA,?,$0.684121,?,https://coinmarketcap.com/currencies/teslacoilcoin/
880,Ethereum Dark,ETHD,?,$0.629348,?,https://coinmarketcap.com/currencies/ethereum-dark/
881,Pura,PURA,?,$0.578433,?,https://coinmarketcap.com/currencies/pura/
882,DeusCoin,DEUS,?,$0.555017,?,https://coinmarketcap.com/currencies/deuscoin/
883,Bitgem,BTG,?,$0.525730,?,https://coinmarketcap.com/currencies/bitgem/
884,TechShares,THS,?,$0.505914,?,https://coinmarketcap.com/currencies/techshares/
885,Storjcoin X,SJCX,?,$0.475907,?,https://coinmarketcap.com/currencies/storjcoin-x/
886,ClubCoin,CLUB,?,$0.422448,?,https://coinmarketcap.com/currencies/clubcoin/
887,GoldUnionCoin,GUC,?,$0.405426,?,https://coinmarketcap.com/currencies/goldunioncoin/
888,InvisibleCoin,IVZ,?,$0.404407,?,https://coinmarketcap.com/currencies/invisiblecoin/
889,Bitcloud,BTDX,?,$0.367536,?,https://coinmarketcap.com/currencies/bitcloud/
890,iQuant,IQT,?,$0.359270,?,https://coinmarketcap.com/currencies/iquant/
891,First Bitcoin Capital,BITCF,?,$0.329194,?,https://coinmarketcap.com/currencies/first-bitcoin-capital/
892,UG Token,UGT,?,$0.282520,?,https://coinmarketcap.com/currencies/ug-token/
893,AlpaCoin,APC,?,$0.222007,?,https://coinmarketcap.com/currencies/alpacoin/
894,Elacoin,ELC,?,$0.193012,?,https://coinmarketcap.com/currencies/elacoin/
895,Sociall,SCL,?,$0.189288,?,https://coinmarketcap.com/currencies/sociall/
896,Sphere Identity,XID,?,$0.166969,?,https://coinmarketcap.com/currencies/sphere-identity/
897,Bubble,BUB,?,$0.165424,?,https://coinmarketcap.com/currencies/bubble/
898,AvatarCoin,AV,?,$0.151455,?,https://coinmarketcap.com/currencies/avatarcoin/
899,Wowecoin,WEC,?,$0.149000,?,https://coinmarketcap.com/currencies/wowecoin/
900,Omicron,OMC,?,$0.137780,?,https://coinmarketcap.com/currencies/omicron/
901,Qora,QORA,?,$0.123801,?,https://coinmarketcap.com/currencies/qora/
902,STEX,STEX,?,$0.119215,?,https://coinmarketcap.com/currencies/stex/
903,Indorse Token,IND,?,$0.115864,?,https://coinmarketcap.com/currencies/indorse-token/
904,Golos Gold,GBG,?,$0.114264,?,https://coinmarketcap.com/currencies/golos-gold/
905,President Johnson,GARY,?,$0.110577,?,https://coinmarketcap.com/currencies/president-johnson/
906,Masternodecoin,MTNC,?,$0.093189,?,https://coinmarketcap.com/currencies/masternodecoin/
907,CoExistCoin,COXST,?,$0.091151,?,https://coinmarketcap.com/currencies/coexistcoin/
908,AdCoin,ACC,?,$0.088227,?,https://coinmarketcap.com/currencies/adcoin/
909,Vechain [Token],VEN,?,$0.084833,?,https://coinmarketcap.com/currencies/vechainold/
910,Tyrocoin,TYC,?,$0.079146,?,https://coinmarketcap.com/currencies/tyrocoin/
911,Asset Backed Coin,ABC,?,$0.074161,?,https://coinmarketcap.com/currencies/asset-backed-coin/
912,BITFID,FID,?,$0.073522,?,https://coinmarketcap.com/currencies/bitfid/
913,GanjaCoin,MRJA,?,$0.062494,?,https://coinmarketcap.com/currencies/ganjacoin/
914,Pabyosi Coin (Special),PCS,?,$0.059626,?,https://coinmarketcap.com/currencies/pabyosi-coin-special/
915,SIGMAcoin,SIGMA,?,$0.050854,?,https://coinmarketcap.com/currencies/sigmacoin/
916,SnakeEyes,SNAKE,?,$0.050074,?,https://coinmarketcap.com/currencies/snakeeyes/
917,Royalties,XRY,?,$0.044591,?,https://coinmarketcap.com/currencies/royalties/
918,WA Space,WA,?,$0.037129,?,https://coinmarketcap.com/currencies/wa-space/
919,DFSCoin,DFS,?,$0.035585,?,https://coinmarketcap.com/currencies/dfscoin/
920,Facecoin,FC,?,$0.033761,?,https://coinmarketcap.com/currencies/facecoin/
921,Elixir,ELIX,?,$0.032585,?,https://coinmarketcap.com/currencies/elixir/
922,YOYOW,YOYOW,?,$0.031310,?,https://coinmarketcap.com/currencies/yoyow/
923,Zilbercoin,ZBC,?,$0.028338,?,https://coinmarketcap.com/currencies/zilbercoin/
924,Dashs,DASHS,?,$0.025733,?,https://coinmarketcap.com/currencies/dashs/
925,PROUD Money,PROUD,?,$0.025335,?,https://coinmarketcap.com/currencies/proud-money/
926,Topaz Coin,TOPAZ,?,$0.022057,?,https://coinmarketcap.com/currencies/topaz/
927,OX Fina,OX,?,$0.022052,?,https://coinmarketcap.com/currencies/ox-fina/
928,bitqy,BQ,?,$0.021350,?,https://coinmarketcap.com/currencies/bitqy/
929,Quotient,XQN,?,$0.020733,?,https://coinmarketcap.com/currencies/quotient/
930,netBit,NBIT,?,$0.020329,?,https://coinmarketcap.com/currencies/netbit/
931,Leviar,XLC,?,$0.016057,?,https://coinmarketcap.com/currencies/leviar/
932,Xaucoin,XAU,?,$0.016028,?,https://coinmarketcap.com/currencies/xaucoin/
933,Decentraland,MANA,?,$0.014441,?,https://coinmarketcap.com/currencies/decentraland/
934,EDRCoin,EDRC,?,$0.014353,?,https://coinmarketcap.com/currencies/edrcoin/
935,EggCoin,EGG,?,$0.013932,?,https://coinmarketcap.com/currencies/eggcoin/
936,ShellCoin,SHELL,?,$0.011837,?,https://coinmarketcap.com/currencies/shellcoin/
937,Nexxus,NXX,?,$0.011131,?,https://coinmarketcap.com/currencies/nexxus/
938,GeyserCoin,GSR,?,$0.011065,?,https://coinmarketcap.com/currencies/geysercoin/
939,Peacecoin,PEC,?,$0.010992,?,https://coinmarketcap.com/currencies/peacecoin/
940,BetaCoin,BET,?,$0.010967,?,https://coinmarketcap.com/currencies/betacoin/
941,Wi Coin,WIC,?,$0.010329,?,https://coinmarketcap.com/currencies/wi-coin/
942,First Bitcoin,BIT,?,$0.010220,?,https://coinmarketcap.com/currencies/first-bitcoin/
943,Psilocybin,PSY,?,$0.009889,?,https://coinmarketcap.com/currencies/psilocybin/
944,Mind Gene,MG,?,$0.009190,?,https://coinmarketcap.com/currencies/mind-gene/
945,Regacoin,REGA,?,$0.008565,?,https://coinmarketcap.com/currencies/regacoin/
946,Braincoin,BRAIN,?,$0.008418,?,https://coinmarketcap.com/currencies/braincoin/
947,Granite,GRN,?,$0.008308,?,https://coinmarketcap.com/currencies/granitecoin/
948,Opal,OPAL,?,$0.007892,?,https://coinmarketcap.com/currencies/opal/
949,MetalCoin,METAL,?,$0.007242,?,https://coinmarketcap.com/currencies/metalcoin/
950,Axiom,AXIOM,?,$0.007021,?,https://coinmarketcap.com/currencies/axiom/
951,GulfCoin,MGC,?,$0.006677,?,https://coinmarketcap.com/currencies/gulfcoin/
952,Mavro,MAVRO,?,$0.005919,?,https://coinmarketcap.com/currencies/mavro/
953,Clinton,CLINT,?,$0.005771,?,https://coinmarketcap.com/currencies/clinton/
954,RichCoin,RICHX,?,$0.005514,?,https://coinmarketcap.com/currencies/richcoin/
955,InfChain,INF,?,$0.005488,?,https://coinmarketcap.com/currencies/infchain/
956,Pirate Blocks,SKULL,?,$0.005441,?,https://coinmarketcap.com/currencies/pirate-blocks/
957,ZSEcoin,ZSE,?,$0.005404,?,https://coinmarketcap.com/currencies/zsecoin/
958,Bolenum,BLN,?,$0.005073,?,https://coinmarketcap.com/currencies/bolenum/
959,MorningStar,MRNG,?,$0.005036,?,https://coinmarketcap.com/currencies/morningstar-payments/
960,TrickyCoin,TRICK,?,$0.004998,?,https://coinmarketcap.com/currencies/trickycoin/
961,Sharkcoin,SAK,?,$0.004600,?,https://coinmarketcap.com/currencies/sharkcoin/
962,Aseancoin,ASN,?,$0.004522,?,https://coinmarketcap.com/currencies/aseancoin/
963,Advanced Internet Blocks,AIB,?,$0.004484,?,https://coinmarketcap.com/currencies/advanced-internet-blocks/
964,PiCoin,PI,?,$0.004338,?,https://coinmarketcap.com/currencies/picoin/
965,International Diamond,XID,?,$0.003933,?,https://coinmarketcap.com/currencies/international-diamond/
966,AmsterdamCoin,AMS,?,$0.003904,?,https://coinmarketcap.com/currencies/amsterdamcoin/
967,Flash,FLASH,?,$0.003345,?,https://coinmarketcap.com/currencies/flash/
968,LandCoin,LDCN,?,$0.003262,?,https://coinmarketcap.com/currencies/landcoin/
969,President Trump,PRES,?,$0.003260,?,https://coinmarketcap.com/currencies/president-trump/
970,Fazzcoin,FAZZ,?,$0.003144,?,https://coinmarketcap.com/currencies/fazzcoin/
971,OCOW,OCOW,?,$0.002950,?,https://coinmarketcap.com/currencies/ocow/
972,MarxCoin,MARX,?,$0.002590,?,https://coinmarketcap.com/currencies/marxcoin/
973,RubleBit,RUBIT,?,$0.002555,?,https://coinmarketcap.com/currencies/rublebit/
974,FrankyWillCoin,FRWC,?,$0.002537,?,https://coinmarketcap.com/currencies/frankywillcoin/
975,Digital Bullion Gold,DBG,?,$0.002357,?,https://coinmarketcap.com/currencies/digital-bullion-gold/
976,SoonCoin,SOON,?,$0.002316,?,https://coinmarketcap.com/currencies/sooncoin/
977,TRON,TRX,?,$0.002246,?,https://coinmarketcap.com/currencies/tron/
978,AsicCoin,ASC,?,$0.002121,?,https://coinmarketcap.com/currencies/asiccoin/
979,MMXVI,MMXVI,?,$0.002059,?,https://coinmarketcap.com/currencies/mmxvi/
980,BitAlphaCoin,BAC,?,$0.001985,?,https://coinmarketcap.com/currencies/bitalphacoin/
981,Motocoin,MOTO,?,$0.001847,?,https://coinmarketcap.com/currencies/motocoin/
982,Citadel,CTL,?,$0.001813,?,https://coinmarketcap.com/currencies/citadel/
983,RoyalCoin,ROYAL,?,$0.001801,?,https://coinmarketcap.com/currencies/royalcoin/
984,Fuda Energy,FEI,?,$0.001668,?,https://coinmarketcap.com/currencies/fuda-energy/
985,Digitalfund,DTF,?,$0.001517,?,https://coinmarketcap.com/currencies/digitalfund/
986,WeAreSatoshi,WSX,?,$0.001434,?,https://coinmarketcap.com/currencies/wearesatoshi/
987,Skeincoin,SKC,?,$0.001397,?,https://coinmarketcap.com/currencies/skeincoin/
988,9COIN,9COIN,?,$0.001360,?,https://coinmarketcap.com/currencies/9coin/
989,CBD Crystals,CBD,?,$0.001213,?,https://coinmarketcap.com/currencies/cbd-crystals/
990,BuzzCoin,BUZZ,?,$0.001186,?,https://coinmarketcap.com/currencies/buzzcoin/
991,FutCoin,FUTC,?,$0.001181,?,https://coinmarketcap.com/currencies/futcoin/
992,Lazaruscoin,LAZ,?,$0.001176,?,https://coinmarketcap.com/currencies/lazaruscoin/
993,Sakuracoin,SKR,?,$0.001171,?,https://coinmarketcap.com/currencies/sakuracoin/
994,UtaCoin,UTA,?,$0.001103,?,https://coinmarketcap.com/currencies/utacoin/
995,Cubits,QBT,?,$0.001068,?,https://coinmarketcap.com/currencies/cubits/
996,Excelcoin,EXL,?,$0.001029,?,https://coinmarketcap.com/currencies/excelcoin/
997,Dubstep,DUB,?,$0.000991,?,https://coinmarketcap.com/currencies/dubstep/
998,UniversalRoyalCoin,UNRC,?,$0.000965,?,https://coinmarketcap.com/currencies/universalroyalcoin/
999,IrishCoin,IRL,?,$0.000956,?,https://coinmarketcap.com/currencies/irishcoin/
1000,Cycling Coin,CYC,?,$0.000956,?,https://coinmarketcap.com/currencies/cycling-coin/
1001,TodayCoin,TODAY,?,$0.000956,?,https://coinmarketcap.com/currencies/todaycoin/
1002,FiboCoins,FBC,?,$0.000910,?,https://coinmarketcap.com/currencies/fibocoins/
1003,UGAIN,GAIN,?,$0.000882,?,https://coinmarketcap.com/currencies/ugain/
1004,BTCGold,XBG,?,$0.000846,?,https://coinmarketcap.com/currencies/btcgold/
1005,Gycoin,GYC,?,$0.000834,?,https://coinmarketcap.com/currencies/gycoin/
1006,UR,UR,?,$0.000735,?,https://coinmarketcap.com/currencies/ur/
1007,Operand,OP,?,$0.000698,?,https://coinmarketcap.com/currencies/operand/
1008,Kayicoin,KAYI,?,$0.000672,?,https://coinmarketcap.com/currencies/kayicoin/
1009,Quebecoin,QBC,?,$0.000662,?,https://coinmarketcap.com/currencies/quebecoin/
1010,SHACoin,SHA,?,$0.000662,?,https://coinmarketcap.com/currencies/shacoin/
1011,DarkLisk,DISK,?,$0.000662,?,https://coinmarketcap.com/currencies/darklisk/
1012,TopCoin,TOP,?,$0.000625,?,https://coinmarketcap.com/currencies/topcoin/
1013,PrismChain,PRM,?,$0.000625,?,https://coinmarketcap.com/currencies/prismchain/
1014,HBCoin,HBC,?,$0.000607,?,https://coinmarketcap.com/currencies/hbcoin/
1015,NamoCoin,NAMO,?,$0.000590,?,https://coinmarketcap.com/currencies/namocoin/
1016,VegasCoin,VGC,?,$0.000589,?,https://coinmarketcap.com/currencies/vegascoin/
1017,GoldMaxCoin,GMX,?,$0.000588,?,https://coinmarketcap.com/currencies/goldmaxcoin/
1018,BestChain,BEST,?,$0.000565,?,https://coinmarketcap.com/currencies/bestchain/
1019,SportsCoin,SPORT,?,$0.000551,?,https://coinmarketcap.com/currencies/sportscoin/
1020,PeopleCoin,MEN,?,$0.000551,?,https://coinmarketcap.com/currencies/peoplecoin/
1021,Cyder,CYDER,?,$0.000551,?,https://coinmarketcap.com/currencies/cyder/
1022,BlazerCoin,BLAZR,?,$0.000546,?,https://coinmarketcap.com/currencies/blazercoin/
1023,Happy Creator Coin,HCC,?,$0.000441,?,https://coinmarketcap.com/currencies/happy-creator-coin/
1024,Donationcoin,DON,?,$0.000436,?,https://coinmarketcap.com/currencies/donationcoin/
1025,BagCoin,BGC,?,$0.000417,?,https://coinmarketcap.com/currencies/bagcoin/
1026,RHFCoin,RHFC,?,$0.000368,?,https://coinmarketcap.com/currencies/rhfcoin/
1027,Avoncoin,ACN,?,$0.000331,?,https://coinmarketcap.com/currencies/avoncoin/
1028,MobileCash,MBL,?,$0.000294,?,https://coinmarketcap.com/currencies/mobilecash/
1029,The Vegan Initiative,XVE,?,$0.000294,?,https://coinmarketcap.com/currencies/the-vegan-initiative/
1030,Fonziecoin,FONZ,?,$0.000257,?,https://coinmarketcap.com/currencies/fonziecoin/
1031,Moneta,MONETA,?,$0.000257,?,https://coinmarketcap.com/currencies/moneta2/
1032,LAthaan,LTH,?,$0.000257,?,https://coinmarketcap.com/currencies/lathaan/
1033,BROTHER,BRAT,?,$0.000186,?,https://coinmarketcap.com/currencies/brat/
1034,TheCreed,TCR,?,$0.000184,?,https://coinmarketcap.com/currencies/thecreed/
1035,Halloween Coin,HALLO,?,$0.000148,?,https://coinmarketcap.com/currencies/halloween-coin/
1036,LinkedCoin,LKC,?,$0.000147,?,https://coinmarketcap.com/currencies/linkedcoin/
1037,PinkDog,PDG,?,$0.000147,?,https://coinmarketcap.com/currencies/pinkdog/
1038,Wink,WINK,?,$0.000147,?,https://coinmarketcap.com/currencies/wink/
1039,Wowcoin,WOW,?,$0.000146,?,https://coinmarketcap.com/currencies/wowcoin/
1040,Animecoin,ANI,?,$0.000110,?,https://coinmarketcap.com/currencies/animecoin/
1041,X2,X2,?,$0.000110,?,https://coinmarketcap.com/currencies/x2/
1042,PayPeer,PAYP,?,$0.000110,?,https://coinmarketcap.com/currencies/paypeer/
1043,Tellurion,TELL,?,$0.000110,?,https://coinmarketcap.com/currencies/tellurion/
1044,TeamUp,TEAM,?,$0.000110,?,https://coinmarketcap.com/currencies/teamup/
1045,TeraCoin,TERA,?,$0.000110,?,https://coinmarketcap.com/currencies/teracoin/
1046,Primulon,PRIMU,?,$0.000110,?,https://coinmarketcap.com/currencies/primulon/
1047,Birds,BIRDS,?,$0.000110,?,https://coinmarketcap.com/currencies/birds/
1048,Bongger,BGR,?,$0.000078,?,https://coinmarketcap.com/currencies/bongger/
1049,T-coin,TCOIN,?,$0.000074,?,https://coinmarketcap.com/currencies/t-coin/
1050,FireFlyCoin,FFC,?,$0.000074,?,https://coinmarketcap.com/currencies/fireflycoin/
1051,CyberCoin,CC,?,$0.000074,?,https://coinmarketcap.com/currencies/cybercoin/
1052,PokeCoin,POKE,?,$0.000074,?,https://coinmarketcap.com/currencies/pokecoin/
1053,Global Business Revolution,GBRC,?,$0.000074,?,https://coinmarketcap.com/currencies/global-business-revolution/
1054,Cheapcoin,CHEAP,?,$0.000074,?,https://coinmarketcap.com/currencies/cheapcoin/
1055,KashhCoin,KASHH,?,$0.000070,?,https://coinmarketcap.com/currencies/kashhcoin/
1056,Antimatter,ANTX,?,$0.000061,?,https://coinmarketcap.com/currencies/antimatter/
1057,Safe Trade Coin,XSTC,?,$0.000037,?,https://coinmarketcap.com/currencies/safe-trade-coin/
1058,Karmacoin,KARMA,?,$0.000037,?,https://coinmarketcap.com/currencies/karmacoin/
1059,microCoin,MRC,?,$0.000037,?,https://coinmarketcap.com/currencies/microcoin/
1060,UNCoin,UNC,?,$0.000037,?,https://coinmarketcap.com/currencies/uncoin/
1061,Cashme,CME,?,$0.000037,?,https://coinmarketcap.com/currencies/cashme/
1062,SoulCoin,SOUL,?,$0.000037,?,https://coinmarketcap.com/currencies/soulcoin/
1063,SafeCoin,SFE,?,$0.000037,?,https://coinmarketcap.com/currencies/safecoin-old/
1064,Aces,ACES,?,$0.000037,?,https://coinmarketcap.com/currencies/aces/
1065,Rcoin,RCN,?,$0.000037,?,https://coinmarketcap.com/currencies/rcoin/
1066,MoneyCoin,MONEY,?,$0.000037,?,https://coinmarketcap.com/currencies/moneycoin/
1067,LePen,LEPEN,?,$0.000037,?,https://coinmarketcap.com/currencies/lepen/
1068,TurboCoin,TURBO,?,$0.000037,?,https://coinmarketcap.com/currencies/turbocoin/
1069,XTD Coin,XTD,?,$0.000037,?,https://coinmarketcap.com/currencies/xtd-coin/
1070,Bitok,BITOK,?,$0.000037,?,https://coinmarketcap.com/currencies/bitok/
1071,Yescoin,YES,?,$0.000034,?,https://coinmarketcap.com/currencies/yescoin/
1072,FedoraShare,FEDS,?,$0.000011,?,https://coinmarketcap.com/currencies/fedorashare/
1073,Victoriouscoin,VTY,?,$0.000009,?,https://coinmarketcap.com/currencies/victoriouscoin/
1074,Coupecoin,COUPE,?,$0.000006,?,https://coinmarketcap.com/currencies/coupecoin/
1075,BitCentavo,NBE,?,$0.000005,?,https://coinmarketcap.com/currencies/bitcentavo/
1076,IronCoin,PRN,?,$0.000003,?,https://coinmarketcap.com/currencies/ironcoin/
1077,BatCoin,BAT,?,$0.000002,?,https://coinmarketcap.com/currencies/batcoin/
1078,RabbitCoin,RBBT,?,$0.000001,?,https://coinmarketcap.com/currencies/rabbitcoin/
1079,PACcoin,$PAC,?,$1.3e-07,?,https://coinmarketcap.com/currencies/paccoin/
1080,StrongHands,SHND,?,$5.9e-08,?,https://coinmarketcap.com/currencies/stronghands/
