1,Bitcoin,BTC,$16946921164,$1047.87,16172725,https://coinmarketcap.com/currencies/bitcoin/
2,Ethereum,ETH,$1136005587,$12.76,89039377,https://coinmarketcap.com/currencies/ethereum/
3,XRP,XRP,$217744959,$0.005878,37044621729,https://coinmarketcap.com/currencies/ripple/
4,Litecoin,LTC,$187593056,$3.76,49861857,https://coinmarketcap.com/currencies/litecoin/
5,Monero,XMR,$181243461,$12.99,13948472,https://coinmarketcap.com/currencies/monero/
6,Dash,DASH,$160337877,$22.55,7111189,https://coinmarketcap.com/currencies/dash/
7,Ethereum Classic,ETC,$108831949,$1.22,88998351,https://coinmarketcap.com/currencies/ethereum-classic/
8,MaidSafeCoin,MAID,$86427840,$0.190979,452552412,https://coinmarketcap.com/currencies/maidsafecoin/
9,NEM,XEM,$57168590,$0.006352,8999999999,https://coinmarketcap.com/currencies/nem/
10,Augur,REP,$57094433,$5.19,11000000,https://coinmarketcap.com/currencies/augur/
11,Iconomi,ICN,$30215631,$0.347306,87000000,https://coinmarketcap.com/currencies/iconomi/
12,Factom,FCT,$28675456,$3.28,8753219,https://coinmarketcap.com/currencies/factom/
13,Steem,STEEM,$27920641,$0.119055,234518955,https://coinmarketcap.com/currencies/steem/
14,Tether,USDT,$24948453,$0.999898,24950996,https://coinmarketcap.com/currencies/tether/
15,Waves,WAVES,$24091627,$0.240916,100000000,https://coinmarketcap.com/currencies/waves/
16,Golem,GNT,$23632449,$0.028820,820000000,https://coinmarketcap.com/currencies/golem-network-tokens/
17,Dogecoin,DOGE,$22470828,$0.000208,108219481805,https://coinmarketcap.com/currencies/dogecoin/
18,Zcash,ZEC,$21419629,$30.58,700481,https://coinmarketcap.com/currencies/zcash/
19,DigixDAO,DGD,$18642735,$9.32,2000000,https://coinmarketcap.com/currencies/digixdao/
20,Ardor,ARDR,$15874677,$0.015891,998999495,https://coinmarketcap.com/currencies/ardor/
21,Stellar,XLM,$14071725,$0.002014,6987295521,https://coinmarketcap.com/currencies/stellar/
22,Lisk,LSK,$14010226,$0.135530,103373735,https://coinmarketcap.com/currencies/lisk/
23,GameCredits,GAME,$13900500,$0.228679,60786075,https://coinmarketcap.com/currencies/gamecredits/
24,Komodo,KMD,$11956764,$0.118835,100616236,https://coinmarketcap.com/currencies/komodo/
25,ShadowCash,SDC,$11428278,$1.72,6631550,https://coinmarketcap.com/currencies/shadowcash/
26,BitShares,BTS,$10386622,$0.004021,2583280000,https://coinmarketcap.com/currencies/bitshares/
27,BitCrystals,BCY,$9476415,$0.228973,41386534,https://coinmarketcap.com/currencies/bitcrystals/
28,Bytecoin,BCN,$9438252,$0.000052,182477490332,https://coinmarketcap.com/currencies/bytecoin-bcn/
29,Counterparty,XCP,$9417545,$3.59,2620119,https://coinmarketcap.com/currencies/counterparty/
30,SingularDTV,SNGLS,$8915278,$0.014859,600000000,https://coinmarketcap.com/currencies/singulardtv/
31,Siacoin,SC,$7935341,$0.000339,23431439640,https://coinmarketcap.com/currencies/siacoin/
32,Emercoin,EMC,$7831512,$0.198133,39526469,https://coinmarketcap.com/currencies/emercoin/
33,Xaurum,XAUR,$7766257,$0.087073,89192083,https://coinmarketcap.com/currencies/xaurum/
34,Obyte,GBYTE,$7764119,$66.02,117610,https://coinmarketcap.com/currencies/obyte/
35,Decred,DCR,$7747449,$2.01,3851876,https://coinmarketcap.com/currencies/decred/
36,Gulden,NLG,$7724100,$0.022678,340605345,https://coinmarketcap.com/currencies/gulden/
37,Stratis,STRAT,$7680454,$0.078152,98276469,https://coinmarketcap.com/currencies/stratis/
38,BitcoinDark,BTCD,$7523008,$5.84,1288862,https://coinmarketcap.com/currencies/bitcoindark/
39,Peercoin,PPC,$7346041,$0.307555,23885324,https://coinmarketcap.com/currencies/peercoin/
40,Nxt,NXT,$7323852,$0.007331,998999983,https://coinmarketcap.com/currencies/nxt/
41,E-Dinar Coin,EDR,$6862555,$0.503798,13621634,https://coinmarketcap.com/currencies/e-dinar-coin/
42,I/O Coin,IOC,$6836172,$0.419042,16313807,https://coinmarketcap.com/currencies/iocoin/
43,Storjcoin X,SJCX,$6646281,$0.131693,50468144,https://coinmarketcap.com/currencies/storjcoin-x/
44,FirstBlood,1ST,$6405067,$0.074862,85558371,https://coinmarketcap.com/currencies/firstblood/
45,NEO,NEO,$6145234,$0.122905,50000000,https://coinmarketcap.com/currencies/neo/
46,Syscoin,SYS,$5674031,$0.010851,522884181,https://coinmarketcap.com/currencies/syscoin/
47,Golos,GOLOS,$5663814,$0.051261,110489920,https://coinmarketcap.com/currencies/golos/
48,Nexium,NXC,$5232661,$0.078661,66521586,https://coinmarketcap.com/currencies/nexium/
49,Rubycoin,RBY,$5027403,$0.209216,24029742,https://coinmarketcap.com/currencies/rubycoin/
50,Nexus,NXS,$4592976,$0.097654,47033094,https://coinmarketcap.com/currencies/nexus/
51,Creditbit,CRB,$4463906,$0.356033,12537895,https://coinmarketcap.com/currencies/creditbit/
52,PotCoin,POT,$4237462,$0.019633,215831087,https://coinmarketcap.com/currencies/potcoin/
53,YbCoin,YBC,$3912955,$1.30,3017882,https://coinmarketcap.com/currencies/ybcoin/
54,BitConnect,BCC,$3842051,$0.722082,5320799,https://coinmarketcap.com/currencies/bitconnect/
55,Namecoin,NMC,$3706389,$0.251513,14736400,https://coinmarketcap.com/currencies/namecoin/
56,HyperSpace,AMP,$3676471,$0.044695,82256324,https://coinmarketcap.com/currencies/synereo/
57,SolarCoin,SLR,$3250602,$0.093238,34863460,https://coinmarketcap.com/currencies/solarcoin/
58,LoMoCoin,LMC,$2759944,$0.013130,210204405,https://coinmarketcap.com/currencies/lomocoin/
59,GridCoin,GRC,$2538794,$0.006563,386819595,https://coinmarketcap.com/currencies/gridcoin/
60,BlackCoin,BLK,$2513415,$0.033084,75970407,https://coinmarketcap.com/currencies/blackcoin/
61,Qwark,QWARK,$2412536,$0.038687,62359801,https://coinmarketcap.com/currencies/qwark/
62,NavCoin,NAV,$2380208,$0.039222,60684848,https://coinmarketcap.com/currencies/nav-coin/
63,SIBCoin,SIB,$2150851,$0.158589,13562408,https://coinmarketcap.com/currencies/sibcoin/
64,Global Currency Reserve,GCR,$2081140,$0.020360,102216524,https://coinmarketcap.com/currencies/global-currency-reserve/
65,vSlice,VSL,$2064345,$0.061824,33390496,https://coinmarketcap.com/currencies/vslice/
66,DigiByte,DGB,$2024405,$0.000252,8045709058,https://coinmarketcap.com/currencies/digibyte/
67,Aeon,AEON,$2014516,$0.148095,13602898,https://coinmarketcap.com/currencies/aeon/
68,Zcoin,XZC,$2005779,$1.83,1095034,https://coinmarketcap.com/currencies/zcoin/
69,Clams,CLAM,$1972739,$0.923195,2136861,https://coinmarketcap.com/currencies/clams/
70,Omni,OMNI,$1884740,$3.39,556092,https://coinmarketcap.com/currencies/omni/
71,Pepe Cash,PEPECASH,$1860484,$0.002651,701884009,https://coinmarketcap.com/currencies/pepe-cash/
72,Veros,VRS,$1804923,$0.048442,37259509,https://coinmarketcap.com/currencies/veros/
73,Boolberry,BBR,$1724021,$0.189763,9085110,https://coinmarketcap.com/currencies/boolberry/
74,Adzcoin,ADZ,$1717227,$0.032640,52611400,https://coinmarketcap.com/currencies/adzcoin/
75,Burst,BURST,$1674716,$0.000980,1708968391,https://coinmarketcap.com/currencies/burst/
76,Pascal Coin,PASC,$1642955,$0.252973,6494600,https://coinmarketcap.com/currencies/pascal-coin/
77,BitBay,BAY,$1551650,$0.001540,1007323786,https://coinmarketcap.com/currencies/bitbay/
78,Vertcoin,VTC,$1534884,$0.045839,33483913,https://coinmarketcap.com/currencies/vertcoin/
79,Ubiq,UBQ,$1513372,$0.041705,36287351,https://coinmarketcap.com/currencies/ubiq/
80,Lykke,LKK,$1435278,$0.047843,30000000,https://coinmarketcap.com/currencies/lykke/
81,NautilusCoin,NAUT,$1407570,$0.086994,16180000,https://coinmarketcap.com/currencies/nautiluscoin/
82,Expanse,EXP,$1394121,$0.259092,5380792,https://coinmarketcap.com/currencies/expanse/
83,Radium,RADS,$1369954,$0.436271,3140145,https://coinmarketcap.com/currencies/radium/
84,Curecoin,CURE,$1270947,$0.048085,26431310,https://coinmarketcap.com/currencies/curecoin/
85,MonaCoin,MONA,$1265064,$0.027565,45893700,https://coinmarketcap.com/currencies/monacoin/
86,PIVX,PIVX,$1244164,$0.024121,51579921,https://coinmarketcap.com/currencies/pivx/
87,Incent,INCNT,$1237049,$0.053765,23008312,https://coinmarketcap.com/currencies/incent/
88,VPNCoin,VASH,$1166464,$0.002914,400339746,https://coinmarketcap.com/currencies/vpncoin/
89,Steem Dollars,SBD,$1110111,$0.990237,1121056,https://coinmarketcap.com/currencies/steem-dollars/
90,BlockPay,BLOCKPAY,$986020,$0.181644,5428300,https://coinmarketcap.com/currencies/blockpay/
91,LBRY Credits,LBC,$968950,$0.019920,48643048,https://coinmarketcap.com/currencies/library-credit/
92,DubaiCoin,DBIC,$967871,$0.163011,5937465,https://coinmarketcap.com/currencies/dubaicoin/
93,Bela,BELA,$962057,$0.030504,31538600,https://coinmarketcap.com/currencies/belacoin/
94,Auroracoin,AUR,$949770,$0.109697,8658139,https://coinmarketcap.com/currencies/auroracoin/
95,CloakCoin,CLOAK,$939014,$0.192773,4871080,https://coinmarketcap.com/currencies/cloakcoin/
96,Feathercoin,FTC,$920748,$0.006036,152537320,https://coinmarketcap.com/currencies/feathercoin/
97,Novacoin,NVC,$908554,$0.552856,1643383,https://coinmarketcap.com/currencies/novacoin/
98,VeriCoin,VRC,$906453,$0.030269,29946466,https://coinmarketcap.com/currencies/vericoin/
99,Yocoin,YOC,$894402,$0.012792,69918830,https://coinmarketcap.com/currencies/yocoin/
100,Viacoin,VIA,$859133,$0.038327,22416158,https://coinmarketcap.com/currencies/viacoin/
101,NeosCoin,NEOS,$857538,$0.267384,3207143,https://coinmarketcap.com/currencies/neoscoin/
102,Qora,QORA,$838357,$0.000084,10000000000,https://coinmarketcap.com/currencies/qora/
103,EarthCoin,EAC,$837429,$0.000090,9346468332,https://coinmarketcap.com/currencies/earthcoin/
104,Vcash,XVC,$832487,$0.055004,15135027,https://coinmarketcap.com/currencies/vcash/
105,Primecoin,XPM,$802928,$0.044525,18033133,https://coinmarketcap.com/currencies/primecoin/
106,DigitalNote,XDN,$769201,$0.000112,6875717303,https://coinmarketcap.com/currencies/digitalnote/
107,OKCash,OK,$752262,$0.010712,70226819,https://coinmarketcap.com/currencies/okcash/
108,DNotes,NOTE,$713062,$0.006430,110895736,https://coinmarketcap.com/currencies/dnotes/
109,FoldingCoin,FLDC,$697998,$0.001498,465833654,https://coinmarketcap.com/currencies/foldingcoin/
110,Safe Exchange Coin,SAFEX,$684669,$0.000319,2147483647,https://coinmarketcap.com/currencies/safe-exchange-coin/
111,CasinoCoin,CSC,$680666,$0.017633,38601187,https://coinmarketcap.com/currencies/casinocoin/
112,TrumpCoin,TRUMP,$667712,$0.102221,6532017,https://coinmarketcap.com/currencies/trumpcoin/
113,Waves Community Token,WCT,$657634,$0.328817,2000000,https://coinmarketcap.com/currencies/waves-community-token/
114,Darcrus,DAR,$642646,$0.047154,13628655,https://coinmarketcap.com/currencies/darcrus/
115,HiCoin,XHI,$639163,$0.003369,189729990,https://coinmarketcap.com/currencies/hicoin/
116,OBITS,OBITS,$635232,$0.054100,11741814,https://coinmarketcap.com/currencies/obits/
117,Gambit,GAM,$631318,$0.493756,1278602,https://coinmarketcap.com/currencies/gambit/
118,Hacker Gold,HKG,$608320,$0.037758,16110893,https://coinmarketcap.com/currencies/hacker-gold/
119,ION,ION,$608120,$0.055432,10970488,https://coinmarketcap.com/currencies/ion/
120,FLO,FLO,$591948,$0.004766,124197561,https://coinmarketcap.com/currencies/flo/
121,Wild Beast Block,WBB,$568031,$0.260686,2178981,https://coinmarketcap.com/currencies/wild-beast-block/
122,GoldCoin,GLC,$554097,$0.013847,40016644,https://coinmarketcap.com/currencies/goldcoin/
123,Project Decorum,PDC,$534414,$0.010688,50000000,https://coinmarketcap.com/currencies/project-decorum/
124,Energycoin,ENRG,$529796,$0.004391,120666715,https://coinmarketcap.com/currencies/energycoin/
125,Diamond,DMD,$521335,$0.266123,1958997,https://coinmarketcap.com/currencies/diamond/
126,PureVidz,VIDZ,$510956,$0.004086,125051945,https://coinmarketcap.com/currencies/purevidz/
127,Bitmark,BTM,$498646,$0.127819,3901180,https://coinmarketcap.com/currencies/bitmark/
128,NuShares,NSR,$486857,$0.000189,2581198940,https://coinmarketcap.com/currencies/nushares/
129,Megacoin,MEC,$469219,$0.014268,32886450,https://coinmarketcap.com/currencies/megacoin/
130,Asiadigicoin,ADCN,$450274,$0.051343,8769863,https://coinmarketcap.com/currencies/asiadigicoin/
131,Spectrecoin,XSPEC,$446579,$0.022206,20110603,https://coinmarketcap.com/currencies/spectrecoin/
132,AsiaCoin,AC,$435604,$0.000618,704583629,https://coinmarketcap.com/currencies/asiacoin/
133,ZClassic,ZCL,$431336,$0.570428,756163,https://coinmarketcap.com/currencies/zclassic/
134,Riecoin,RIC,$424827,$0.013593,31253475,https://coinmarketcap.com/currencies/riecoin/
135,Shift,SHIFT,$410838,$0.039069,10515662,https://coinmarketcap.com/currencies/shift/
136,Circuits of Value,COVAL,$410765,$0.001027,400000000,https://coinmarketcap.com/currencies/circuits-of-value/
137,SaluS,SLS,$410368,$0.409298,1002614,https://coinmarketcap.com/currencies/salus/
138,Infinitecoin,IFC,$393988,$0.000004,90596274910,https://coinmarketcap.com/currencies/infinitecoin/
139,Veltor,VLT,$389226,$0.712541,546250,https://coinmarketcap.com/currencies/veltor/
140,PutinCoin,PUT,$384751,$0.003877,99236592,https://coinmarketcap.com/currencies/putincoin/
141,HunterCoin,HUC,$380808,$0.023605,16132290,https://coinmarketcap.com/currencies/huntercoin/
142,Round,ROUND,$356276,$0.000419,850000000,https://coinmarketcap.com/currencies/round/
143,Myriad,XMY,$350937,$0.000240,1460374996,https://coinmarketcap.com/currencies/myriad/
144,Zetacoin,ZET,$340172,$0.002054,165580423,https://coinmarketcap.com/currencies/zetacoin/
145,Triggers,TRIG,$336425,$0.010479,32105593,https://coinmarketcap.com/currencies/triggers/
146,WorldCoin,WDC,$335424,$0.002961,113282155,https://coinmarketcap.com/currencies/worldcoin/
147,Startcoin,START,$331603,$0.007356,45079785,https://coinmarketcap.com/currencies/startcoin/
148,RevolutionVR,RVR,$330502,$0.010492,31500000,https://coinmarketcap.com/currencies/revolutionvr/
149,Bitcoin Plus,XBC,$321369,$3.45,93163,https://coinmarketcap.com/currencies/bitcoin-plus/
150,Einsteinium,EMC2,$317433,$0.001529,207567100,https://coinmarketcap.com/currencies/einsteinium/
151,vTorrent,VTR,$308391,$0.028513,10815966,https://coinmarketcap.com/currencies/vtorrent/
152,Groestlcoin,GRS,$308079,$0.004616,66745446,https://coinmarketcap.com/currencies/groestlcoin/
153,PLAY,PLS,$291348,$0.000146,1999862899,https://coinmarketcap.com/currencies/play/
154,ZcCoin,ZCC,$287532,$0.004663,61657044,https://coinmarketcap.com/currencies/zccoin/
155,Unobtanium,UNO,$279018,$1.41,197631,https://coinmarketcap.com/currencies/unobtanium/
156,PinkCoin,PINK,$271400,$0.000744,364790597,https://coinmarketcap.com/currencies/pinkcoin/
157,HempCoin,HMP,$270211,$0.000199,1356007934,https://coinmarketcap.com/currencies/hempcoin-hmp/
158,Sequence,SEQ,$261706,$0.005910,44282045,https://coinmarketcap.com/currencies/sequence/
159,Horizon,HZ,$250806,$0.000251,997285886,https://coinmarketcap.com/currencies/next-horizon/
160,EverGreenCoin,EGC,$242637,$0.018318,13246042,https://coinmarketcap.com/currencies/evergreencoin/
161,SACoin,SAC,$220066,$0.033479,6573177,https://coinmarketcap.com/currencies/sacoin/
162,e-Gulden,EFL,$216666,$0.014293,15159432,https://coinmarketcap.com/currencies/e-gulden/
163,NobleCoin,NOBL,$215631,$0.000094,2286757332,https://coinmarketcap.com/currencies/noblecoin/
164,PostCoin,POST,$196132,$0.012584,15585790,https://coinmarketcap.com/currencies/postcoin/
165,Magi,XMG,$192584,$0.029153,6606071,https://coinmarketcap.com/currencies/magi/
166,MonetaryUnit,MUE,$169382,$0.001498,113099760,https://coinmarketcap.com/currencies/monetaryunit/
167,Digitalcoin,DGC,$166643,$0.004846,34389793,https://coinmarketcap.com/currencies/digitalcoin/
168,Cryptonite,XCN,$165245,$0.000805,205328613,https://coinmarketcap.com/currencies/cryptonite/
169,UnionCoin,UNC,$158871,$0.018939,8388608,https://coinmarketcap.com/currencies/unioncoin/
170,bitCNY,BITCNY,$157007,$0.143254,1096010,https://coinmarketcap.com/currencies/bitcny/
171,Orbitcoin,ORB,$155244,$0.053890,2880775,https://coinmarketcap.com/currencies/orbitcoin/
172,Pesobit,PSB,$151492,$0.004715,32126912,https://coinmarketcap.com/currencies/pesobit/
173,Quatloo,QTL,$149796,$0.029592,5062002,https://coinmarketcap.com/currencies/quatloo/
174,Tao,XTO,$148700,$0.004927,30180419,https://coinmarketcap.com/currencies/tao/
175,Syndicate,SYNX,$146917,$0.013382,10978660,https://coinmarketcap.com/currencies/syndicate/
176,Janus,JNS,$142598,$0.011761,12124768,https://coinmarketcap.com/currencies/janus/
177,GeoCoin,GEO,$142116,$0.057887,2455079,https://coinmarketcap.com/currencies/geocoin/
178,Flycoin,FLY,$137047,$0.650109,210806,https://coinmarketcap.com/currencies/flycoin/
179,NuBits,USNBT,$135400,$0.998505,135603,https://coinmarketcap.com/currencies/nubits/
180,Qibuck,QBK,$133783,$0.254192,526307,https://coinmarketcap.com/currencies/qibuck/
181,Digital Rupees,DRS,$133208,$0.000262,508490306,https://coinmarketcap.com/currencies/digital-rupees/
182,PoSW Coin,POSW,$126763,$0.003169,40000000,https://coinmarketcap.com/currencies/posw-coin/
183,Elcoin,EL,$120213,$0.010725,11208967,https://coinmarketcap.com/currencies/elcoin-el/
184,Coin2.1,C2,$119429,$0.001195,99976323,https://coinmarketcap.com/currencies/coin2-1/
185,Vault Coin,VLTC,$114334,$0.003905,29278274,https://coinmarketcap.com/currencies/vault-coin/
186,Capricoin,CPC,$114268,$0.123455,925585,https://coinmarketcap.com/currencies/capricoin/
187,bitUSD,BITUSD,$107111,$0.991265,108055,https://coinmarketcap.com/currencies/bitusd/
188,Bata,BTA,$103297,$0.021041,4909297,https://coinmarketcap.com/currencies/bata/
189,Bytecent,BYC,$102708,$0.069882,1469718,https://coinmarketcap.com/currencies/bytecent/
190,BitSend,BSD,$102649,$0.007298,14065225,https://coinmarketcap.com/currencies/bitsend/
191,Deutsche eMark,DEM,$95685,$0.003443,27793416,https://coinmarketcap.com/currencies/deutsche-emark/
192,Wexcoin,WEX,$94684,$0.862774,109743,https://coinmarketcap.com/currencies/wexcoin/
193,Terracoin,TRC,$93929,$0.005024,18696080,https://coinmarketcap.com/currencies/terracoin/
194,Pesetacoin,PTC,$92909,$0.000723,128544073,https://coinmarketcap.com/currencies/pesetacoin/
195,TrustPlus,TRUST,$92462,$0.002882,32086595,https://coinmarketcap.com/currencies/trustplus/
196,Moin,MOIN,$88033,$0.013009,6767141,https://coinmarketcap.com/currencies/moin/
197,KushCoin,KUSH,$88008,$0.016493,5335950,https://coinmarketcap.com/currencies/kushcoin/
198,Zayedcoin,ZYD,$85852,$0.016200,5299460,https://coinmarketcap.com/currencies/zayedcoin/
199,BTSR,BTSR,$82771,$0.024526,3374768,https://coinmarketcap.com/currencies/btsr/
200,SwagBucks,BUCKS,$78016,$0.462306,168753,https://coinmarketcap.com/currencies/swagbucks/
201,Sterlingcoin,SLG,$77581,$0.019989,3881156,https://coinmarketcap.com/currencies/sterlingcoin/
202,CannaCoin,CCN,$77479,$0.016509,4693288,https://coinmarketcap.com/currencies/cannacoin/
203,Dashcoin,DSH,$75089,$0.004397,17078855,https://coinmarketcap.com/currencies/dashcoin/
204,Karbo,KRB,$70722,$0.026843,2634655,https://coinmarketcap.com/currencies/karbo/
205,Bullion,CBX,$67344,$0.067991,990482,https://coinmarketcap.com/currencies/bullion/
206,Dotcoin,DOT,$67121,$0.000335,200276000,https://coinmarketcap.com/currencies/dotcoin/
207,VeriumReserve,VRM,$66870,$0.072912,917138,https://coinmarketcap.com/currencies/veriumreserve/
208,Cannabis Industry Coin,XCI,$63710,$0.083830,759998,https://coinmarketcap.com/currencies/cannabis-industry-coin/
209,Sexcoin,SXC,$61541,$0.000511,120541851,https://coinmarketcap.com/currencies/sexcoin/
210,TransferCoin,TX,$59430,$0.010185,5835097,https://coinmarketcap.com/currencies/transfercoin/
211,Truckcoin,TRK,$55458,$0.000525,105726471,https://coinmarketcap.com/currencies/truckcoin/
212,Atomic Coin,ATOM,$55309,$0.006613,8363239,https://coinmarketcap.com/currencies/atomic-coin/
213,Influxcoin,INFX,$53533,$0.031991,1673383,https://coinmarketcap.com/currencies/influxcoin/
214,ICOBID,ICOB,$52624,$0.000515,102244347,https://coinmarketcap.com/currencies/icobid/
215,NetCoin,NET,$41208,$0.000052,786609955,https://coinmarketcap.com/currencies/netcoin/
216,BTCDragon,DRAGON,$41158,$0.102895,400000,https://coinmarketcap.com/currencies/btcdragon/
217,ParkByte,PKB,$39988,$0.008395,4763619,https://coinmarketcap.com/currencies/parkbyte/
218,Titcoin,TIT,$31870,$0.000639,49898202,https://coinmarketcap.com/currencies/titcoin/
219,Sativacoin,STV,$31179,$0.004408,7072818,https://coinmarketcap.com/currencies/sativacoin/
220,ExclusiveCoin,EXCL,$31023,$0.007849,3952751,https://coinmarketcap.com/currencies/exclusivecoin/
221,Prime-XI,PXI,$29468,$0.002239,13158835,https://coinmarketcap.com/currencies/prime-xi/
222,Pakcoin,PAK,$28853,$0.000891,32376750,https://coinmarketcap.com/currencies/pakcoin/
223,Sling,SLING,$28500,$0.026534,1074095,https://coinmarketcap.com/currencies/sling/
224,CryptoWorldX Token,CWXT,$27434,$0.000534,51334930,https://coinmarketcap.com/currencies/cryptoworldx-token/
225,UnbreakableCoin,UNB,$26786,$0.011758,2278150,https://coinmarketcap.com/currencies/unbreakablecoin/
226,Advanced Technology Coin,ARC,$26730,$0.001194,22383844,https://coinmarketcap.com/currencies/arcticcoin/
227,CrevaCoin,CREVA,$25662,$0.000705,36390750,https://coinmarketcap.com/currencies/crevacoin/
228,Evotion,EVO,$25061,$0.010149,2469220,https://coinmarketcap.com/currencies/evotion/
229,Machinecoin,MAC,$25044,$0.001341,18671650,https://coinmarketcap.com/currencies/machinecoin/
230,DT Token,DRACO,$24532,$0.000286,85898888,https://coinmarketcap.com/currencies/dt-token/
231,Xenixcoin,XEN,$24053,$2.49,9661,https://coinmarketcap.com/currencies/xenixcoin/
232,bitSilver,BITSILVER,$23869,$19.45,1227,https://coinmarketcap.com/currencies/bitsilver/
233,Eryllium,ERY,$23417,$0.010838,2160728,https://coinmarketcap.com/currencies/eryllium/
234,42-coin,42,$22003,$523.87,41.999999,https://coinmarketcap.com/currencies/42-coin/
235,Gapcoin,GAP,$21421,$0.002096,10221312,https://coinmarketcap.com/currencies/gapcoin/
236,Luna Coin,LUNA,$19902,$0.035520,560316,https://coinmarketcap.com/currencies/luna-coin/
237,BipCoin,BIP,$18691,$0.017814,1049262,https://coinmarketcap.com/currencies/bipcoin/
238,BitBar,BTB,$17859,$0.599549,29787,https://coinmarketcap.com/currencies/bitbar/
239,CryptoCarbon,CCRB,$16707,$1.40,11951,https://coinmarketcap.com/currencies/cryptocarbon/
240,8Bit,8BIT,$16485,$0.023155,711961,https://coinmarketcap.com/currencies/8bit/
241,BowsCoin,BSC,$16459,$0.002965,5550102,https://coinmarketcap.com/currencies/bowscoin/
242,Bikercoin,BIC,$16252,$0.002230,7287982,https://coinmarketcap.com/currencies/bikercoin/
243,GlobalBoost-Y,BSTY,$15810,$0.001405,11252980,https://coinmarketcap.com/currencies/globalboost-y/
244,YashCoin,YASH,$12683,$0.010510,1206698,https://coinmarketcap.com/currencies/yashcoin/
245,FlavorCoin,FLVR,$12279,$0.000597,20557716,https://coinmarketcap.com/currencies/flavorcoin/
246,Beatcoin,XBTS,$11999,$0.007870,1524686,https://coinmarketcap.com/currencies/beatcoin/
247,AquariusCoin,ARCO,$10795,$0.010060,1073152,https://coinmarketcap.com/currencies/aquariuscoin/
248,Elysium,ELS,$10086,$0.002521,4000271,https://coinmarketcap.com/currencies/elysium/
249,Triangles,TRI,$9774,$0.134096,72891,https://coinmarketcap.com/currencies/triangles/
250,Printerium,PRX,$8236,$0.001373,6000427,https://coinmarketcap.com/currencies/printerium/
251,NevaCoin,NEVA,$8115,$0.005822,1393795,https://coinmarketcap.com/currencies/nevacoin/
252,Solarflarecoin,SFC,$6784,$0.001771,3830651,https://coinmarketcap.com/currencies/solarflarecoin/
253,AnarchistsPrime,ACP,$5919,$0.001347,4394874,https://coinmarketcap.com/currencies/anarchistsprime/
254,PayCon,CON,$5559,$0.000241,23042604,https://coinmarketcap.com/currencies/paycon/
255,Future Digital Currency,FDC,$4051,$0.003563,1137051,https://coinmarketcap.com/currencies/future-digital-currency/
256,Comet,CMT,$3593,$0.004718,761560,https://coinmarketcap.com/currencies/comet/
257,LiteBar,LTB,$2000,$0.011315,176737,https://coinmarketcap.com/currencies/litebar/
258,CaliphCoin,CALC,$134,$0.003435,38940,https://coinmarketcap.com/currencies/caliphcoin/
259,Agoras Tokens,AGRS,$4500518,$0.107155,42000000,https://coinmarketcap.com/currencies/agoras-tokens/
260,SuperNET,UNITY,$2182236,$2.67,816061,https://coinmarketcap.com/currencies/supernet-unity/
261,HEAT,HEAT,$1823107,$0.071677,25434944,https://coinmarketcap.com/currencies/heat-ledger/
262,FairCoin,FAIR,$1231860,$0.023263,52954287,https://coinmarketcap.com/currencies/faircoin/
263,Arcade Token,ARC,$1201000,$0.150100,8001334,https://coinmarketcap.com/currencies/arcade-token/
264,Scotcoin,SCOT,$1047870,$0.001048,1000000000,https://coinmarketcap.com/currencies/scotcoin/
265,CageCoin,CAGE,$1040604,$0.000010,101168328395,https://coinmarketcap.com/currencies/cagecoin/
266,MintCoin,MINT,$1010268,$0.000042,24108404429,https://coinmarketcap.com/currencies/mintcoin/
267,SounDAC,XSD,$834002,$0.000607,1374840478,https://coinmarketcap.com/currencies/bitshares-music/
268,ReddCoin,RDD,$803579,$0.000028,28279196459,https://coinmarketcap.com/currencies/reddcoin/
269,FedoraCoin,TIPS,$717913,$0.000002,443168182458,https://coinmarketcap.com/currencies/fedoracoin/
270,FuelCoin,FC2,$672849,$0.006643,101279394,https://coinmarketcap.com/currencies/fuelcoin/
271,Rise,RISE,$542056,$0.005051,107322190,https://coinmarketcap.com/currencies/rise/
272,Bitpark Coin,BPC,$509265,$0.006790,75000000,https://coinmarketcap.com/currencies/bitpark-coin/
273,Dimecoin,DIME,$428767,$8.2e-07,519740300112,https://coinmarketcap.com/currencies/dimecoin/
274,LuckChain,BASH,$422492,$0.000427,989481740,https://coinmarketcap.com/currencies/luckchain/
275,HTML5COIN,HTML5,$400903,$0.000010,40659020000,https://coinmarketcap.com/currencies/htmlcoin5/
276,Joincoin,J,$368395,$0.150464,2448402,https://coinmarketcap.com/currencies/joincoin/
277,Breakout Stake,BRX,$349096,$0.055694,6268082,https://coinmarketcap.com/currencies/breakout-stake/
278,Quark,QRK,$344454,$0.001377,250101047,https://coinmarketcap.com/currencies/quark/
279,Breakout,BRK,$318376,$0.018055,17633867,https://coinmarketcap.com/currencies/breakout/
280,EuropeCoin,ERC,$314942,$0.032348,9736134,https://coinmarketcap.com/currencies/europecoin/
281,BoostCoin,BOST,$310888,$0.026223,11855487,https://coinmarketcap.com/currencies/boostcoin/
282,ICO OpenLedger,ICOO,$309356,$0.656937,470906,https://coinmarketcap.com/currencies/ico-openledger/
283,Jewels,JWL,$294594,$0.014649,20109883,https://coinmarketcap.com/currencies/jewels/
284,Verge,XVG,$283510,$0.000022,12793464160,https://coinmarketcap.com/currencies/verge/
285,AudioCoin,ADC,$280519,$0.000354,793198644,https://coinmarketcap.com/currencies/audiocoin/
286,GoldBlocks,GB,$265990,$0.018917,14061119,https://coinmarketcap.com/currencies/goldblocks/
287,Pandacoin,PND,$245144,$0.000008,32514916898,https://coinmarketcap.com/currencies/pandacoin-pnd/
288,Mineum,MNM,$238940,$0.025321,9436367,https://coinmarketcap.com/currencies/mineum/
289,CannabisCoin,CANN,$232495,$0.003010,77231158,https://coinmarketcap.com/currencies/cannabiscoin/
290,GetGems,GEMZ,$230886,$0.002620,88135199,https://coinmarketcap.com/currencies/gems/
291,Pangea Poker,PANGEA,$227119,$0.227267,999352,https://coinmarketcap.com/currencies/pangea-poker/
292,AmberCoin,AMBER,$213857,$0.004905,43601416,https://coinmarketcap.com/currencies/ambercoin/
293,Zeitcoin,ZEIT,$213570,$0.000006,36010399339,https://coinmarketcap.com/currencies/zeitcoin/
294,Colossuscoin V2,CV2,$210085,$0.000010,21812414964,https://coinmarketcap.com/currencies/colossuscoin-v2/
295,VootCoin,VOOT,$203272,$0.002934,69280656,https://coinmarketcap.com/currencies/vootcoin/
296,Applecoin,APC,$194804,$0.008741,22286048,https://coinmarketcap.com/currencies/applecoin/
297,MAZA,MAZA,$194197,$0.000178,1092618137,https://coinmarketcap.com/currencies/mazacoin/
298,Synergy,SNRG,$186615,$0.074113,2517990,https://coinmarketcap.com/currencies/synergy/
299,Blocknet,BLOCK,$182102,$0.046567,3910516,https://coinmarketcap.com/currencies/blocknet/
300,2GIVE,2GIVE,$180847,$0.000356,507758379,https://coinmarketcap.com/currencies/2give/
301,Bitstar,BITS,$173113,$0.009198,18820916,https://coinmarketcap.com/currencies/bitstar/
302,Woodcoin,LOG,$172859,$0.021513,8035193,https://coinmarketcap.com/currencies/woodcoin/
303,I0Coin,I0C,$171361,$0.008173,20965701,https://coinmarketcap.com/currencies/i0coin/
304,Shorty,SHORTY,$167659,$0.001677,100000000,https://coinmarketcap.com/currencies/shorty/
305,BilShares,BILS,$167659,$0.000168,1000000000,https://coinmarketcap.com/currencies/bilshares/
306,Crown,CRW,$163679,$0.013497,12127477,https://coinmarketcap.com/currencies/crown/
307,SecureCoin,SRC,$151535,$0.020541,7377041,https://coinmarketcap.com/currencies/securecoin/
308,Cryptofund,FUND,$146624,$0.146624,1000000,https://coinmarketcap.com/currencies/cryptofund/
309,Artex Coin,ATX,$139400,$0.007538,18492350,https://coinmarketcap.com/currencies/artex-coin/
310,Stealth,XST,$137779,$0.005407,25481524,https://coinmarketcap.com/currencies/stealth/
311,TagCoin,TAG,$137066,$0.026223,5226918,https://coinmarketcap.com/currencies/tagcoin/
312,IncaKoin,NKA,$136465,$0.000021,6511561046,https://coinmarketcap.com/currencies/incakoin/
313,DopeCoin,DOPE,$136063,$0.000964,141157233,https://coinmarketcap.com/currencies/dopecoin/
314,Canada eCoin,CDN,$134312,$0.001379,97415544,https://coinmarketcap.com/currencies/canada-ecoin/
315,ArtByte,ABY,$132453,$0.000178,743543250,https://coinmarketcap.com/currencies/artbyte/
316,Mooncoin,MOON,$129799,$5.9e-07,220878220190,https://coinmarketcap.com/currencies/mooncoin/
317,Rimbit,RBT,$127080,$0.001100,115499623,https://coinmarketcap.com/currencies/rimbit/
318,SpreadCoin,SPR,$122094,$0.016292,7494109,https://coinmarketcap.com/currencies/spreadcoin/
319,Bitland,CADASTRAL,$120620,$0.004021,30000000,https://coinmarketcap.com/currencies/bitland/
320,Espers,ESP,$119023,$0.000006,19794105661,https://coinmarketcap.com/currencies/espers/
321,Swing,SWING,$117465,$0.059201,1984170,https://coinmarketcap.com/currencies/swing/
322,HitCoin,HTC,$115227,$0.000010,10996318099,https://coinmarketcap.com/currencies/hitcoin/
323,Kobocoin,KOBO,$111357,$0.004508,24700248,https://coinmarketcap.com/currencies/kobocoin/
324,Maxcoin,MAX,$110519,$0.002030,54442678,https://coinmarketcap.com/currencies/maxcoin/
325,Ixcoin,IXC,$110007,$0.005239,20999088,https://coinmarketcap.com/currencies/ixcoin/
326,Bitswift,BITS,$106777,$0.026320,4056882,https://coinmarketcap.com/currencies/bitswift/
327,GlobalCoin,GLC,$105837,$0.001624,65171010,https://coinmarketcap.com/currencies/globalcoin/
328,Fantomcoin,FCN,$102070,$0.018862,5411481,https://coinmarketcap.com/currencies/fantomcoin/
329,Stress,STS,$100672,$0.000178,565134332,https://coinmarketcap.com/currencies/stress/
330,Coin(O),CNO,$94858,$0.000933,101712654,https://coinmarketcap.com/currencies/coin/
331,BTCtalkcoin,TALK,$94414,$0.001446,65290635,https://coinmarketcap.com/currencies/btctalkcoin/
332,Bean Cash,BITB,$93109,$0.000052,1799098000,https://coinmarketcap.com/currencies/bean-cash/
333,Blitzcash,BLITZ,$92101,$0.022760,4046678,https://coinmarketcap.com/currencies/blitzcash/
334,HempCoin,THC,$91005,$0.000430,211823061,https://coinmarketcap.com/currencies/hempcoin/
335,TeslaCoin,TES,$89708,$0.001289,69611144,https://coinmarketcap.com/currencies/teslacoin/
336,Tickets,TIX,$89634,$0.000001,66876281414,https://coinmarketcap.com/currencies/tickets/
337,Rubies,RBIES,$89289,$0.008666,10303541,https://coinmarketcap.com/currencies/rubies/
338,Kore,KORE,$88984,$0.048600,1830949,https://coinmarketcap.com/currencies/korecoin/
339,MediterraneanCoin,MED,$88971,$0.002201,40431897,https://coinmarketcap.com/currencies/mediterraneancoin/
340,WhiteCoin,XWC,$83528,$0.000272,306584146,https://coinmarketcap.com/currencies/whitecoin/
341,LIQUID,LQD,$80165,$0.234598,341714,https://coinmarketcap.com/currencies/liquid/
342,MojoCoin,MOJO,$79887,$0.000720,110947241,https://coinmarketcap.com/currencies/mojocoin/
343,Sphere,SPHR,$79148,$0.025673,3082940,https://coinmarketcap.com/currencies/sphere/
344,NoLimitCoin,NLC2,$77483,$0.000387,200295470,https://coinmarketcap.com/currencies/nolimitcoin/
345,Xiaomicoin,MI,$76577,$0.000189,405994638,https://coinmarketcap.com/currencies/xiaomicoin/
346,ECC,ECC,$71865,$0.000003,21276729254,https://coinmarketcap.com/currencies/eccoin/
347,Piggycoin,PIGGY,$64510,$0.000134,482663421,https://coinmarketcap.com/currencies/piggycoin/
348,GoldPieces,GP,$63255,$0.051841,1220161,https://coinmarketcap.com/currencies/goldpieces/
349,Cryptojacks,CJ,$61328,$0.000151,406568581,https://coinmarketcap.com/currencies/cryptojacks/
350,Hyper,HYPER,$57488,$0.007581,7583545,https://coinmarketcap.com/currencies/hyper/
351,SmileyCoin,SMLY,$55291,$0.000002,25761040000,https://coinmarketcap.com/currencies/smileycoin/
352,BillaryCoin,BLRY,$54922,$0.006120,8974800,https://coinmarketcap.com/currencies/billarycoin/
353,ARCHcoin,ARCH,$52676,$0.003175,16590779,https://coinmarketcap.com/currencies/archcoin/
354,LTBcoin,LTBC,$52445,$0.000106,493863915,https://coinmarketcap.com/currencies/ltbcoin/
355,Trollcoin,TROLL,$51915,$0.000095,549129772,https://coinmarketcap.com/currencies/trollcoin/
356,Magnum,MGM,$51765,$0.015185,3408870,https://coinmarketcap.com/currencies/magnum/
357,TileCoin,XTC,$48076,$0.000481,100000000,https://coinmarketcap.com/currencies/tilecoin/
358,bitBTC,BITBTC,$47887,$1098.88,43.5777,https://coinmarketcap.com/currencies/bitbtc/
359,BERNcash,BERN,$44660,$0.000645,69280038,https://coinmarketcap.com/currencies/berncash/
360,BigUp,BIGUP,$44369,$0.000010,4234248756,https://coinmarketcap.com/currencies/bigup/
361,PetroDollar,XPD,$44257,$0.000692,63993275,https://coinmarketcap.com/currencies/petrodollar/
362,The Cypherfunks,FUNK,$43781,$0.000001,43197895000,https://coinmarketcap.com/currencies/the-cypherfunks/
363,WayGuide,WAY,$42980,$0.000430,100040708,https://coinmarketcap.com/currencies/wayguide/
364,Yacoin,YAC,$42685,$0.000377,113168610,https://coinmarketcap.com/currencies/yacoin/
365,LiteDoge,LDOGE,$41968,$0.000003,13697596139,https://coinmarketcap.com/currencies/litedoge/
366,KarmaToken,KTN,$41933,$0.006284,6673000,https://coinmarketcap.com/currencies/karmatoken/
367,BlueCoin,BLU,$40634,$0.000071,574683675,https://coinmarketcap.com/currencies/bluecoin/
368,CorgiCoin,CORG,$38678,$0.000041,932361655,https://coinmarketcap.com/currencies/corgicoin/
369,AurumCoin,AU,$38228,$0.129443,295328,https://coinmarketcap.com/currencies/aurumcoin/
370,PayCoin,XPY,$35827,$0.003073,11657906,https://coinmarketcap.com/currencies/paycoin2/
371,Bottlecaps,CAP,$34568,$0.000314,109978182,https://coinmarketcap.com/currencies/bottlecaps/
372,Anoncoin,ANC,$34215,$0.016213,2110317,https://coinmarketcap.com/currencies/anoncoin/
373,HOdlcoin,HODL,$33603,$0.000828,40592668,https://coinmarketcap.com/currencies/hodlcoin/
374,Uniform Fiscal Object,UFO,$33173,$0.000010,3166148762,https://coinmarketcap.com/currencies/uniform-fiscal-object/
375,Abncoin,ABN,$32685,$0.482786,67700,https://coinmarketcap.com/currencies/abncoin/
376,Nullex,NLX,$30067,$0.000743,40477042,https://coinmarketcap.com/currencies/nullex/
377,Dollarcoin,DLC,$30059,$0.003301,9106714,https://coinmarketcap.com/currencies/dollarcoin/
378,SproutsExtreme,SPEX,$30025,$0.000010,2866607586,https://coinmarketcap.com/currencies/sproutsextreme/
379,ReeCoin,REE,$29548,$0.002389,12367704,https://coinmarketcap.com/currencies/reecoin/
380,MarteXcoin,MXT,$29451,$0.010492,2806890,https://coinmarketcap.com/currencies/martexcoin/
381,LottoCoin,LOT,$29443,$0.000002,14491014421,https://coinmarketcap.com/currencies/lottocoin/
382,SmartCoin,SMC,$29371,$0.001310,22421830,https://coinmarketcap.com/currencies/smartcoin/
383,QuazarCoin,QCN,$27539,$0.005239,5256257,https://coinmarketcap.com/currencies/quazarcoin-old/
384,InsaneCoin,INSANE,$27462,$0.001498,18327165,https://coinmarketcap.com/currencies/insanecoin/
385,TEKcoin,TEK,$26244,$0.000021,1252233726,https://coinmarketcap.com/currencies/tekcoin/
386,Newbium,NEWB,$25400,$0.001058,24000000,https://coinmarketcap.com/currencies/newbium/
387,Nyancoin,NYAN,$24969,$0.000084,297891209,https://coinmarketcap.com/currencies/nyancoin/
388,Memetic / PepeCoin,MEME,$24935,$0.002054,12140865,https://coinmarketcap.com/currencies/memetic/
389,SpaceCoin,SPACE,$24350,$0.001502,16206427,https://coinmarketcap.com/currencies/spacecoin/
390,Unitus,UIS,$24191,$0.000575,42089398,https://coinmarketcap.com/currencies/unitus/
391,Universal Currency,UNIT,$23971,$0.001837,13046431,https://coinmarketcap.com/currencies/universal-currency/
392,Elite,1337,$23457,$0.000001,18415019279,https://coinmarketcap.com/currencies/1337coin/
393,GCN Coin,GCN,$22630,$2.6e-07,88621910000,https://coinmarketcap.com/currencies/gcn-coin/
394,Blakecoin,BLC,$22088,$0.001854,11910789,https://coinmarketcap.com/currencies/blakecoin/
395,SatoshiMadness,MAD,$20965,$0.000010,2000683485,https://coinmarketcap.com/currencies/satoshimadness/
396,Fastcoin,FST,$20785,$0.000164,126764507,https://coinmarketcap.com/currencies/fastcoin/
397,Jin Coin,JIN,$20743,$0.002106,9848485,https://coinmarketcap.com/currencies/jin-coin/
398,Debitcoin,DBTC,$20694,$0.001153,17953311,https://coinmarketcap.com/currencies/debitcoin/
399,AmsterdamCoin,AMS,$19825,$0.002064,9603707,https://coinmarketcap.com/currencies/amsterdamcoin/
400,FujiCoin,FJC,$19692,$0.000023,841677013,https://coinmarketcap.com/currencies/fujicoin/
401,CCMiner,CCM100,$19378,$0.008918,2172974,https://coinmarketcap.com/currencies/ccminer/
402,Manna,MANNA,$19084,$0.000472,40470691,https://coinmarketcap.com/currencies/manna/
403,Chronos,CRX,$18625,$0.000258,72276493,https://coinmarketcap.com/currencies/chronos/
404,Creatio,XCRE,$18236,$0.000901,20235408,https://coinmarketcap.com/currencies/creatio/
405,Iconic,ICON,$18005,$0.031436,572743,https://coinmarketcap.com/currencies/iconic/
406,Granite,GRN,$17467,$0.000540,32370750,https://coinmarketcap.com/currencies/granitecoin/
407,HoboNickels,HBN,$17179,$0.000451,38130858,https://coinmarketcap.com/currencies/hobonickels/
408,FlutterCoin,FLT,$16882,$0.000052,322214524,https://coinmarketcap.com/currencies/fluttercoin/
409,Cypher,CYP,$16603,$0.002608,6365285,https://coinmarketcap.com/currencies/cypher/
410,KiloCoin,KLC,$16456,$0.000084,196297971,https://coinmarketcap.com/currencies/kilocoin/
411,DigiCube,CUBE,$16386,$0.000008,2071863759,https://coinmarketcap.com/currencies/digicube/
412,Krypton,KR,$16318,$0.005606,2910710,https://coinmarketcap.com/currencies/krypton/
413,The Viral Exchange,TVE,$16165,$0.033064,488918,https://coinmarketcap.com/currencies/the-viral-exchange/
414,PlatinumBAR,XPTX,$16001,$0.144795,110507,https://coinmarketcap.com/currencies/platinumbar/
415,TittieCoin,TIT,$15604,$0.000012,1259816434,https://coinmarketcap.com/currencies/tittiecoin/
416,Ratecoin,XRA,$15327,$0.000152,101166009,https://coinmarketcap.com/currencies/ratecoin/
417,Independent Money System,IMS,$15144,$0.002821,5368934,https://coinmarketcap.com/currencies/independent-money-system/
418,Cabbage,CAB,$14825,$0.001412,10499996,https://coinmarketcap.com/currencies/cabbage/
419,Joulecoin,XJO,$14026,$0.000458,30657128,https://coinmarketcap.com/currencies/joulecoin/
420,bitGold,BITGOLD,$13400,$1298.76,10.3174,https://coinmarketcap.com/currencies/bitgold/
421,ParallelCoin,DUO,$13322,$0.046401,287107,https://coinmarketcap.com/currencies/parallelcoin/
422,Bolivarcoin,BOLI,$12876,$0.002402,5361600,https://coinmarketcap.com/currencies/bolivarcoin/
423,WARP,WARP,$12739,$0.011631,1095224,https://coinmarketcap.com/currencies/warp/
424,Unrealcoin,URC,$12660,$0.001802,7024402,https://coinmarketcap.com/currencies/unrealcoin/
425,GAIA,GAIA,$12375,$0.000513,24101381,https://coinmarketcap.com/currencies/gaia/
426,Argentum,ARG,$12345,$0.001760,7013515,https://coinmarketcap.com/currencies/argentum/
427,HyperStake,HYP,$12128,$0.000031,385796097,https://coinmarketcap.com/currencies/hyperstake/
428,Tattoocoin (Standard Edition),TSE,$12045,$0.000210,57486806,https://coinmarketcap.com/currencies/tattoocoin/
429,Uro,URO,$12018,$0.009955,1207310,https://coinmarketcap.com/currencies/uro/
430,SecretCoin,SCRT,$11774,$0.002787,4224239,https://coinmarketcap.com/currencies/secretcoin/
431,GuccioneCoin,GCC,$11691,$0.000576,20285537,https://coinmarketcap.com/currencies/guccionecoin/
432,RevolverCoin,XRE,$10807,$0.000513,21048365,https://coinmarketcap.com/currencies/revolvercoin/
433,CryptoEscudo,CESC,$10675,$0.000074,144105100,https://coinmarketcap.com/currencies/cryptoescudo/
434,Evil Coin,EVIL,$10252,$0.000506,20268120,https://coinmarketcap.com/currencies/evil-coin/
435,Elementrem,ELE,$10230,$0.000462,22136685,https://coinmarketcap.com/currencies/elementrem/
436,JIO Token,JIO,$10009,$0.005246,1908128,https://coinmarketcap.com/currencies/jio-token/
437,PLNcoin,PLNC,$9670,$0.000566,17089600,https://coinmarketcap.com/currencies/plncoin/
438,CoExistCoin,COXST,$9669,$0.000356,27138905,https://coinmarketcap.com/currencies/coexistcoin/
439,ChessCoin,CHESS,$9664,$0.000186,51962517,https://coinmarketcap.com/currencies/chesscoin/
440,SongCoin,SONG,$9636,$0.000296,32565300,https://coinmarketcap.com/currencies/songcoin/
441,Kurrent,KURT,$9610,$0.001058,9079256,https://coinmarketcap.com/currencies/kurrent/
442,ARbit,ARB,$9257,$0.001614,5736260,https://coinmarketcap.com/currencies/arbit/
443,BunnyCoin,BUN,$9180,$9.1e-08,100780097011,https://coinmarketcap.com/currencies/bunnycoin/
444,ZiftrCOIN,ZRC,$9149,$0.000716,12773630,https://coinmarketcap.com/currencies/ziftrcoin/
445,Neutron,NTRN,$9123,$0.000723,12617684,https://coinmarketcap.com/currencies/neutron/
446,LanaCoin,LANA,$8543,$0.000014,617613699,https://coinmarketcap.com/currencies/lanacoin/
447,OctoCoin,888,$8540,$0.000189,45254029,https://coinmarketcap.com/currencies/octocoin/
448,UniQredit,UNIQ,$8074,$0.001090,7408872,https://coinmarketcap.com/currencies/uniqredit/
449,VapersCoin,VPRC,$8062,$0.000010,769414964,https://coinmarketcap.com/currencies/vaperscoin/
450,BeaverCoin,BVC,$8001,$0.002595,3083646,https://coinmarketcap.com/currencies/beavercoin/
451,Bitzeny,ZNY,$7923,$0.000105,75614500,https://coinmarketcap.com/currencies/bitzeny/
452,VIP Tokens,VIP,$7870,$0.000094,83450403,https://coinmarketcap.com/currencies/vip-tokens/
453,JobsCoin,JOBS,$7777,$0.000073,106019270,https://coinmarketcap.com/currencies/jobscoin/
454,MikeTheMug,MUG,$7768,$0.007847,990000,https://coinmarketcap.com/currencies/mikethemug/
455,Guncoin,GUN,$7694,$0.000052,146854778,https://coinmarketcap.com/currencies/guncoin/
456,Destiny,DES,$7623,$0.004764,1600000,https://coinmarketcap.com/currencies/destiny/
457,AntiBitcoin,ANTI,$7564,$0.000433,17465159,https://coinmarketcap.com/currencies/antibitcoin/
458,AllSafe,SAFE,$7440,$0.000010,710000000,https://coinmarketcap.com/currencies/allsafe/
459,DAPPSTER,DLISK,$7335,$0.000073,100000000,https://coinmarketcap.com/currencies/dappster/
460,Orlycoin,ORLY,$7303,$0.000199,36646779,https://coinmarketcap.com/currencies/orlycoin/
461,Steps,STEPS,$7217,$0.000388,18625017,https://coinmarketcap.com/currencies/steps/
462,Zurcoin,ZUR,$7088,$0.000094,75153708,https://coinmarketcap.com/currencies/zurcoin/
463,BumbaCoin,BUMBA,$6809,$0.000315,21624210,https://coinmarketcap.com/currencies/bumbacoin/
464,Spots,SPT,$6789,$0.000303,22406021,https://coinmarketcap.com/currencies/spots/
465,Bitcloud,BTDX,$6763,$0.000618,10939117,https://coinmarketcap.com/currencies/bitcloud/
466,MindCoin,MND,$6442,$0.000513,12546625,https://coinmarketcap.com/currencies/mindcoin/
467,OsmiumCoin,OS76,$6427,$0.007188,894026,https://coinmarketcap.com/currencies/osmiumcoin/
468,Emerald Crypto,EMD,$6352,$0.000335,18952675,https://coinmarketcap.com/currencies/emerald/
469,High Voltage,HVCO,$6253,$0.004185,1494171,https://coinmarketcap.com/currencies/high-voltage/
470,Crypto,CTO,$6157,$0.000713,8640611,https://coinmarketcap.com/currencies/crypto/
471,B3Coin,KB3,$6144,$0.022299,275552,https://coinmarketcap.com/currencies/b3coin/
472,bitEUR,BITEUR,$6102,$1.06,5777,https://coinmarketcap.com/currencies/biteur/
473,Acoin,ACOIN,$5997,$0.004915,1220085,https://coinmarketcap.com/currencies/acoin/
474,IslaCoin,ISL,$5980,$0.003950,1513704,https://coinmarketcap.com/currencies/islacoin/
475,GameBet Coin,GBT,$5974,$0.000283,21116259,https://coinmarketcap.com/currencies/gamebet-coin/
476,Alexium,AUM,$5955,$0.000293,20297336,https://coinmarketcap.com/currencies/alexium/
477,WMCoin,WMC,$5798,$0.000503,11527489,https://coinmarketcap.com/currencies/wmcoin/
478,Hommalicoin,HMC,$5726,$2.41,2374,https://coinmarketcap.com/currencies/hommalicoin/
479,Prototanium,PR,$5563,$0.028775,193323,https://coinmarketcap.com/currencies/prototanium/
480,Cashout,CSH,$5504,$0.000891,6179300,https://coinmarketcap.com/currencies/cashout/
481,G3N,G3N,$5230,$0.000692,7561891,https://coinmarketcap.com/currencies/genstake/
482,Tigercoin,TGC,$5018,$0.000115,43536800,https://coinmarketcap.com/currencies/tigercoin/
483,LeaCoin,LEA,$4895,$0.000021,231448800,https://coinmarketcap.com/currencies/leacoin/
484,Cubits,QBT,$4871,$0.000084,58101004,https://coinmarketcap.com/currencies/cubits/
485,PX,PX,$4775,$0.000073,65103005,https://coinmarketcap.com/currencies/px/
486,Franko,FRK,$4671,$0.007334,636950,https://coinmarketcap.com/currencies/franko/
487,Pura,PURA,$4467,$0.000021,213134027,https://coinmarketcap.com/currencies/pura/
488,EGO,EGO,$4401,$0.000073,60000001,https://coinmarketcap.com/currencies/ego/
489,SixEleven,611,$4362,$0.010835,402579,https://coinmarketcap.com/currencies/sixeleven/
490,LetItRide,LIR,$4361,$0.000126,34677622,https://coinmarketcap.com/currencies/letitride/
491,BitQuark,BTQ,$4349,$0.000608,7155671,https://coinmarketcap.com/currencies/bitquark/
492,NewYorkCoin,NYC,$4340,$7.3e-08,59719935819,https://coinmarketcap.com/currencies/newyorkcoin/
493,BitTokens,BXT,$4295,$0.009515,451386,https://coinmarketcap.com/currencies/bittokens/
494,Zonecoin,ZNE,$4217,$0.001633,2581970,https://coinmarketcap.com/currencies/zonecoin/
495,DigitalPrice,DP,$4179,$0.000201,20803996,https://coinmarketcap.com/currencies/digitalprice/
496,Francs,FRN,$4167,$0.002431,1714100,https://coinmarketcap.com/currencies/francs/
497,HamRadioCoin,HAM,$4112,$0.000833,4939211,https://coinmarketcap.com/currencies/hamradiocoin/
498,Eternity,ENT,$3978,$0.002196,1811949,https://coinmarketcap.com/currencies/eternity/
499,Pulse,PULSE,$3746,$0.000262,14298972,https://coinmarketcap.com/currencies/pulse/
500,C-Bit,XCT,$3703,$0.000031,117794250,https://coinmarketcap.com/currencies/c-bit/
501,PosEx,PEX,$3692,$0.001635,2258513,https://coinmarketcap.com/currencies/posex/
502,808Coin,808,$3504,$0.000094,37158838,https://coinmarketcap.com/currencies/808coin/
503,MustangCoin,MST,$3456,$0.005525,625586,https://coinmarketcap.com/currencies/mustangcoin/
504,DPAY,DPAY,$3334,$0.000042,79541001,https://coinmarketcap.com/currencies/dpay/
505,FuzzBalls,FUZZ,$3300,$0.000715,4614220,https://coinmarketcap.com/currencies/fuzzballs/
506,RonPaulCoin,RPC,$3112,$0.004345,716295,https://coinmarketcap.com/currencies/ronpaulcoin/
507,Xonecoin,XOC,$3068,$0.007304,420000,https://coinmarketcap.com/currencies/xonecoin/
508,Metal Music Coin,MTLMC3,$2681,$0.000034,79719140,https://coinmarketcap.com/currencies/metal-music-coin/
509,TajCoin,TAJ,$2636,$0.000681,3870409,https://coinmarketcap.com/currencies/tajcoin/
510,Blackstar,BSTAR,$2597,$0.000021,123916616,https://coinmarketcap.com/currencies/blackstar/
511,Bitcoin 21,XBTC21,$2493,$0.003144,793108,https://coinmarketcap.com/currencies/bitcoin-21/
512,iBank,IBANK,$2371,$0.000524,4526324,https://coinmarketcap.com/currencies/ibank/
513,Antilitecoin,ALTC,$2311,$0.000073,31512613,https://coinmarketcap.com/currencies/antilitecoin/
514,SydPak,SDP,$2288,$0.014492,157876,https://coinmarketcap.com/currencies/sydpak/
515,Cashcoin,CASH,$2208,$0.000063,35117011,https://coinmarketcap.com/currencies/cashcoin/
516,ImpulseCoin,IMPS,$2121,$0.000105,20245510,https://coinmarketcap.com/currencies/impulsecoin/
517,Dobbscoin,BOB,$2121,$0.000419,5060382,https://coinmarketcap.com/currencies/dobbscoin/
518,TAGRcoin,TAGR,$2026,$0.000052,38669634,https://coinmarketcap.com/currencies/tagrcoin/
519,PopularCoin,POP,$2004,$6e-07,3313064493,https://coinmarketcap.com/currencies/popularcoin/
520,Guarany,GUA,$1926,$0.005399,356748,https://coinmarketcap.com/currencies/guarany/
521,Rawcoin,XRC,$1699,$0.002410,704882,https://coinmarketcap.com/currencies/rawcoin2/
522,Eurocoin,EUC,$1611,$0.000500,3220632,https://coinmarketcap.com/currencies/eurocoin/
523,Impeachcoin,IMPCH,$1557,$0.005051,308179,https://coinmarketcap.com/currencies/impeachcoin/
524,Regacoin,REGA,$1532,$0.000052,29237053,https://coinmarketcap.com/currencies/regacoin/
525,Zoin,ZOI,$1517,$0.000272,5567000,https://coinmarketcap.com/currencies/zoin/
526,BOAT,BOAT,$1512,$0.000671,2255282,https://coinmarketcap.com/currencies/doubloon/
527,Aricoin,ARI,$1470,$0.000010,140262505,https://coinmarketcap.com/currencies/aricoin/
528,Money,$$$,$1443,$0.000031,45887218,https://coinmarketcap.com/currencies/money/
529,NodeCoin,NODC,$1389,$0.000828,1678439,https://coinmarketcap.com/currencies/nodecoin/
530,ChainCoin,CHC,$1289,$0.000136,9463967,https://coinmarketcap.com/currencies/chaincoin/
531,Litecred,LTCR,$1267,$0.000042,30227750,https://coinmarketcap.com/currencies/litecred/
532,Californium,CF,$1263,$0.011369,111110,https://coinmarketcap.com/currencies/californium/
533,PonziCoin,PONZI,$1146,$0.001331,861099,https://coinmarketcap.com/currencies/ponzicoin/
534,Selfiecoin,SLFI,$1130,$0.000010,107829281,https://coinmarketcap.com/currencies/selfiecoin/
535,UniCoin,UNIC,$1126,$0.000398,2826984,https://coinmarketcap.com/currencies/unicoin/
536,Dix Asset,DIX,$990,$0.659806,1500,https://coinmarketcap.com/currencies/dix-asset/
537,Photon,PHO,$988,$1.1e-07,8762016619,https://coinmarketcap.com/currencies/photon/
538,Save and Gain,SANDG,$931,$0.000304,3064800,https://coinmarketcap.com/currencies/save-and-gain/
539,BenjiRolls,BENJI,$830,$0.000052,15844704,https://coinmarketcap.com/currencies/benjirolls/
540,PWR Coin,PWR,$524,$0.000010,49983870,https://coinmarketcap.com/currencies/powercoin/
541,Enigma [XNG],XNG,$524,$0.031488,16627,https://coinmarketcap.com/currencies/enigma-xng/
542,Zcashshare,ZHS,$474,$0.000168,2826000,https://coinmarketcap.com/currencies/zcashshare/
543,Shilling,SH,$434,$0.000210,2069150,https://coinmarketcap.com/currencies/shilling/
544,P7Coin,P7C,$369,$0.000010,35220238,https://coinmarketcap.com/currencies/p7coin/
545,SwapToken,TOKEN,$368,$0.000010,35110531,https://coinmarketcap.com/currencies/swaptoken/
546,Dollar Online,DOLLAR,$340,$0.003846,88379,https://coinmarketcap.com/currencies/dollar-online/
547,CRTCoin,CRT,$166,$0.002096,79270,https://coinmarketcap.com/currencies/crtcoin/
548,Digital Credits,DGCS,$122,$0.000021,5826388,https://coinmarketcap.com/currencies/digital-credits/
549,PizzaCoin,PIZZA,$101,$0.000073,1377917,https://coinmarketcap.com/currencies/pizzacoin/
550,World Gold Coin,WGC,$65,$0.000021,3102200,https://coinmarketcap.com/currencies/world-gold-coin/
551,Rcoin,RCN,$1,$0.000010,106322,https://coinmarketcap.com/currencies/rcoin/
552,23 Skidoo,CHAO,?,$3416.06,?,https://coinmarketcap.com/currencies/23-skidoo/
553,Yescoin,YES,?,$11.95,?,https://coinmarketcap.com/currencies/yescoin/
554,Internet of People,IOP,?,$7.62,?,https://coinmarketcap.com/currencies/internet-of-people/
555,Fargocoin,FRGC,?,$6.32,?,https://coinmarketcap.com/currencies/fargocoin/
556,NxttyACCI,ACCI,?,$2.72,?,https://coinmarketcap.com/currencies/nxttyacci/
557,Pluton,PLU,?,$1.26,?,https://coinmarketcap.com/currencies/pluton/
558,Pioneershares,PIO,?,$1.26,?,https://coinmarketcap.com/currencies/pioneershares/
559,BFX,BFX,?,$0.839450,?,https://coinmarketcap.com/currencies/bfx/
560,FirstCoin,FRST,?,$0.719237,?,https://coinmarketcap.com/currencies/firstcoin/
561,LEOcoin,LEO,?,$0.448958,?,https://coinmarketcap.com/currencies/leocoin/
562,TeslaCoilCoin,TESLA,?,$0.345797,?,https://coinmarketcap.com/currencies/teslacoilcoin/
563,ClubCoin,CLUB,?,$0.330106,?,https://coinmarketcap.com/currencies/clubcoin/
564,Zilbercoin,ZBC,?,$0.319600,?,https://coinmarketcap.com/currencies/zilbercoin/
565,DynamicCoin,DMC,?,$0.298373,?,https://coinmarketcap.com/currencies/dynamiccoin/
566,Wowecoin,WEC,?,$0.278880,?,https://coinmarketcap.com/currencies/wowecoin/
567,Pabyosi Coin (Special),PCS,?,$0.221017,?,https://coinmarketcap.com/currencies/pabyosi-coin-special/
568,DECENT,DCT,?,$0.209574,?,https://coinmarketcap.com/currencies/decent/
569,GameUnits,UNITS,?,$0.184098,?,https://coinmarketcap.com/currencies/gameunits/
570,TRMB,TRMB,?,$0.145684,?,https://coinmarketcap.com/currencies/trmb/
571,WA Space,WA,?,$0.117906,?,https://coinmarketcap.com/currencies/wa-space/
572,AlpaCoin,APC,?,$0.117592,?,https://coinmarketcap.com/currencies/alpacoin/
573,EuroBitCoin,EB3C,?,$0.104284,?,https://coinmarketcap.com/currencies/eurobitcoin/
574,LandCoin,LDCN,?,$0.088545,?,https://coinmarketcap.com/currencies/landcoin/
575,TBCoin,TBC,?,$0.084159,?,https://coinmarketcap.com/currencies/tbcoin/
576,Hush,HUSH,?,$0.075559,?,https://coinmarketcap.com/currencies/hush/
577,InvisibleCoin,IVZ,?,$0.074388,?,https://coinmarketcap.com/currencies/invisiblecoin/
578,Bitgem,BTG,?,$0.072188,?,https://coinmarketcap.com/currencies/bitgem/
579,AxFunds,AXF,?,$0.063810,?,https://coinmarketcap.com/currencies/axfunds/
580,Wings,WINGS,?,$0.053452,?,https://coinmarketcap.com/currencies/wings/
581,President Johnson,GARY,?,$0.046567,?,https://coinmarketcap.com/currencies/president-johnson/
582,DeepWebCash,DWC,?,$0.043822,?,https://coinmarketcap.com/currencies/deepwebcash/
583,Omicron,OMC,?,$0.042820,?,https://coinmarketcap.com/currencies/omicron/
584,International Diamond,XID,?,$0.041915,?,https://coinmarketcap.com/currencies/international-diamond/
585,Golos Gold,GBG,?,$0.038457,?,https://coinmarketcap.com/currencies/golos-gold/
586,GBCGoldCoin,GBC,?,$0.037933,?,https://coinmarketcap.com/currencies/gbcgoldcoin/
587,Avoncoin,ACN,?,$0.037692,?,https://coinmarketcap.com/currencies/avoncoin/
588,Mind Gene,MG,?,$0.032589,?,https://coinmarketcap.com/currencies/mind-gene/
589,EDRCoin,EDRC,?,$0.026599,?,https://coinmarketcap.com/currencies/edrcoin/
590,TROPTIONS,TROPTIONS,?,$0.022957,?,https://coinmarketcap.com/currencies/troptions/
591,BigLifeCoin,LFC,?,$0.019961,?,https://coinmarketcap.com/currencies/biglifecoin/
592,RoyalCoin 2,RYCN,?,$0.019417,?,https://coinmarketcap.com/currencies/royalcoin-2/
593,KolschCoin,TP1,?,$0.011202,?,https://coinmarketcap.com/currencies/kolschcoin/
594,DeltaCredits,DCRE,?,$0.011089,?,https://coinmarketcap.com/currencies/deltacredits/
595,Timekoin,TK,?,$0.011000,?,https://coinmarketcap.com/currencies/timekoin/
596,President Trump,PRES,?,$0.008665,?,https://coinmarketcap.com/currencies/president-trump/
597,LeCoin,LEC,?,$0.008428,?,https://coinmarketcap.com/currencies/lecoin/
598,PROUD Money,PROUD,?,$0.008247,?,https://coinmarketcap.com/currencies/proud-money/
599,RoyalCoin,ROYAL,?,$0.006920,?,https://coinmarketcap.com/currencies/royalcoin/
600,VirtualCoin,VC,?,$0.005365,?,https://coinmarketcap.com/currencies/virtualcoin/
601,Lepaoquan,HLB,?,$0.004414,?,https://coinmarketcap.com/currencies/lepaoquan/
602,Advanced Internet Blocks,AIB,?,$0.004087,?,https://coinmarketcap.com/currencies/advanced-internet-blocks/
603,Alphabit,ABC,?,$0.003950,?,https://coinmarketcap.com/currencies/alphabitcoinfund/
604,Sharkcoin,SAK,?,$0.003489,?,https://coinmarketcap.com/currencies/sharkcoin/
605,EggCoin,EGG,?,$0.003364,?,https://coinmarketcap.com/currencies/eggcoin/
606,Happy Creator Coin,HCC,?,$0.002809,?,https://coinmarketcap.com/currencies/happy-creator-coin/
607,netBit,NBIT,?,$0.002699,?,https://coinmarketcap.com/currencies/netbit/
608,First Bitcoin,BIT,?,$0.002527,?,https://coinmarketcap.com/currencies/first-bitcoin/
609,Clinton,CLINT,?,$0.002389,?,https://coinmarketcap.com/currencies/clinton/
610,Digitalfund,DTF,?,$0.002330,?,https://coinmarketcap.com/currencies/digitalfund/
611,AvatarCoin,AV,?,$0.002190,?,https://coinmarketcap.com/currencies/avatarcoin/
612,ShellPay,SHELL,?,$0.002040,?,https://coinmarketcap.com/currencies/shellpay/
613,BagCoin,BGC,?,$0.002022,?,https://coinmarketcap.com/currencies/bagcoin/
614,Xaucoin,XAU,?,$0.001980,?,https://coinmarketcap.com/currencies/xaucoin/
615,President Sanders,BURN,?,$0.001865,?,https://coinmarketcap.com/currencies/president-sanders/
616,Psilocybin,PSY,?,$0.001551,?,https://coinmarketcap.com/currencies/psilocybin/
617,Motocoin,MOTO,?,$0.001403,?,https://coinmarketcap.com/currencies/motocoin/
618,RubleBit,RUBIT,?,$0.001153,?,https://coinmarketcap.com/currencies/rublebit/
619,Swiscoin,SCN,?,$0.001078,?,https://coinmarketcap.com/currencies/swiscoin/
620,Global Business Revolution,GBRC,?,$0.001048,?,https://coinmarketcap.com/currencies/global-business-revolution/
621,OCOW,OCOW,?,$0.000954,?,https://coinmarketcap.com/currencies/ocow/
622,TrickyCoin,TRICK,?,$0.000859,?,https://coinmarketcap.com/currencies/trickycoin/
623,T-coin,TCOIN,?,$0.000817,?,https://coinmarketcap.com/currencies/t-coin/
624,RichCoin,RICHX,?,$0.000780,?,https://coinmarketcap.com/currencies/richcoin/
625,FrankyWillCoin,FRWC,?,$0.000765,?,https://coinmarketcap.com/currencies/frankywillcoin/
626,MMXVI,MMXVI,?,$0.000744,?,https://coinmarketcap.com/currencies/mmxvi/
627,Bitcoin Scrypt,BTCS,?,$0.000734,?,https://coinmarketcap.com/currencies/bitcoin-scrypt/
628,GameLeagueCoin,GML,?,$0.000576,?,https://coinmarketcap.com/currencies/gameleaguecoin/
629,CHNCoin,CNC,?,$0.000455,?,https://coinmarketcap.com/currencies/chncoin/
630,GoldMaxCoin,GMX,?,$0.000377,?,https://coinmarketcap.com/currencies/goldmaxcoin/
631,Local Family Owned,LFO,?,$0.000375,?,https://coinmarketcap.com/currencies/local-family-owned/
632,Digital Bullion Gold,DBG,?,$0.000367,?,https://coinmarketcap.com/currencies/digital-bullion-gold/
633,Braincoin,BRAIN,?,$0.000314,?,https://coinmarketcap.com/currencies/braincoin/
634,SoonCoin,SOON,?,$0.000293,?,https://coinmarketcap.com/currencies/sooncoin/
635,Citadel,CTL,?,$0.000293,?,https://coinmarketcap.com/currencies/citadel/
636,Lazaruscoin,LAZ,?,$0.000283,?,https://coinmarketcap.com/currencies/lazaruscoin/
637,Opescoin,OPES,?,$0.000272,?,https://coinmarketcap.com/currencies/opescoin/
638,Dubstep,DUB,?,$0.000262,?,https://coinmarketcap.com/currencies/dubstep/
639,TodayCoin,TODAY,?,$0.000251,?,https://coinmarketcap.com/currencies/todaycoin/
640,SportsCoin,SPORT,?,$0.000251,?,https://coinmarketcap.com/currencies/sportscoin/
641,Bitcurrency,BTCR,?,$0.000241,?,https://coinmarketcap.com/currencies/bitcurrency/
642,Quebecoin,QBC,?,$0.000210,?,https://coinmarketcap.com/currencies/quebecoin/
643,BitAlphaCoin,BAC,?,$0.000210,?,https://coinmarketcap.com/currencies/bitalphacoin/
644,Peacecoin,PEC,?,$0.000189,?,https://coinmarketcap.com/currencies/peacecoin/
645,Operand,OP,?,$0.000179,?,https://coinmarketcap.com/currencies/operand/
646,PrismChain,PRM,?,$0.000168,?,https://coinmarketcap.com/currencies/prismchain/
647,TaoPay,TAO,?,$0.000168,?,https://coinmarketcap.com/currencies/taopay/
648,DarkLisk,DISK,?,$0.000157,?,https://coinmarketcap.com/currencies/darklisk/
649,LinkedCoin,LKC,?,$0.000147,?,https://coinmarketcap.com/currencies/linkedcoin/
650,UGAIN,GAIN,?,$0.000126,?,https://coinmarketcap.com/currencies/ugain/
651,AsicCoin,ASC,?,$0.000113,?,https://coinmarketcap.com/currencies/asiccoin/
652,Sakuracoin,SKR,?,$0.000105,?,https://coinmarketcap.com/currencies/sakuracoin/
653,LePen,LEPEN,?,$0.000094,?,https://coinmarketcap.com/currencies/lepen/
654,FedoraShare,FEDS,?,$0.000082,?,https://coinmarketcap.com/currencies/fedorashare/
655,LAthaan,LTH,?,$0.000073,?,https://coinmarketcap.com/currencies/lathaan/
656,Moneta,MONETA,?,$0.000063,?,https://coinmarketcap.com/currencies/moneta2/
657,Skeincoin,SKC,?,$0.000052,?,https://coinmarketcap.com/currencies/skeincoin/
658,MoneyCoin,MONEY,?,$0.000042,?,https://coinmarketcap.com/currencies/moneycoin/
659,Cashme,CME,?,$0.000031,?,https://coinmarketcap.com/currencies/cashme/
660,TheCreed,TCR,?,$0.000031,?,https://coinmarketcap.com/currencies/thecreed/
661,Aces,ACES,?,$0.000031,?,https://coinmarketcap.com/currencies/aces/
662,TeamUp,TEAM,?,$0.000031,?,https://coinmarketcap.com/currencies/teamup/
663,Wowcoin,WOW,?,$0.000031,?,https://coinmarketcap.com/currencies/wowcoin/
664,CyberCoin,CC,?,$0.000021,?,https://coinmarketcap.com/currencies/cybercoin/
665,PayPeer,PAYP,?,$0.000021,?,https://coinmarketcap.com/currencies/paypeer/
666,PabyosiCoin,PBC,?,$0.000021,?,https://coinmarketcap.com/currencies/pabyosicoin/
667,PokeCoin,POKE,?,$0.000021,?,https://coinmarketcap.com/currencies/pokecoin/
668,FitCoin,FIT,?,$0.000021,?,https://coinmarketcap.com/currencies/fitcoin/
669,Tellurion,TELL,?,$0.000021,?,https://coinmarketcap.com/currencies/tellurion/
670,ChoofCoin,CHOOF,?,$0.000021,?,https://coinmarketcap.com/currencies/choofcoin/
671,FireFlyCoin,FFC,?,$0.000010,?,https://coinmarketcap.com/currencies/fireflycoin/
672,UNCoin,UNC,?,$0.000010,?,https://coinmarketcap.com/currencies/uncoin/
673,X2,X2,?,$0.000010,?,https://coinmarketcap.com/currencies/x2/
674,SuperTurboStake,STRB,?,$0.000010,?,https://coinmarketcap.com/currencies/superturbostake/
675,Valorbit,VAL,?,$0.000010,?,https://coinmarketcap.com/currencies/valorbit/
676,SoulCoin,SOUL,?,$0.000010,?,https://coinmarketcap.com/currencies/soulcoin/
677,President Clinton,HILL,?,$0.000010,?,https://coinmarketcap.com/currencies/president-clinton/
678,Victoriouscoin,VTY,?,$0.000010,?,https://coinmarketcap.com/currencies/victoriouscoin/
679,Zcrypt,ZXT,?,$0.000010,?,https://coinmarketcap.com/currencies/zcrypt/
680,InflationCoin,IFLT,?,$0.000010,?,https://coinmarketcap.com/currencies/inflationcoin/
681,Safe Trade Coin,XSTC,?,$0.000010,?,https://coinmarketcap.com/currencies/safe-trade-coin/
682,Neptunecoin,NTC,?,$0.000010,?,https://coinmarketcap.com/currencies/neptunecoin/
683,PACcoin,$PAC,?,$9.6e-09,?,https://coinmarketcap.com/currencies/paccoin/
